comment_id,video_id,author_name,comment_text,like_count,published_at,fetched_at
UgxNNG3EDNPYbCfOWBt4AaABAg,dESIGVxSSCE,@tseries,Ready For Revenge?🔥🔥,14639,2026-03-12T06:42:51Z,2026-03-15T09:32:20.046650
UgxEUbHFiO4R8lXAt1h4AaABAg,dESIGVxSSCE,@Musicalbanda-0102,LADIES AND GENTLEMAN YOU ARE STILL NOT READY FOR THIS,12084,2026-03-12T06:42:41Z,2026-03-15T09:32:20.046650
Ugw-lPyJ9zoja54CU4Z4AaABAg,dESIGVxSSCE,@indrabora13,"<a href=""https://www.youtube.com/watch?v=dESIGVxSSCE&amp;t=68"">1:08</a>&quot;My Father raised me a Winner,<br>If I kill for my People,<br>It don&#39;t make me a Sinner&quot;🔥💣💀",7162,2026-03-12T07:18:17Z,2026-03-15T09:32:20.046650
Ugz0arARbYEDuAHV4wt4AaABAg,dESIGVxSSCE,@debasishupadhyaya6508,DON&#39;T FORGET TO APPRECIATE THE RAP ARTIST &quot;REBEL&quot;💀,4354,2026-03-12T13:00:10Z,2026-03-15T09:32:20.046650
UgwmZ9lpzjtCHj5es4d4AaABAg,dESIGVxSSCE,@madovereditzx,Theatre experience ☠️🥵,744,2026-03-13T16:52:51Z,2026-03-15T09:32:20.046650
UgysfM47e7ueo0QNZ0N4AaABAg,dESIGVxSSCE,@harikaranv3582,Listening on headphones itself is giving goosebumps 🥶,8808,2026-03-12T08:45:33Z,2026-03-15T09:32:20.046650
UgxTjmvSBYLNxQxvjp54AaABAg,dESIGVxSSCE,@AnimeXArtofficial,Toxic :- Daddy&#39;s Home<br>Dhurandhar :- Ghar pe hi raho bete,18390,2026-03-12T06:48:36Z,2026-03-15T09:32:20.046650
UgyTYq3Dkan9qn436Up4AaABAg,dESIGVxSSCE,@AJINKYA9933,Ranveer will never forget ADITYA Dhar In whole life. What a comeback he has given to him. ADITYA DHAR. You are best,6627,2026-03-12T07:46:07Z,2026-03-15T09:32:20.046650
Ugzn4g0BdlHXLUTX8EB4AaABAg,dESIGVxSSCE,@bavardebybirth,Guys spotify mein full version suno jaake....CRAZYY rap and vocals!,120,2026-03-13T16:08:50Z,2026-03-15T09:32:20.046650
Ugxf1hOsPPluo-4MsGh4AaABAg,dESIGVxSSCE,@GautamKumar-sj4ih,"Shashwat Sachdev bro, your music gave the trailer a whole new level of hype 🤩🤩🤩🤩",9672,2026-03-12T08:44:34Z,2026-03-15T09:32:20.046650
UgzHpe1TKDZpBxZiQ2x4AaABAg,dESIGVxSSCE,@Shortswithhampty,"What kind of song is this 🔥 even theatre speakers will start shaking, can not wait to hear it in the theatres 🥵",8492,2026-03-12T08:50:04Z,2026-03-15T09:32:20.046650
UgyFN4loOyn9ZJpSITJ4AaABAg,dESIGVxSSCE,@Rinu-b5k,"<a href=""https://www.youtube.com/watch?v=dESIGVxSSCE&amp;t=70"">1:10</a> &quot;IF I KILL FOR MY PEOPLE,IT DON&#39;T MAKE ME A SINNER &quot; 📈📈<br> Just pure goosebumps 🔥🔥",504,2026-03-12T16:55:56Z,2026-03-15T09:32:20.046650
UgxqZhwTzUPY9iyp-n54AaABAg,dESIGVxSSCE,@satyaprakaas.jiiiiii,Dhurandhar: The Spy 🔥💯💀<br>Dhurandhar: The Revenge 🔥 💯💪🔝☠️<br><br>Both smashed the YRF spy universe 😅,66,2026-03-14T08:17:19Z,2026-03-15T09:32:20.046650
UgxnKWsSNgErSO4iTPB4AaABAg,dESIGVxSSCE,@MSSHASULTAN,Dhurandhar 1: (title track)<br>Dhurandhar 2: ( Aari Aari)..<br> <br>Both are deadly combination...🔥🔥🔥,4021,2026-03-12T06:43:18Z,2026-03-15T09:32:20.046650
Ugzejy38UTiDHbDrOMt4AaABAg,dESIGVxSSCE,@VaibhavSingh-oj4vx,Kummindhi ga Shashwat sachdev bgm dhurandar title track lo 🥵💥,2403,2026-03-12T08:09:03Z,2026-03-15T09:32:20.046650
UgzpKRgJozdZfYyzZHd4AaABAg,dESIGVxSSCE,@diegosimemoane,2025 : FA9LA by Akshaye Khanna <br>2026 : Aari Aari by Ranveer,1183,2026-03-12T09:36:22Z,2026-03-15T09:32:20.046650
UgzMeYcbXIzyB6iOFHl4AaABAg,dESIGVxSSCE,@KaushikBaishyaYT,Ranveer Singh ne kya comeback kiya hai bhai<br>Just wow 💀,35,2026-03-13T16:28:23Z,2026-03-15T09:32:20.046650
Ugy35SYnl907GbpyuHN4AaABAg,dESIGVxSSCE,@samarrr.123,From SHOLAY to BAHUBALI.<br>Now it&#39;s the roar of DHURANDHAR.<br>Win of our Indian cinema guys !!! <br>Let&#39;s live itt fully &amp;<br>abki baari AARI AARI........<br>❤️❤️❤️❤️,664,2026-03-12T19:46:38Z,2026-03-15T09:32:20.046650
UgxOiSwPTUWkzWDxkbp4AaABAg,dESIGVxSSCE,@Priyanshu_ff_001,Movie: 10/10<br>Actor: 10/10<br>Actress: 10/10<br>Villain: 10/10<br>Cast: 10/10<br>Story: 10/10<br>Screen play: 10/10<br>Dailogues: 10/10<br>Action: 10/10<br>Direction: 10/10<br>Songs: 10/10<br>                                   This is called complete cinema 🗿,999,2026-03-12T08:24:04Z,2026-03-15T09:32:20.046650
Ugy9Usxdu18SjSUHQTN4AaABAg,dESIGVxSSCE,@vinitislive1745,Testrotone high 🆙📈,663,2026-03-12T07:59:54Z,2026-03-15T09:32:20.046650
Ugwv22BLVMOmMcWjvaZ4AaABAg,MLU5ZEp9YDo,@nickicole-k1y,Who&#39;s watching this on Saturday  March 14 th?,82,2026-03-14T21:15:10Z,2026-03-15T09:32:21.520941
UgzVRQT7zch_OLaBA3N4AaABAg,MLU5ZEp9YDo,@Yutaaakio,"<a href=""https://www.youtube.com/watch?v=MLU5ZEp9YDo&amp;t=90"">1:30</a> ammo OG!!  🔥🔥<br>💀💀☠☠💀💀",187,2026-03-14T20:31:56Z,2026-03-15T09:32:21.520941
UgxxkrBEoVWYZFn7f-B4AaABAg,MLU5ZEp9YDo,@nurhanida-v8u,"Who&#39;s watching this on March 14, 2026? Not alone.",91,2026-03-14T19:33:08Z,2026-03-15T09:32:21.520941
Ugy0IrFPCXJeOEX232l4AaABAg,MLU5ZEp9YDo,@AnimeFilmUpdates,ఇక్కడ ఎంతమంది పవన్ కళ్యాణ్ అభిమానులు ఉన్నారు ✋✅🔥,19,2026-03-15T01:49:42Z,2026-03-15T09:32:21.520941
Ugz9j1Hjrgu9XZUggV14AaABAg,MLU5ZEp9YDo,@mogandass9229,"<a href=""https://www.youtube.com/watch?v=MLU5ZEp9YDo&amp;t=90"">1:30</a> reminds back that OG movie scene❤❤❤❤",78,2026-03-14T13:36:07Z,2026-03-15T09:32:21.520941
UgxptP9WNrJx2U_ZQU14AaABAg,MLU5ZEp9YDo,@MamithaOfficial7973,All India PSPK Fans Assemble Button ❤,155,2026-03-14T13:00:47Z,2026-03-15T09:32:21.520941
UgzkyZjA0C-u5bg2KER4AaABAg,MLU5ZEp9YDo,@bhargavguthi9293,Dsp music<br>And Thaman background music,52,2026-03-14T17:52:16Z,2026-03-15T09:32:21.520941
UgxaBx-PX3HobAF73hZ4AaABAg,MLU5ZEp9YDo,@Rajeshr8617,Disappointed with BGM DSP BGM missing 😢😢,5,2026-03-15T03:34:02Z,2026-03-15T09:32:21.520941
UgyAEnZybDWI321RNYh4AaABAg,MLU5ZEp9YDo,@ramchandrayt1643,"<a href=""https://www.youtube.com/watch?v=MLU5ZEp9YDo&amp;t=79"">1:19</a> as Sanjay sahoo ❤❤",127,2026-03-14T14:10:25Z,2026-03-15T09:32:21.520941
Ugzqu2Q0E1pdppAgBFp4AaABAg,MLU5ZEp9YDo,@abhid8898,❤❤ ఈసారి పర్ఫామెన్స్ బద్దలై పోద్ది❤❤వన్ N ఓన్లీ PSPK 💥,61,2026-03-14T14:13:27Z,2026-03-15T09:32:21.520941
UgwXegMLtcq3HZvK6Nh4AaABAg,MLU5ZEp9YDo,@kpardharam4505,"#<a href=""https://www.youtube.com/watch?v=MLU5ZEp9YDo&amp;t=51"">0:51</a> that tholiprema interlude🎉🎉🎉 <a href=""http://www.youtube.com/results?search_query=%23thaman"">#thaman</a> ❤❤❤❤",79,2026-03-14T13:09:57Z,2026-03-15T09:32:21.520941
Ugy8eVIpI0H24BGmkxF4AaABAg,MLU5ZEp9YDo,@suresht7162,ఎందన్నా ఇది మాస్ మారణహోమం లా ఉంది ✅✅👌👌👌👌🎥🎥🎥💯💯💯💯💯🌟🌟🌟🌟🌟❤️❤️❤️❤️👌👌👌👌👌✅✅✅✅,7,2026-03-14T18:19:44Z,2026-03-15T09:32:21.520941
Ugxul5pYUcgpEY_6YNl4AaABAg,MLU5ZEp9YDo,@gugulothuravi24,ఇక్కడ పవన్ కళ్యాణ్ ఫ్యాన్స్ ఫాలోయింగ్ ఎంత మంది ఉన్నారు,81,2026-03-14T13:39:52Z,2026-03-15T09:32:21.520941
UgyJpxdSw1NCG6V1evB4AaABAg,MLU5ZEp9YDo,@greenbowlfarming7203,ఈసారి పెర్ఫార్మన్స్ బద్దలు అయిపోతుంది❤,54,2026-03-14T13:53:01Z,2026-03-15T09:32:21.520941
Ugxqgb5dQ1hFKutF1-54AaABAg,MLU5ZEp9YDo,@siddarthbabu2299,Harish+ pawan = deadly combo 💥💥💥,137,2026-03-14T13:03:37Z,2026-03-15T09:32:21.520941
Ugwqn3avDgMl7chnv_J4AaABAg,MLU5ZEp9YDo,@chinu6847,4.60M views record loading 🎉,7,2026-03-15T00:53:02Z,2026-03-15T09:32:21.520941
Ugzt_3K3TpecpJ0EoI14AaABAg,MLU5ZEp9YDo,@yash5567,Ustaad Oocha Kotha 💥💥🤙🏻🤙🏻🤙🏻,133,2026-03-14T13:00:39Z,2026-03-15T09:32:21.520941
UgwH46dxEO63bzgXMnN4AaABAg,MLU5ZEp9YDo,@nivasindian,ఫ్యామిలీస్ కీ కావలసిన అన్ని హంగులు ఉన్నాయి.... ఇది చాలు.... బ్లాక్ బస్టర్... ఇవ్వడానికి....,130,2026-03-14T14:43:11Z,2026-03-15T09:32:21.520941
UgyEUdsBsilz1jKTkzd4AaABAg,MLU5ZEp9YDo,@NGopi-w3d,ఈ దేశపు మగవాడు బొట్టు పెడితే ఎల ఉంటదో చూస్తావ చూస్తావా🥵🥵🥵🔥 <br> Goosebumps dialogue🔥🔥🔥🔥🔥❤️❤️😘,192,2026-03-14T13:29:18Z,2026-03-15T09:32:21.520941
Ugzj3ihv9FmJNad0H9x4AaABAg,MLU5ZEp9YDo,@happy-queen,సంతోషంగా ఉండటం అంటే మన జీవితాన్ని మనం లైక్ చేయటం ఎవడెవడో మన జీవితానికి లైకులు కొట్టడం కాదు ❤❤❤❤<br>ఇచ్చిపడేసే గోత్రం ఇరగదీసే నక్షత్రం 🎉,18,2026-03-14T18:01:02Z,2026-03-15T09:32:21.520941
UgwH1MDvCTHGEXu6DiJ4AaABAg,PQxomB2-C34,@shubhgupta4270,Last two matches absolute cinema🥶💫 soul godl both well played ❤️‍🩹🫂,246,2026-03-14T14:05:21Z,2026-03-15T09:32:22.199512
UgzuWd0Vcx708-66V8J4AaABAg,PQxomB2-C34,@Yashxyz-y2b,Soul x Godl....elclassico💛🚀...greatest rivalry 💀,212,2026-03-14T14:07:59Z,2026-03-15T09:32:22.199512
Ugw01uHvYxQjf9uw3Nh4AaABAg,PQxomB2-C34,@yashwantsinh1,"1st Match <a href=""https://www.youtube.com/watch?v=PQxomB2-C34&amp;t=1946"">32:26</a><br>2nd Match <a href=""https://www.youtube.com/watch?v=PQxomB2-C34&amp;t=4366"">1:12:46</a><br>3rd Match <a href=""https://www.youtube.com/watch?v=PQxomB2-C34&amp;t=6586"">1:49:46</a><br>4th Match <a href=""https://www.youtube.com/watch?v=PQxomB2-C34&amp;t=9116"">2:31:56</a><br>5th Match <a href=""https://www.youtube.com/watch?v=PQxomB2-C34&amp;t=11475"">3:11:15</a><br>6th Match <a href=""https://www.youtube.com/watch?v=PQxomB2-C34&amp;t=13986"">3:53:06</a><br>Overall standings <a href=""https://www.youtube.com/watch?v=PQxomB2-C34&amp;t=16091"">4:28:11</a><br>Tournament MVP <a href=""https://www.youtube.com/watch?v=PQxomB2-C34&amp;t=16200"">4:30:00</a><br>Tournament IGL <a href=""https://www.youtube.com/watch?v=PQxomB2-C34&amp;t=16251"">4:30:51</a>",315,2026-03-14T14:08:27Z,2026-03-15T09:32:22.199512
UgzMLegU_-kQHMktLBF4AaABAg,PQxomB2-C34,@yashgamer6416,As a soul fan W soul vs Godl fight 🚀💛<br>W match<br>W jonathan🐐 vs goblin🐐 <br>Overall W no hate 🚀💛<br>2 bhai 2no tabahi (jonathan goblin )(soul godl)🚀💛🚀💛,334,2026-03-14T14:15:17Z,2026-03-15T09:32:22.199512
UgzXveSfGxks_VC_wfV4AaABAg,PQxomB2-C34,@arpanchikate,"OVERALL Standing <a href=""https://www.youtube.com/watch?v=PQxomB2-C34&amp;t=16090"">04:28:10</a><br>GODL vs SOUl  <a href=""https://www.youtube.com/watch?v=PQxomB2-C34&amp;t=13237"">03:40:37</a><br>goblin VS jonathan <a href=""https://www.youtube.com/watch?v=PQxomB2-C34&amp;t=13279"">03:41:19</a>",61,2026-03-14T14:10:23Z,2026-03-15T09:32:22.199512
Ugz01ZGyjBlhnosjy4J4AaABAg,PQxomB2-C34,@Reo-57,Team Soul 🚀🚀🚀🚀 <br>BGMS KI VIBES AANE LAGI HAI PEAK OF BGMI,25,2026-03-14T15:07:16Z,2026-03-15T09:32:22.199512
UgzdP1r1qJWWBwlOKzJ4AaABAg,PQxomB2-C34,@YashMaheshwari-ku2pn,Spower kya khela hai akele carry kar le gya last match main 🗿🗿 admino back in the form on lan 👍👍🌚,97,2026-03-14T14:19:04Z,2026-03-15T09:32:22.199512
UgxjcnckI5gUYgh8mAF4AaABAg,PQxomB2-C34,@Sahid__6,IQOOSOUL 🚀🚀🤫,21,2026-03-14T14:05:25Z,2026-03-15T09:32:22.199512
Ugw9GfWRUyLiqZgwaSF4AaABAg,PQxomB2-C34,@DipakKurmi-v3t,Spower jysa koi nhi🙏🧿💛💛,10,2026-03-14T16:32:21Z,2026-03-15T09:32:22.199512
UgwXPuJrpYrwfIE_w7d4AaABAg,PQxomB2-C34,@MR_BOMBASTIC._.,Today GENESIS ruled <br>9 matches 59<br>3 matches 52 💀 17+ average 🗿💀,26,2026-03-14T14:35:57Z,2026-03-15T09:32:22.199512
Ugzkdz7RSBTnxojoH254AaABAg,PQxomB2-C34,@halalbro.01,"<a href=""https://www.youtube.com/watch?v=PQxomB2-C34&amp;t=13285"">3:41:25</a> Pure 1v1 🐐",24,2026-03-14T14:43:30Z,2026-03-15T09:32:22.199512
Ugya0nGzMRcd2wti6BF4AaABAg,PQxomB2-C34,@justt.chinuu,Dil se S8UL 🧿🤌🏻,16,2026-03-14T14:07:02Z,2026-03-15T09:32:22.199512
UgwDoeY_T7G1N3FdcTV4AaABAg,PQxomB2-C34,@lazyman-o4r,"<a href=""https://www.youtube.com/watch?v=PQxomB2-C34&amp;t=13302"">3:41:42</a> Loved the way how crowd cheered for Team Soul throughout the day 🧿❤",91,2026-03-14T14:07:14Z,2026-03-15T09:32:22.199512
UgyLsNPT26LgHgU1DBp4AaABAg,PQxomB2-C34,@anshu45-b,Soulike 💛🚀 both played well jonathan and goblin ❤,11,2026-03-14T15:50:09Z,2026-03-15T09:32:22.199512
UgzIKZlBJsZE5DRjqwZ4AaABAg,PQxomB2-C34,@RemixShorts010,Godl 3 matches 31 points <br>Overall standing total points 100,10,2026-03-14T17:00:27Z,2026-03-15T09:32:22.199512
UgynLR6wP11quvRuHm54AaABAg,PQxomB2-C34,@CYBERROKZ,Godl  is only team in #6 without chicken 🔥❤️‍🔥,46,2026-03-14T14:26:56Z,2026-03-15T09:32:22.199512
Ugz6clBtMOH7sy0dVU94AaABAg,PQxomB2-C34,@X-StingSpark,"<a href=""https://www.youtube.com/watch?v=PQxomB2-C34&amp;t=13800"">3:50:00</a> 😂 Tribute to Scout Bhai 🤣🤣",107,2026-03-14T15:55:57Z,2026-03-15T09:32:22.199512
Ugyvjd-UAbhbWdCctfZ4AaABAg,PQxomB2-C34,@vaibhavsinghchauhan2801,Soul soul soul 🚀🚀🚀🚀🚀🚀🚀🚀,12,2026-03-14T14:14:41Z,2026-03-15T09:32:22.199512
UgzcFtYb5U0ptvoPKWV4AaABAg,PQxomB2-C34,@Bts_bangtan-7king-s,Og ka comeback aaya kya aaj maine miss kr diya??,7,2026-03-14T14:06:11Z,2026-03-15T09:32:22.199512
UgwQmv8bMSf5PYz-hhl4AaABAg,PQxomB2-C34,@think_deeply6,"Maza aa gaya,kuch bhi kaho",6,2026-03-14T14:05:02Z,2026-03-15T09:32:22.199512
UgwVNFGuK4S3uPA7k194AaABAg,in-VYGclxQw,@Mahesh-j2w5r,నేడు జనసేన ఆవిర్భావ దినోత్సవం జై జనసేన,144,2026-03-14T01:20:11Z,2026-03-15T09:32:23.208276
Ugz5zHSFzhsPc-W1iUd4AaABAg,in-VYGclxQw,@jaisrientertainment9589,సినిమా పెద్ద హిట్ అవ్వాలని కోరుకున్నారు ఎంత మంది ఉన్నారు ఇక్కడ,382,2026-03-12T11:32:45Z,2026-03-15T09:32:23.208276
UgwYxr9J1cGGvAvR48B4AaABAg,in-VYGclxQw,@avikmallick6814,Dsp with __cm of karnataka<br><br>From west bengal 😁,50,2026-03-13T19:31:04Z,2026-03-15T09:32:23.208276
UgzsSX2VsEEQ-JBPRFx4AaABAg,in-VYGclxQw,@ShivaDSPFan,ఇక్కడ దేవి శ్రీ ప్రసాద్ గారి అభిమానులు ఉన్నారా ✊,916,2026-03-12T13:34:54Z,2026-03-15T09:32:23.208276
UgzX1Da576Ad3aOPXIx4AaABAg,in-VYGclxQw,@meesalaabhishikth3706,Vintage DSP + Pawan Kalyan Moves = Absolute Cinema 🤙🔥,330,2026-03-12T15:58:02Z,2026-03-15T09:32:23.208276
Ugym23RYlmj02D8zHxF4AaABAg,in-VYGclxQw,@v6avikuma699,నేను అల్లు అర్జున్ అభిమాని  All the best Pawan Kalyan gaaru,17,2026-03-12T16:35:46Z,2026-03-15T09:32:23.208276
UgwfPiaB_s9IeyKqsZN4AaABAg,in-VYGclxQw,@julayikiran5106,Vintage DSP 🔥🔥🔥🔥🔥 POWER STAR 🔥🔥🔥🔥,222,2026-03-12T11:52:58Z,2026-03-15T09:32:23.208276
UgzxHz98ZIAUHT4AiVl4AaABAg,in-VYGclxQw,@Neekosamevacha,Ustaad Bhagat Singh సినిమా ఫస్ట్ రోజు చూసే వాళ్లు ఎంతమంది ❤❤❤,317,2026-03-12T11:33:42Z,2026-03-15T09:32:23.208276
UgycwRQPayLE10Fg7el4AaABAg,in-VYGclxQw,@tkarthikeya5888,"Gabber singh gang undhi ante peddaga edho plan chesthunnaru <a href=""https://www.youtube.com/watch?v=in-VYGclxQw&amp;t=20"">0:20</a> 🔥🔥🔥",58,2026-03-12T18:26:48Z,2026-03-15T09:32:23.208276
UgxkgLtqJFqKiJfn5bZ4AaABAg,in-VYGclxQw,@Neekosamevacha,ఇక్కడ పవన్ కళ్యాణ్ గారి అభిమానులు ఎంతమంది ఉన్నారు ❤❤❤,114,2026-03-12T11:32:24Z,2026-03-15T09:32:23.208276
UgxbvbjJqwrUo8WIG1V4AaABAg,in-VYGclxQw,@venkaiahannabathula1118,"Song promo కన్నా, full song adiripoyindi. Jai power*❤",652,2026-03-12T12:39:19Z,2026-03-15T09:32:23.208276
UgyP__PmxVcMrLrSWwR4AaABAg,in-VYGclxQw,@pvijayraj7804,PsPk Rocking Dance 🕺 ♥️ 👏👏👏👌👌👌👌Superb 👌👌👌👌👌👌,1,2026-03-13T02:43:42Z,2026-03-15T09:32:23.208276
UgxERbghp9jPJITVyX94AaABAg,in-VYGclxQw,@ssc9685,DSP is back ❤❤❤ if Dsp vocal was there next level 🔥🔥🔥🔥🔥,71,2026-03-12T14:09:05Z,2026-03-15T09:32:23.208276
UgyhaqbIjlI07P7JHWB4AaABAg,in-VYGclxQw,@kumardsp3117,ಸಂಗೀತ - ದೇವಿ ಶ್ರೀ ಪ್ರಸಾದ್ ❤🔥🔥🔥🔥,91,2026-03-12T11:31:38Z,2026-03-15T09:32:23.208276
UgwxCcZsTQYwaMFHU8R4AaABAg,in-VYGclxQw,@KaranamGovindaRao-r3v,Annaya movie dole mari ....e sari......power star Pawan Kalyan cult fans eakkada uvunnaru,26,2026-03-13T00:03:44Z,2026-03-15T09:32:23.208276
UgwTKt7LG5dTL6Cp-FR4AaABAg,in-VYGclxQw,@TTMtrending,పవన్ కళ్యాణ్ అభిమానులు ఎంత మంది ఉన్నారు❤,71,2026-03-12T11:32:04Z,2026-03-15T09:32:23.208276
UgyeT9wbygsCjKrzFQl4AaABAg,in-VYGclxQw,@ramakrishna-cf3ls,Dsp dsp dsp... music ka boss ...❤ Never disappoint to anyone...,60,2026-03-12T12:26:34Z,2026-03-15T09:32:23.208276
Ugz1ZN25548SuIrBGAh4AaABAg,in-VYGclxQw,@nitinmirajkar2134,Pawan Kalyan fan from Western region of Maharashtra.,13,2026-03-13T13:47:54Z,2026-03-15T09:32:23.208276
Ugzvp-J3xGUwoLc9HEp4AaABAg,in-VYGclxQw,@kcreations5802,"<a href=""https://www.youtube.com/watch?v=in-VYGclxQw&amp;t=50"">0:50</a> Dance<br><a href=""https://www.youtube.com/watch?v=in-VYGclxQw&amp;t=93"">1:33</a> collared etthara<br><a href=""https://www.youtube.com/watch?v=in-VYGclxQw&amp;t=232"">3:52</a> Johny vibes ❤",318,2026-03-12T11:37:25Z,2026-03-15T09:32:23.208276
UgyppHOuujorSeGa5uN4AaABAg,in-VYGclxQw,@MUSICAL_BLAST,ఇదిరా పాట అంటే పగిలిపోయింది నీ దగ్గర నుంచి కోరుకునేది ఇదే DSP 🔥🔥🔥🔥🔥🔥🔥🔥 థియేటర్స్ లో పునకాలే,193,2026-03-12T11:34:54Z,2026-03-15T09:32:23.208276
UgxVUgCRxGWLcDaGpEF4AaABAg,D6sCbIv4N7Y,@Trivedishree-h1d,Kartik ke pappaji aagaye 😂🤪😜🤣.,11398,2026-03-12T06:22:10Z,2026-03-15T09:32:26.207016
Ugx2d2qTay8C4vSgFit4AaABAg,D6sCbIv4N7Y,@ACTOR-SUMIT_12,KING OF COMEDY FANS ATTENDENCE HERE 😂😂😂,6374,2026-03-12T05:44:40Z,2026-03-15T09:32:26.207016
UgxzDMCzkVKyhgxN_-x4AaABAg,D6sCbIv4N7Y,@Maybemiles_C,Miss You Ashrani sir.,244,2026-03-13T09:50:04Z,2026-03-15T09:32:26.207016
UgzfHcyJOyW2EHruv6R4AaABAg,D6sCbIv4N7Y,@JayPrakash91538,Akhir kar Akshay Kumar apne purane comedy andaj me wapas aate hue😊😊😅😅😂,308,2026-03-13T17:16:15Z,2026-03-15T09:32:26.207016
UgyDqNcwGkQoSsO3MVZ4AaABAg,D6sCbIv4N7Y,@AmitSharmasAcademy,"<a href=""https://www.youtube.com/watch?v=D6sCbIv4N7Y&amp;t=83"">1:23</a> pura bhul bhulaiya team aa gayi ab bhul bhulaiya frenchise ka kya joga😂😂😂",2280,2026-03-12T09:34:58Z,2026-03-15T09:32:26.207016
UgzE5aRluvPn87XliZt4AaABAg,D6sCbIv4N7Y,@AakashKale-sg7zw,Finally Bollywood is back with Comedy 😂😂,1458,2026-03-12T06:08:26Z,2026-03-15T09:32:26.207016
Ugzu5e9g2-ETZUrE5hx4AaABAg,D6sCbIv4N7Y,@SUDHANSHUGOEL-t5s,This is Actual Bhool Bhulaiya 2<br>I really miss this team and old set of bhool bhulaiya 1,372,2026-03-13T12:51:18Z,2026-03-15T09:32:26.207016
Ugw5ZM03DDcgH-N9EvR4AaABAg,D6sCbIv4N7Y,@mdtanvir2863,"Akshay Kumar, Paresh Rawal Rajpal Yadav all are in one frame,<br><br>Must comedy 😂",35,2026-03-14T13:01:35Z,2026-03-15T09:32:26.207016
Ugz1ENbPI0O6gYCd8294AaABAg,D6sCbIv4N7Y,@TheA2zpoint,"<a href=""https://www.youtube.com/watch?v=D6sCbIv4N7Y&amp;t=25"">0:25</a> ye hashi muje bhut pasand hai 😂😂",2875,2026-03-12T07:15:57Z,2026-03-15T09:32:26.207016
Ugw4frsvUirrAVj_rLV4AaABAg,D6sCbIv4N7Y,@khanmuzzammil3471,Priyadarshan &amp; Akshay. Childhood Memories. This is actual Bhool Bhulaiya 2,1414,2026-03-12T22:28:33Z,2026-03-15T09:32:26.207016
UgzUz9cQkb0HBtemlA54AaABAg,D6sCbIv4N7Y,@kunalkurjekar6873,That&#39;s OG AK back with osm smile 😂😂😂😂,50,2026-03-13T10:42:48Z,2026-03-15T09:32:26.207016
UgxjCBsQj8HSR1Hq3rp4AaABAg,D6sCbIv4N7Y,@RakshitaRanjan,OMG its almost 19 year <br>2007 Bhool Bhulaiya<br>2026 bhoot bangla,132,2026-03-14T10:44:33Z,2026-03-15T09:32:26.207016
Ugzb5DnFpH1e3FIc3zF4AaABAg,D6sCbIv4N7Y,@FlickFusionRells,Akshay Kumar fans assemble here ❤,260,2026-03-12T05:48:03Z,2026-03-15T09:32:26.207016
Ugx7Z4w5o2h9Kzi8xMB4AaABAg,D6sCbIv4N7Y,@IronManAvenger-3099,"<a href=""https://www.youtube.com/watch?v=D6sCbIv4N7Y&amp;t=72"">1:12</a> Akshay Kumar ka Raju Mode On , best part 😅😅",255,2026-03-12T06:43:45Z,2026-03-15T09:32:26.207016
UgwQL_0r553t-Wrom3t4AaABAg,D6sCbIv4N7Y,@SherazKhan-rb6oc,"<a href=""https://www.youtube.com/watch?v=D6sCbIv4N7Y&amp;t=27"">0:27</a> The OGs Are Back!!! 😍😍 The BBB Due Akki x Priyadarshan",700,2026-03-12T05:44:03Z,2026-03-15T09:32:26.207016
UgxHDJGmrzceIMMQoJt4AaABAg,D6sCbIv4N7Y,@BerNum2.0,Movie Trailer ❌<br>Akshay Comeback ✅,7,2026-03-14T07:08:42Z,2026-03-15T09:32:26.207016
UgysymFs0R8kGxRxX_94AaABAg,D6sCbIv4N7Y,@nikhil1940,Raju be like -Paisa hi paisa hoga 🤑,81,2026-03-12T18:57:58Z,2026-03-15T09:32:26.207016
Ugwczz5ZcsgTitx59gt4AaABAg,D6sCbIv4N7Y,@Jigyaskasyap2070,Tabu with kartik 🤡<br>Tabu with akshay 🗿,6351,2026-03-12T08:32:16Z,2026-03-15T09:32:26.207016
UgzxBEBRYv8WmqDVgPV4AaABAg,D6sCbIv4N7Y,@Ayush-g5w2z,Akshay x Priyadarshan = Full dose of Comedy 🤣,290,2026-03-12T07:02:04Z,2026-03-15T09:32:26.207016
UgzF_2wDS4zZvOlxWMl4AaABAg,D6sCbIv4N7Y,@iosmit,Bring back the old color grading from old Priyadarshan movies. They had a certain raw look and feel to it. This feels too smooth and refined. I mean just look at the dark scenes and shots from this film to Bhool Bhulaiya. This has a blueish effect to all the dark scenes whereas the original film embraced the darkness as it should since that&#39;s how we see the night. It felt authentic.,78,2026-03-13T19:08:37Z,2026-03-15T09:32:26.207016
Ugw1XtLvRFOW9INnPIp4AaABAg,E2rtId8PzV0,@CarryDepie,Guys dikhado apni takat karwado 4M..,351,2026-03-13T11:17:39Z,2026-03-15T09:32:27.940990
Ugycc8Jz81iJH416QlV4AaABAg,E2rtId8PzV0,@ayushpaliwal8087,Carry bike please humko Bata do ki Ham aapke SMP mein kaise Khel sakte hain big friend,7,2026-03-13T16:30:00Z,2026-03-15T09:32:27.942501
UgzmW2U8E1AyxUUMlol4AaABAg,E2rtId8PzV0,@AadiKumar-r7k,❤❤❤❤❤❤ funny chutkule entertainment milta Hai vaisa video mein Teri Kasam,0,2026-03-13T12:48:26Z,2026-03-15T09:32:27.942501
UgyT1GC8FC8QnkgFR3N4AaABAg,E2rtId8PzV0,@FatehSchool,Kaun kaun durbin ka fan hai,5,2026-03-13T13:49:57Z,2026-03-15T09:32:27.942501
UgwMALrXw5sqXJeRIMN4AaABAg,E2rtId8PzV0,@ruksarsahajadi7343,Carry bhai ma apka best youtuber ho to aap kya mere liye kuchh kar sakte mujhe ek 3D pen Idea chahiye main Odisha Pipli Jersey Mandir ke pass rahata hun,2,2026-03-13T15:33:31Z,2026-03-15T09:32:27.942501
Ugy9YZuumjeQu99v1lV4AaABAg,E2rtId8PzV0,@HUNTER-7ti,Bhai es video mata banao  minecraft me ekaki chapter 1to5 movies banao please ❤❤❤🎉🎉 please 🥺🥺🥺🥺🥺🥺🥺🥺🥺🥺🥺🥺,0,2026-03-14T05:57:04Z,2026-03-15T09:32:27.942501
Ugz7R39qgpTXdt9rAoB4AaABAg,E2rtId8PzV0,@lovekushyaadav3235,🎉❤❤❤❤❤❤🎉🎉🎉🎉🎉🎉🎉🎉 Teri bhaiya bahut acchi video banate Ho,0,2026-03-13T13:45:21Z,2026-03-15T09:32:27.942501
Ugx9RAb_lpjHvHpk-BV4AaABAg,E2rtId8PzV0,@Highstars321,Carry bhai please back old carry bapu ji jathalal,0,2026-03-13T12:56:50Z,2026-03-15T09:32:27.942501
UgxFeJ1oy_61Ef3nSRV4AaABAg,E2rtId8PzV0,@MrEarfan,Thanks for 3000 subscriber,6,2026-03-13T11:59:30Z,2026-03-15T09:32:27.942501
UgxMbewQw7tm66nWuHR4AaABAg,E2rtId8PzV0,@Joraskateing-war,Face reveal face reveal face reveal the face mask in hindi meaning of the day to be in a,0,2026-03-13T14:08:07Z,2026-03-15T09:32:27.942501
Ugx8jv_g_FVAhykwUrJ4AaABAg,E2rtId8PzV0,@Samthakuri-b7z,Maa kasam jisne bhi comment ko like nhi Kiya wo pakka exam me fail Hoga 😂😂😂,1,2026-03-13T12:01:34Z,2026-03-15T09:32:27.942501
Ugys1PU3Bskdd3oDTJV4AaABAg,E2rtId8PzV0,@abhaysahu4512,1 din mein Tum panch video banaya karo Durbin ke sath,2,2026-03-13T12:56:00Z,2026-03-15T09:32:27.942501
UgwkGRyEqzTTI55zuuh4AaABAg,E2rtId8PzV0,@Juiparvin-o8y,Fac livel karduo,0,2026-03-13T14:48:18Z,2026-03-15T09:32:27.942501
Ugz8HC3D0iNPqaSwpxR4AaABAg,E2rtId8PzV0,@ankurgarg4578,Vote for Qna 🎉😀,21,2026-03-13T11:50:17Z,2026-03-15T09:32:27.942501
UgzrVaPf3SukXfouh514AaABAg,E2rtId8PzV0,@MobarakHossain-v4k7i,Mera naam hai misba Minecraft PaTch Google <br>🎉❤❤❤❤😊😊,0,2026-03-13T11:51:58Z,2026-03-15T09:32:27.942501
UgweJGaltCuR54ewMQZ4AaABAg,E2rtId8PzV0,@GALAXYLIVE1,Thanks for 19 subscriber ❤❤,3,2026-03-14T01:27:19Z,2026-03-15T09:32:27.942501
UgzGN4xdoU0xkBpl0et4AaABAg,E2rtId8PzV0,@Vandana-yv8mx,Hello carry bhaiya aapki video mujhe bahut acchi lagti hai,0,2026-03-14T11:02:02Z,2026-03-15T09:32:27.942501
Ugy9qSdNvS1ALf94WhF4AaABAg,E2rtId8PzV0,@virendarasinghgautam4507,Veri nice video,0,2026-03-13T14:29:57Z,2026-03-15T09:32:27.942501
Ugz8sEU-WHql5R7b1DV4AaABAg,E2rtId8PzV0,@MythboyMayank-GaminG,Aaj pata chala Comment pr Triple click krne se Replay Hota he 😮,9,2026-03-14T03:56:19Z,2026-03-15T09:32:27.942501
UgxZI8cwrVrxNXnD3VN4AaABAg,E2rtId8PzV0,@neetu_parjapati-4,Flower haya mein kaisen ud rahe hei,0,2026-03-13T13:49:52Z,2026-03-15T09:32:27.942501
Ugy_ZJmj3fJ0pd8yoKF4AaABAg,h0X_h3y96n4,@hulageshvk6932,Bigest ಜಾತ್ರೆ loding on 2026😂,212,2026-03-14T14:00:43Z,2026-03-15T09:32:31.733180
Ugx9DIO5I7pUvZNlZfJ4AaABAg,h0X_h3y96n4,@UmeshGuruRayaru,ಇದೇ ಮೊದಲು ಅನ್ಸುತ್ತೆ ಕಳಪೆ ಗುಣಮಟ್ಟದ ಸಾಹಿತ್ಯ ಮತ್ತು ಸಂಗೀತ ನಿರ್ದೇಶಕ ಪ್ರೇಮ್ ಸರ್ ಕಡೆಯಿಂದ,151,2026-03-14T15:46:03Z,2026-03-15T09:32:31.733180
UgyTq3m79Ov7HJr1xrR4AaABAg,h0X_h3y96n4,@shortcut_funny70,KVN productions ❌ <br>Postponed productions ✅😂,97,2026-03-14T14:04:43Z,2026-03-15T09:32:31.733180
UgwPwyeEWbYw4jA04TJ4AaABAg,h0X_h3y96n4,@pvn703,Wrong selection of lyrics from Prem’s <br>Bad taste ….,127,2026-03-14T13:54:24Z,2026-03-15T09:32:31.733180
UgxLfCVH0FiaQhm88q54AaABAg,h0X_h3y96n4,@sunilmonappa522,ಕನ್ನಡ ಚಿತ್ರರಂಗದ ಪರಿಸ್ಥಿತಿ  ಇದರಲ್ಲಿ ಗೊತಾಗುತ್ತೆ. ದೇವ್ರೇ ಕಾಪಾಡಬೇಕು.,99,2026-03-14T14:26:40Z,2026-03-15T09:32:31.733180
Ugw3zdc4AHBDG89LMs14AaABAg,h0X_h3y96n4,@SocialJustice-biker,ಇಷ್ಟು ಹೊಲಸು ಹಾಡು ಪ್ರೇಮ್ ಸಿನೆಮಾದಲ್ಲಿ ಇರುತ್ತೆ ಅಂತ ಅಂದುಕೊಂಡಿರಲಿಲ್ಲ...ಚೆ...😢,240,2026-03-14T15:37:09Z,2026-03-15T09:32:31.733180
UgwyP1_rFWPog7Ed-it4AaABAg,h0X_h3y96n4,@varunr6017,Prem be like nii jatre olago jatre nin olago mode 😂😂,54,2026-03-14T14:14:28Z,2026-03-15T09:32:31.733180
UgzSla_1id07UUW7k814AaABAg,h0X_h3y96n4,@shivarajgn5014,Remembering ಮೇಲುಕೋಟೆ ಹುಡುಗಿಒಬ್ಳು from ಪ್ರೇಮ್ಸ್ ಅಡ್ಡ ಫಿಲಂ 😂😂😂😂 🔥🔥,316,2026-03-14T13:53:17Z,2026-03-15T09:32:31.733180
UgxfiGrDc4aHzcBlHVh4AaABAg,h0X_h3y96n4,@bairusabhadimani4668,KD ಮೂವೀಯಿಂದ ಈ ಹಿಂದೆ ಬಂದಿರುವ ಎರಡು ಹಾಡುಗಳು ತುಂಬಾ ಚೆನ್ನಾಗಿವೆ .ಪ್ರೇಮ್  ಸಾಂಗಗಾಗಿ ತುಂಬಾ ವೇಟ್ ಮಾಡಿರುವುದಕ್ಕೂ ಈ ಸಾಂಗು... ಮನಸ್ಸಿಗೆ ಯಾಕೋ ಇಷ್ಟ ಆಗ್ಲಿಲ್ಲ 💔💯💔,181,2026-03-14T13:53:05Z,2026-03-15T09:32:31.733180
UgxNmfgFotUnGWkEAB94AaABAg,h0X_h3y96n4,@Blokewhite,ಇದೆಂಥ ಸಾಂಗು bro ಅನ್ನಾರು like ಮಾಡಿ,2,2026-03-14T17:35:58Z,2026-03-15T09:32:31.733180
UgwteLD8tlDvPtAqjwh4AaABAg,h0X_h3y96n4,@varunr6017,Dhruva Sarja with  Nanda Kishore🤡<br>Dhruva Sarja with  AP Arjun 🤡<br>Dhruva Sarja with Prem 🤡<br>Waiting for 🦏 😂😂,56,2026-03-14T14:16:34Z,2026-03-15T09:32:31.733180
UgxvZxmb8GF4q4MnW5l4AaABAg,h0X_h3y96n4,@Chandru.K-r8d,"<a href=""https://www.youtube.com/watch?v=h0X_h3y96n4&amp;t=165"">2:45</a> only legend&#39;s can understand..😂",15,2026-03-14T14:07:51Z,2026-03-15T09:32:31.733180
Ugzo0Uc_PbNbEpuRwad4AaABAg,h0X_h3y96n4,@SK-jf8db,"Noora Fatehi , Sanjay Dutt itkondu intha Dabba Song... Prem Please Update ... kannada Industry Respect Tegibedi please",33,2026-03-14T14:31:58Z,2026-03-15T09:32:31.733180
UgwLSSnq4lYaahg-bsF4AaABAg,h0X_h3y96n4,@pradeepmrramu2962,"Am from mandya, ishtu ashlila sahithya beka guru ninge prem 😢😢😢😢",21,2026-03-14T14:47:41Z,2026-03-15T09:32:31.733180
UgxalRKaf-tSfUn8QbN4AaABAg,h0X_h3y96n4,@Rocky_169-n9o,5 pm anta heli 7:30pm ge Song release madtera waaah 👏  Peak Punctuality 😂 Enna Movie kathe yeno KVN 📉,65,2026-03-14T14:09:37Z,2026-03-15T09:32:31.733180
UgxwdDvbjYWEnH_ZYaB4AaABAg,h0X_h3y96n4,@NSlovebirds18,Jalagar fan irtare negative comments bagge thale kediskobedi 😂😂,0,2026-03-15T03:48:14Z,2026-03-15T09:32:31.733180
UgwQtpLS93fbLt-tcf54AaABAg,h0X_h3y96n4,@DeepakKumar-lc2rl,Sanju baba na joker maadidhralllo 😂😂😂😂😂😂😂😂😂😂😂😂,6,2026-03-14T14:26:41Z,2026-03-15T09:32:31.733180
UgzKYk45RhWAPACljPF4AaABAg,h0X_h3y96n4,@ChetanKotehal-rx8bj,God save kids of today&#39;s generation with songs coming out with such lyrics..!🙏🏻 ಕೀಳು ಮಟ್ಟದ ಸಾಹಿತ್ಯ 😶,10,2026-03-14T19:04:52Z,2026-03-15T09:32:31.733180
Ugz7am05iMrGODK5W0V4AaABAg,h0X_h3y96n4,@manjushelavi1397,Kichcha boss fans waiting ❤❤❤❤,13,2026-03-14T14:45:57Z,2026-03-15T09:32:31.733180
UgwGj3DxMsJ-fe9I0A94AaABAg,h0X_h3y96n4,@Mgfilmka22,Super 👌 pak ❤ hit songs 🎉,0,2026-03-14T17:02:03Z,2026-03-15T09:32:31.733180
UgydbObUtyBIR6wQz1l4AaABAg,Exukk6JO9i0,@lucero6215,You can tell when a project is planned with love.,2971,2026-03-13T04:15:12Z,2026-03-15T09:32:32.798995
Ugx3vy4wtN73bwXk8VN4AaABAg,Exukk6JO9i0,@p.sri1411,Pre save the album on Spotify. Let&#39;s go for 7 million PRESAVES.,359,2026-03-14T12:40:40Z,2026-03-15T09:32:32.798995
UgwNuQ0Eqm2BzK8JLHV4AaABAg,Exukk6JO9i0,@ric3914,ALBUM OF THE YEAR IS COMING,2,2026-03-14T22:27:42Z,2026-03-15T09:32:32.798995
UgxV_kMZtWibPZmZREt4AaABAg,Exukk6JO9i0,@f.m0613,BTS never disappoints. Thank you for always making our days better.,115,2026-03-13T07:00:34Z,2026-03-15T09:32:32.798995
Ugz0nIGrQpq-IjVbLR94AaABAg,Exukk6JO9i0,@Jeonboo7,Sounds like ALBUM OF THE YEAR 🔥🔥🔥🔥🔥,64,2026-03-13T10:17:36Z,2026-03-15T09:32:32.798995
UgxZbyS2XVOdCzJGUtN4AaABAg,Exukk6JO9i0,@magademoraes7332,NO AI. JUST ART. JUST BTS,233,2026-03-13T12:08:37Z,2026-03-15T09:32:32.798995
Ugxb_DDJZcKGgZAbFFx4AaABAg,Exukk6JO9i0,@OldJeansV,Omggggggg guys it&#39;s the Theory of the 7 Korean students 🤯.....<br>-we WON.<br>-ARMYS are Smart,4953,2026-03-13T02:03:33Z,2026-03-15T09:32:32.798995
UgxexGcERZIw-0mEc594AaABAg,Exukk6JO9i0,@nadiaa69555,PRE SAVE ON SPOTIFYYYYYY,4,2026-03-14T19:50:10Z,2026-03-15T09:32:32.798995
UgyYxNimQJBhhdKN6pF4AaABAg,Exukk6JO9i0,@rashifromCeylon,That beat makes me crazy. Can&#39;t wait any longer.,162,2026-03-13T08:45:38Z,2026-03-15T09:32:32.798995
UgwuV8L2DLnBIlhdxaV4AaABAg,Exukk6JO9i0,@AlexandraMonroyC,Kim Namjoon!!<br>Kim Seokjin!!<br>Min Yoongi!! <br>Jung Hoseok!! <br>Park Jimin!! <br>Kim Taehyung!!<br>Jeon Jungkook!! <br>BTS!!!,85,2026-03-14T00:31:01Z,2026-03-15T09:32:32.798995
UgxGiZqm5A_uXLuXkr14AaABAg,Exukk6JO9i0,@BangTanKigdom,No one:<br>Literally no one:<br>BTS: turning a traditional song into pure art.,10202,2026-03-13T02:09:04Z,2026-03-15T09:32:32.798995
UgyMJ9CAU_voZ7-DHFN4AaABAg,Exukk6JO9i0,@Utenagustd,PRESAVE ARIRANG ON SPOTIFY <br>PREORDER ARIRANG,7,2026-03-14T18:21:47Z,2026-03-15T09:32:32.798995
Ugw6lcC4yk8ejxnk7Dt4AaABAg,Exukk6JO9i0,@egliupas,that beat at the end??? i hope it’s one of the songs !!!,684,2026-03-13T08:02:41Z,2026-03-15T09:32:32.798995
UgxX5FAFLFcMvtHXJBl4AaABAg,Exukk6JO9i0,@Chamaragajaweera-n7p,From Just a rookie band to the world biggest boyband is crazy 🔥,88,2026-03-13T10:38:06Z,2026-03-15T09:32:32.798995
UgzTwpv74aRvEnP2qYx4AaABAg,Exukk6JO9i0,@3d.e3,can’t get over how SMART this is,4,2026-03-14T22:18:47Z,2026-03-15T09:32:32.799422
Ugzk_NUNePuZxcTBvi54AaABAg,Exukk6JO9i0,@rkivemimi,ALBUM OF THE YEAR ALREADY!! ARIRANG WE LOVEEE YOUUUU 🫶🏼!,111,2026-03-13T02:15:30Z,2026-03-15T09:32:32.799422
Ugxi9xS3BXgCmJQHCel4AaABAg,Exukk6JO9i0,@n-7-shadow,"The teaser alone already feels like a movie, it&#39;s so beautiful",346,2026-03-13T02:36:27Z,2026-03-15T09:32:32.799422
UgyRtzxE-znx-Yh6evl4AaABAg,Exukk6JO9i0,@GetPantsCesaire-t5q,PRE-SAVE ARIRANG ON SPOTIFY Y&#39;ALL,478,2026-03-13T17:46:39Z,2026-03-15T09:32:32.799422
UgwLhRKPzvPjjY9X2Vl4AaABAg,Exukk6JO9i0,@yoongixtangerines,lo-fi and electric guitar yoongi said AHHHHHHHHH,42,2026-03-14T15:18:14Z,2026-03-15T09:32:32.799422
Ugzz7fnXg_fuy-SiZ4Z4AaABAg,Exukk6JO9i0,@zobel.,BTS comeback is going to break the internet - the music industry will not be the same,14346,2026-03-13T02:01:17Z,2026-03-15T09:32:32.799422
UgwWhZ0W85xoJUkoNUt4AaABAg,28aVatf_1gI,@ItsAashif7860,Ballu bhai ne Aaj Bhi record Tod Diya like ka😊😊😊❤❤,5,2026-03-14T16:54:16Z,2026-03-15T09:32:35.074803
UgwWtyx2mqMv5_Ylh5p4AaABAg,28aVatf_1gI,@chiku-bhai-yt94,Ballu bhai on 🔝,2,2026-03-14T16:54:06Z,2026-03-15T09:32:35.074803
UgyZMINr5Pyv9FyDAzN4AaABAg,28aVatf_1gI,@Veerparihar01,❤❤,1,2026-03-14T16:52:09Z,2026-03-15T09:32:35.074803
UgySJmWFZ_g4lMbEMRh4AaABAg,28aVatf_1gI,@mrinsaneofficiall,12 ghante non stop game 👽,1,2026-03-14T17:03:48Z,2026-03-15T09:32:35.074803
Ugzi9xuiefWxWEWnCV14AaABAg,28aVatf_1gI,@SahebaKhatun-o6v,Visnu bhaiya big fan bhai ❤❤❤🎉😊,0,2026-03-15T03:27:59Z,2026-03-15T09:32:35.074803
Ugx55gMlPlxwGCIjcht4AaABAg,28aVatf_1gI,@SahebaKhatun-o6v,Tum  tum tadao<br>😂😂😂😂😂😂,0,2026-03-15T03:27:17Z,2026-03-15T09:32:35.074803
UgwSB3VmpGuP8Xb3zIl4AaABAg,28aVatf_1gI,@insaneaimxx,Bhaiya ajj app na to record thod diya 😢😮,0,2026-03-15T01:58:08Z,2026-03-15T09:32:35.074803
UgxE9v3_l2hoQ89ZjwJ4AaABAg,28aVatf_1gI,@ANKIT-ps8wz,Fast comment 😁,2,2026-03-14T16:52:43Z,2026-03-15T09:32:35.074803
UgzV4oklUnw8s2fexkN4AaABAg,28aVatf_1gI,@AcaNehi-hd7ow,Top region 👁️👁️,0,2026-03-14T22:30:29Z,2026-03-15T09:32:35.074803
Ugxgf3Vy4AECbIXXkgJ4AaABAg,28aVatf_1gI,@thakurShamshersingh-z6k,Hello,0,2026-03-14T17:12:52Z,2026-03-15T09:32:35.074803
UgxUxpVdCl1GX8w0wpl4AaABAg,28aVatf_1gI,@tarUnn_gmr,Top 1 hogaaaa??? Ballu bhai ?????,0,2026-03-14T16:59:52Z,2026-03-15T09:32:35.074803
Ugx7KYG1uFYcjKuTbm94AaABAg,28aVatf_1gI,@ALRajput-r1s,❤❤,0,2026-03-14T16:52:41Z,2026-03-15T09:32:35.074803
UgzlwfQAN_F5Z93qoEd4AaABAg,28aVatf_1gI,@HridoyTripuraHridoyTripura-y1c,❤,0,2026-03-14T16:58:50Z,2026-03-15T09:32:35.074803
Ugx8TiL0697Vfp1LcVd4AaABAg,aTD4Jgculqw,@AbhishekKumar-u2y4x,Jio shar hit hai boss ❣️❣️❣️💯💯💯💯💯🥰,5,2026-03-14T05:20:54Z,2026-03-15T09:32:37.499173
UgytL4roJFXdSycREPx4AaABAg,aTD4Jgculqw,@SweetPagal-j4b,Jio bhaiya mast song love you,0,2026-03-14T14:35:38Z,2026-03-15T09:32:37.499173
Ugybl1LFoVR49W4IpDt4AaABAg,aTD4Jgculqw,@GaneshKumar-h1z8h,Super ❤️‍🔥❤️‍🔥,1,2026-03-14T18:30:45Z,2026-03-15T09:32:37.499173
UgxcrxyUANhMJzB1xjt4AaABAg,aTD4Jgculqw,@VikramKumar-e3m4i,😈😈😈😈😈👑⚜️,0,2026-03-14T15:01:53Z,2026-03-15T09:32:37.499173
Ugydl-R4qIdwypqgF2x4AaABAg,aTD4Jgculqw,@Kanchankumari2025-q2e,Aman kumar❤❤❤❤❤❤❤❤❤❤❤❤❤❤❤❤❤❤❤❤❤❤❤❤,1,2026-03-15T01:02:46Z,2026-03-15T09:32:37.499173
Ugwnas7d6ijWsq7W0zJ4AaABAg,aTD4Jgculqw,@RaushanKumar-t7c1v,Nice song ❤,0,2026-03-14T21:00:35Z,2026-03-15T09:32:37.499173
UgxKyKokCefCEYHROjl4AaABAg,aTD4Jgculqw,@ShyamsunderChoudhari,Goud❤❤❤❤❤😅😅😅,2,2026-03-14T09:08:25Z,2026-03-15T09:32:37.499173
UgwPwouyM9yeeFfnZ0J4AaABAg,aTD4Jgculqw,@GulasaKumari,😢😢😢😢😢😢😢😢😢,0,2026-03-14T15:55:15Z,2026-03-15T09:32:37.499173
Ugz6NxQZHGZOCGFDdxV4AaABAg,aTD4Jgculqw,@alone_____boys____360,Raushan rohi fans❤️‍🩹👑👑,0,2026-03-14T05:38:59Z,2026-03-15T09:32:37.499173
Ugw8ZgPTUvUgxrlhRht4AaABAg,aTD4Jgculqw,@MahadevKumar-s6f,😈👿🔥🔥💪,0,2026-03-14T13:15:23Z,2026-03-15T09:32:37.499173
UgwGA8OcDkuq47Emodl4AaABAg,aTD4Jgculqw,@ShivamKumar-h9d2k,So qut🎉🎉🎉,2,2026-03-14T01:09:55Z,2026-03-15T09:32:37.499173
UgyNl15qqwSqmKIPUWt4AaABAg,aTD4Jgculqw,@KaranKumar-g3n8w,🎉🎉🎉🎉🎉🎉❤❤❤❤❤❤❤❤❤❤,0,2026-03-14T03:47:30Z,2026-03-15T09:32:37.499173
UgwbRdWpvZb__O7hrwd4AaABAg,aTD4Jgculqw,@SureshPrasad-gt6ml,❤🔥👌👍😎,1,2026-03-14T17:26:42Z,2026-03-15T09:32:37.499173
UgxzhPO21hyIxKasR9h4AaABAg,aTD4Jgculqw,@VINDHNATH,❤❤❤❤❤❤❤❤❤❤❤❤❤❤❤❤❤,1,2026-03-13T07:49:52Z,2026-03-15T09:32:37.499173
UgxScTrTj7sIQh8jYwh4AaABAg,aTD4Jgculqw,@RandhirKumar-y8q5r,😈😈😈😈😈😈🦁,1,2026-03-13T06:28:14Z,2026-03-15T09:32:37.499173
UgwJVcKG482cJzohNoZ4AaABAg,aTD4Jgculqw,@NitishKumar-v9u6e,1.8 hits line 😮,0,2026-03-14T05:37:38Z,2026-03-15T09:32:37.499173
UgwSN4BSwOQTyq-dOT14AaABAg,aTD4Jgculqw,@AntiDevi-q6b3d,Bbbb❤❤❤❤❤❤❤❤,1,2026-03-13T05:17:24Z,2026-03-15T09:32:37.499173
UgznLI48Wvqb5jY4ydZ4AaABAg,aTD4Jgculqw,@MankiDevi-k5p,❤❤❤❤❤❤❤❤❤❤❤❤❤,0,2026-03-14T01:25:38Z,2026-03-15T09:32:37.499173
UgzmzQVqrAwstPJ2Cgp4AaABAg,aTD4Jgculqw,@SavdeepKumar-d8m,❤❤❤❤❤❤,1,2026-03-13T09:26:04Z,2026-03-15T09:32:37.499173
UgwhQeSixbym3koQYIh4AaABAg,aTD4Jgculqw,@SatyamKumar-n1q4e,Bhumihar,1,2026-03-13T13:49:27Z,2026-03-15T09:32:37.499173
Ugzs4GMm6DnNkfbJmTd4AaABAg,6QhTM9QuP_Y,@RavananTN,Paaru❤😊,41,2026-03-13T14:33:01Z,2026-03-15T09:32:39.709988
UgykVvFMkbNURpr-gd54AaABAg,6QhTM9QuP_Y,@Kumarkarpagam2431,❤❤❤Paaru ❤❤❤,30,2026-03-13T12:44:14Z,2026-03-15T09:32:39.709988
Ugzrp4auoh35tqd_ryl4AaABAg,6QhTM9QuP_Y,@raghavs3387,Manikandan eduthale im seated 🔥🔥🔥🔥🔥❤️❤️🔥,12,2026-03-13T14:56:08Z,2026-03-15T09:32:39.709988
Ugz5b86pmBe1sFj9Q154AaABAg,6QhTM9QuP_Y,@BhuvaneswariBhuvanapurushoth,Paaru ❤❤❤❤❤❤❤❤❤❤❤❤❤❤❤❤❤❤❤❤❤❤❤❤❤❤❤❤❤❤❤❤❤❤❤❤❤❤,45,2026-03-13T12:33:32Z,2026-03-15T09:32:39.709988
UgzwA03b4PNyqe52WSt4AaABAg,6QhTM9QuP_Y,@Kovaidriver007,என்னடா பைத்தியக்காரத்தனமா பாரு பாரு உன்ன புலம்பிட்டு இருக்கீங்க ட்ரெய்லரை ரிலீஸ் பண்ணதை பார்க்கிறதுக்கு தானே,39,2026-03-13T14:51:09Z,2026-03-15T09:32:39.709988
UgxhhL6h2jsRebgWRKp4AaABAg,6QhTM9QuP_Y,@NandhinileebanUp,Paaru yenkaa daaaa 🤨,28,2026-03-13T12:57:08Z,2026-03-15T09:32:39.709988
UgxMehJVVK22rFyhxY14AaABAg,6QhTM9QuP_Y,@ganeshpeterparker1936,Paaru yenga bro ❤❤,43,2026-03-13T13:09:00Z,2026-03-15T09:32:39.709988
UgzBQYE8RtEVXK6E7T94AaABAg,6QhTM9QuP_Y,@meenamurugan1763,Paaru ❤❤❤❤❤❤❤❤❤❤❤🎉🎉🎉,42,2026-03-13T12:35:34Z,2026-03-15T09:32:39.709988
UgzqyniHryZ8gxOB5Q14AaABAg,6QhTM9QuP_Y,@nithyavijay4517,I came and watched here..for one and only paaru,93,2026-03-13T12:39:02Z,2026-03-15T09:32:39.709988
UgzWX497Er2diPGoDnd4AaABAg,6QhTM9QuP_Y,@GoodBad-i8q,We don’t need VJS !! We need Paaru 😍😍 Paaru yenga 😢,21,2026-03-13T13:30:37Z,2026-03-15T09:32:39.709988
Ugx2FEy-J296BN70ON94AaABAg,6QhTM9QuP_Y,@tskdesigner7350,En paaru ila trailer i was so upset 😢,53,2026-03-13T12:33:57Z,2026-03-15T09:32:39.709988
UgylvnBafJrGeajvncl4AaABAg,6QhTM9QuP_Y,@shobanasuresh1996,Paaru❤❤,49,2026-03-13T12:31:20Z,2026-03-15T09:32:39.709988
UgzUK4v80fXFalSRdMB4AaABAg,6QhTM9QuP_Y,@santhosh9626,Im here for Manikandan ❤,7,2026-03-13T15:28:28Z,2026-03-15T09:32:39.709988
Ugyxs3Zehk8H17vCdJ94AaABAg,6QhTM9QuP_Y,@unknownuser-jy4sb,Trailer pakka semaiya iruke next national award ready polaiye❤❤❤,4,2026-03-13T13:25:00Z,2026-03-15T09:32:39.709988
UgyHVTS9ybXOzvH3WjV4AaABAg,6QhTM9QuP_Y,@Devi-w9n,Paaru enga😥😥😥😥😥😥😥😥😥😥😥😥😥😥,5,2026-03-13T15:27:29Z,2026-03-15T09:32:39.709988
UgxJVtaJNuGb6qKYrDd4AaABAg,6QhTM9QuP_Y,@devivigneshkumar2633,Paru fans rocks here 👌👌👌👌💖💖💖,7,2026-03-13T15:30:25Z,2026-03-15T09:32:39.709988
Ugxo04M2Y_S8kvQIHPh4AaABAg,6QhTM9QuP_Y,@Bose5305,Waiting for Manikandan sir work 🔥🔥🔥🔥🔥🔥,5,2026-03-13T14:35:58Z,2026-03-15T09:32:39.709988
UgyZUA8scKRqkAM5GAh4AaABAg,6QhTM9QuP_Y,@preethipreethi-o8s,thalavi paaru❤❤❤❤,1,2026-03-13T16:09:11Z,2026-03-15T09:32:39.709988
UgxskjlXzz6ojwqZea14AaABAg,6QhTM9QuP_Y,@samadkasim1125,Love you paru akka,1,2026-03-14T05:07:40Z,2026-03-15T09:32:39.709988
Ugzjrc-vUv2pKqgI1O54AaABAg,6QhTM9QuP_Y,@ARJR7,Ada pongada paruve illa 😢,11,2026-03-13T13:51:20Z,2026-03-15T09:32:39.709988
UgzL993StMupQK9wbql4AaABAg,TbTRDaH1J1U,@Alone_gaming-xyz,Hi,3,2026-03-13T13:55:45Z,2026-03-15T09:32:41.783579
Ugyn0IkJXyQ8zBu6Oy94AaABAg,TbTRDaH1J1U,@PankajSingh-vq1tr,Shinchan. School. Exit. Coror,0,2026-03-13T16:52:02Z,2026-03-15T09:32:41.783579
UgzuOIGeQEnMvSXud1x4AaABAg,TbTRDaH1J1U,@Gkstudyadarsh,big fan new vides lo plese big fan plese roblox,11,2026-03-14T12:15:08Z,2026-03-15T09:32:41.783579
Ugw7S02qRbGkQNOSaDx4AaABAg,TbTRDaH1J1U,@wantedking3341,Tyro bhaiha  please escape Tsunami for brainrot ki video dalen please,0,2026-03-14T16:07:15Z,2026-03-15T09:32:41.783579
UgyFP_K4eVymQcS2naV4AaABAg,TbTRDaH1J1U,@skmahibul-gg7cb,Agle video mein kazama ko bhi Lana ho ga pls,3,2026-03-14T05:00:04Z,2026-03-15T09:32:41.783579
UgwsqB9-cFY6FPaza114AaABAg,TbTRDaH1J1U,@bipulthakuria3903,Tum logko cycle se helicopter tak   ek video banana hai please please,2,2026-03-13T14:53:15Z,2026-03-15T09:32:41.783579
UgzRwFMXQQ_HRvpEe3Z4AaABAg,TbTRDaH1J1U,@kairabrahma5180,I like your videos tyro bhaiya 😊😊,0,2026-03-13T15:35:47Z,2026-03-15T09:32:41.783579
UgzeP_1pzdvMG8_rjZ94AaABAg,TbTRDaH1J1U,@RefnoGamerz,Bhai insane ELEVATOR Khelo ❤❤❤😊😊,0,2026-03-14T19:01:37Z,2026-03-15T09:32:41.783579
UgzMLLjAaoTL5CpkAHZ4AaABAg,TbTRDaH1J1U,@GulamRasul-k1p,Escape Tsunami  roblox game❤❤,2,2026-03-13T17:06:14Z,2026-03-15T09:32:41.783579
UgwYrkBSAAQe3WFQVrB4AaABAg,TbTRDaH1J1U,@DeepakKumarDeshmukh,granny khello,1,2026-03-14T07:49:02Z,2026-03-15T09:32:41.783579
UgxyYN7aO9gu7cceqy54AaABAg,TbTRDaH1J1U,@aniruddhdahal-k4s,play school boy run away please,1,2026-03-14T03:56:29Z,2026-03-15T09:32:41.783579
Ugy8tAgbSoR0v7D130F4AaABAg,TbTRDaH1J1U,@AbcAbc-l2u,Survivor zombies  kya bhejna.  Zee TV to Tum jite,0,2026-03-13T14:22:23Z,2026-03-15T09:32:41.783579
UgyKKzlc0XNZrhtHwYJ4AaABAg,TbTRDaH1J1U,@vishakhadeshmukh234,You will get 30 lakh subscriber early jaldi melengi I like your video,2,2026-03-13T15:30:53Z,2026-03-15T09:32:41.783579
UgzLrbR4Ezr1swpLm4h4AaABAg,TbTRDaH1J1U,@MunaBomjan-s9l,Why is maso wearing girl s clthes,2,2026-03-14T01:12:15Z,2026-03-15T09:32:41.783579
Ugx6NmI9aBIxrGrOVax4AaABAg,TbTRDaH1J1U,@Mr.Blaze-360,Bhai aap Jo bhi game khelte ho please aap unka Naam bataiye Roblox me please,1,2026-03-14T12:46:15Z,2026-03-15T09:32:41.783579
UgxAYUEnAQGL3RPnwrF4AaABAg,TbTRDaH1J1U,@Riyansh_drawing_08,Electronic ka buisness please,0,2026-03-14T01:23:08Z,2026-03-15T09:32:41.783579
UgwQ4Gi6tWHBoJbATiB4AaABAg,TbTRDaH1J1U,@AditiYash15-z,Batao kapde bahut acche Hain,2,2026-03-14T05:08:03Z,2026-03-15T09:32:41.783579
Ugw7Io8RPcKg96caIeV4AaABAg,TbTRDaH1J1U,@rashmishrestha9635,Water slide me Kyo Sammy agai,1,2026-03-13T16:57:38Z,2026-03-15T09:32:41.783579
UgxIyZ4_YveGi1IXfMd4AaABAg,TbTRDaH1J1U,@HemantTripathi-c9u4j,Veri good bhaiya I like your videos,0,2026-03-13T15:10:43Z,2026-03-15T09:32:41.783579
UgyZfvvnUzanHY5ASl94AaABAg,TbTRDaH1J1U,@vijaysharma4708,Please poppy playtime 5,1,2026-03-13T15:08:17Z,2026-03-15T09:32:41.783579
Ugw0wTBt1MXNG7444vB4AaABAg,_rk8opPEPAM,@RampalNishad-b9p7i,❤❤❤❤❤🎉🎉🎉🎉🎉🎉🎉kashyappankajji,2,2026-03-14T13:31:35Z,2026-03-15T09:32:43.132613
UgwU0PszThEj_C1P3Td4AaABAg,_rk8opPEPAM,@SanjuKumar-d7k1p,Ho rahi ho to,6,2026-03-13T08:38:04Z,2026-03-15T09:32:43.132613
Ugz3UZ6txqWCNC6kwvN4AaABAg,_rk8opPEPAM,@dheerendrakumar3179,Nice Bro,2,2026-03-14T12:54:15Z,2026-03-15T09:32:43.132613
UgwsEnsw2HDTlMLKDw54AaABAg,_rk8opPEPAM,@Gangreneyad555,😊😊,0,2026-03-14T12:37:57Z,2026-03-15T09:32:43.132613
UgyekAFF_FYzDSNYmLZ4AaABAg,_rk8opPEPAM,@SonuSonuji-x4c5t,❤,7,2026-03-13T14:35:52Z,2026-03-15T09:32:43.132613
UgytoptTIKHIZk7mj_t4AaABAg,_rk8opPEPAM,@Anuj-m-7,🎉,0,2026-03-14T13:48:54Z,2026-03-15T09:32:43.132613
UgwJZXzAKmmsYDv7vuR4AaABAg,_rk8opPEPAM,@sameerjatav2570,Hi🎉,14,2026-03-13T07:30:05Z,2026-03-15T09:32:43.132613
Ugwg7KNSL0DjZnzzNPJ4AaABAg,_rk8opPEPAM,@SonuSonuji-x4c5t,❤❤❤❤❤❤❤❤❤❤❤❤❤❤,2,2026-03-14T16:10:34Z,2026-03-15T09:32:43.132613
UgyFwH1voAJYQYxSwQJ4AaABAg,_rk8opPEPAM,@MrNarayanSingh-c8z,My favourite song❤❤❤,29,2026-03-13T12:00:58Z,2026-03-15T09:32:43.132613
UgxnzOZUud9lcDzMbbN4AaABAg,_rk8opPEPAM,@ChhotoAdiwashi-g2j,Hav,6,2026-03-13T09:50:45Z,2026-03-15T09:32:43.132613
UgwVZkSh4SrlrWHTqFF4AaABAg,_rk8opPEPAM,@strugglelife123-g3k,नजर किस किस को लगती है😅😅😅<br>मुझे तो नहीं लगती 😅😅😅😅,12,2026-03-14T03:42:18Z,2026-03-15T09:32:43.132613
UgwRk-bNXB7wZLqp4st4AaABAg,_rk8opPEPAM,@Himanshu-nm2ty,Favourite song❤🎉,13,2026-03-14T03:28:08Z,2026-03-15T09:32:43.132613
UgzcaYju2CvWpPQ44gt4AaABAg,T5zPtARN1WE,@krishnamurthy.b3380,"మూసుకో అన్న !! కామెడీ ఉండాలి కదా   అన్న , కామెడీ ఉండాలి ఆండీ , సినిమా అంటే అన్ని ఉండాలి..... Only action కాదు అండి...... అన్ని ఉండాలి 🎉🎉❤❤",58,2026-03-14T14:01:53Z,2026-03-15T09:32:46.588685
UgzdYW2T3qYpDYNNoXZ4AaABAg,T5zPtARN1WE,@gaddamMahendra-v9f,Jai pspk honest leader pspk god,12,2026-03-14T13:55:43Z,2026-03-15T09:32:46.588685
UgxuayUcyKx-UrEshsZ4AaABAg,T5zPtARN1WE,@sivakumar8779,Loading blockbuster 💥💥💥💥💥💥👿🔥,19,2026-03-14T14:10:33Z,2026-03-15T09:32:46.588685
UgzHtQ9g-cNzzFovu1V4AaABAg,T5zPtARN1WE,@gggghbbhhjjjgfggbbngddf,Manchi review anna malli chayyaku😂😂😂,7,2026-03-14T15:13:03Z,2026-03-15T09:32:46.588685
Ugxtw1ExsavBoONqud54AaABAg,T5zPtARN1WE,@Neekosamevacha,ఉస్తాద్ భగత్ సింగ్ ట్రైలర్ ఎంతమందికి నచ్చింది ❤,448,2026-03-14T13:51:45Z,2026-03-15T09:32:46.588685
UgyEs-p7KBqol75vjsF4AaABAg,T5zPtARN1WE,@LalkotaPraveen,TWO MUSIC Director 🎉🎉🎉🎉🎉🎉🎉🎉🎉🎉🎉,8,2026-03-14T14:14:29Z,2026-03-15T09:32:46.588685
Ugwejm3EFGconBTCm6F4AaABAg,T5zPtARN1WE,@sudhasunkesula8153,OG❤❤😊fire 🔥,34,2026-03-14T13:51:25Z,2026-03-15T09:32:46.588685
Ugwse1Pu0rU3TrmbIsR4AaABAg,T5zPtARN1WE,@ravitarak1172,Ipud chepandra❤🔥trailer eeyy range lo undi,28,2026-03-14T13:53:59Z,2026-03-15T09:32:46.588685
UgwktuUO1XYUT_HoRl54AaABAg,T5zPtARN1WE,@R.vamshiNayak,ముస్తాబాద్ బ్లాక్ బస్టర్ రివ్యూ కావాలి మాకు,7,2026-03-14T13:51:17Z,2026-03-15T09:32:46.588685
UgxVmBpHME2xSyXKZod4AaABAg,T5zPtARN1WE,@SkdadamunafSkdadamunaf,Prabhas fan&#39;s asmble here,22,2026-03-14T13:51:42Z,2026-03-15T09:32:46.588685
UgxsMa9vPQ3L43-pjIt4AaABAg,T5zPtARN1WE,@amIronMan,Rey Errpuka big Fun ❤,24,2026-03-14T13:51:50Z,2026-03-15T09:32:46.588685
Ugxez0c5dTZ_e72e4GN4AaABAg,T5zPtARN1WE,@Azim-f2j,🥳 Ojas 💥 gambheera 🔥 fire 🔥 and 💣 ustaad 💥 bhagat 🙅🏼‍♂️ vibe 🥳 Goosebumps 🥳💥🔥🔥💣💥 Eesari 💥 performance 🔥 baddhalayipodhi 🔥 rehaman 💣 bro 🙅🏼‍♂️,5,2026-03-14T14:53:42Z,2026-03-15T09:32:46.588685
Ugwjzen9YHxPrdakcCh4AaABAg,T5zPtARN1WE,@PYT_Rajesh_Gaming_FF,Enti ustaad bhagatsingh trailer vachindha ??? 😮 Adhi ochindhi ani 70% evariki teliyadhu ❤😂,26,2026-03-14T13:52:18Z,2026-03-15T09:32:46.588685
UgwP5PKjDxKqwhQ-bOV4AaABAg,T5zPtARN1WE,@pudimadakapspkfansimhadri7802,"Super, super super mind blowing trailer",3,2026-03-14T14:09:03Z,2026-03-15T09:32:46.588685
UgxvaDQBTZOgLU8xDbF4AaABAg,T5zPtARN1WE,@nanisahukar4943,THAMAN Anna Fans like here ❤️🙌,13,2026-03-14T14:06:24Z,2026-03-15T09:32:46.588685
UgxPZMEux0yAoCGybpt4AaABAg,T5zPtARN1WE,@NareshPeedaka-t3d,Kalyan Babu fans antaraa babu ❤,3,2026-03-14T14:18:18Z,2026-03-15T09:32:46.588685
Ugy38U6ZLsNZCAvFe5B4AaABAg,T5zPtARN1WE,@balusupativ.s.nageswararao7480,UBS trailer is v v good bro..,20,2026-03-14T13:54:01Z,2026-03-15T09:32:46.588685
UgxB_aUVttt0lJbKbXh4AaABAg,T5zPtARN1WE,@SekharSeedarapu,Ustaad ఊచాకొత 👌👌👌,14,2026-03-14T13:59:50Z,2026-03-15T09:32:46.588685
UgzCeOrYPdWJYtq8nJB4AaABAg,T5zPtARN1WE,@mr.kmk18,Super malli OG vibes,2,2026-03-14T14:04:11Z,2026-03-15T09:32:46.588685
UgysOFMCVgb9Hxyqi5h4AaABAg,sNUjYGdeWu8,@Aurstella,"<a href=""https://www.youtube.com/watch?v=sNUjYGdeWu8&amp;t=1247"">20:47</a> EXPECTED THA TAB BHI DARA DIYA MUMMYYY",163,2026-03-13T14:16:05Z,2026-03-15T09:32:50.101166
UgzXmSXAa8uPwWiiV0B4AaABAg,sNUjYGdeWu8,@ict_paglu,"<a href=""https://www.youtube.com/watch?v=sNUjYGdeWu8&amp;t=1266"">21:06</a> That jump scare actually sent my soul to the 5th floor. My heart is still vibrating. 📈💀",406,2026-03-13T14:29:15Z,2026-03-15T09:32:50.101166
UgwbcTF9Y5hAIM-RrYl4AaABAg,sNUjYGdeWu8,@fluffy_.berri3s,"<a href=""https://www.youtube.com/watch?v=sNUjYGdeWu8&amp;t=1190"">19:50</a> bhooth bhaiya be like👻:  aao tmhe apna moonwalk dikhata hu guyzzz😂😂",30,2026-03-13T17:17:29Z,2026-03-15T09:32:50.101166
UgzqYcu2M5-BEoA_Zop4AaABAg,sNUjYGdeWu8,@MahiDengra,"<a href=""https://www.youtube.com/watch?v=sNUjYGdeWu8&amp;t=1257"">20:57</a>   Brooooooo even when you warned me about the jumpscare it was damn scary holy shitttttt",46,2026-03-13T16:17:58Z,2026-03-15T09:32:50.101166
UgxyIDA5yWkT5KJgkbJ4AaABAg,sNUjYGdeWu8,@BirjisFatima-u2f,"<a href=""https://www.youtube.com/watch?v=sNUjYGdeWu8&amp;t=1198"">19:58</a> micheal jackson after he died😂(jk)",7,2026-03-13T17:41:06Z,2026-03-15T09:32:50.101166
Ugx77RYghu89lDoy5PB4AaABAg,sNUjYGdeWu8,@TRIGGU606,"<a href=""https://www.youtube.com/watch?v=sNUjYGdeWu8&amp;t=804"">13:24</a> 😂😂Game walon ne hi khelne se mana kardiya 😂",163,2026-03-13T13:58:01Z,2026-03-15T09:32:50.101166
Ugwg_iwjMQD8Z7LL4md4AaABAg,sNUjYGdeWu8,@shreya-r4l3u,"<a href=""https://www.youtube.com/watch?v=sNUjYGdeWu8&amp;t=490"">8:10</a> Me watching while eating <br>👁️ 👁️<br>   👄",216,2026-03-13T14:31:11Z,2026-03-15T09:32:50.101166
UgzWyF7DxKaGlTW_PC94AaABAg,sNUjYGdeWu8,@AbuBakar-v2u1b,"<a href=""https://www.youtube.com/watch?v=sNUjYGdeWu8&amp;t=1248"">20:48</a> my heart beat was stop",131,2026-03-13T14:29:31Z,2026-03-15T09:32:50.101166
Ugx20ofbhoWQ_WX-J8l4AaABAg,sNUjYGdeWu8,@JanabiBarik,Nischay bhaiya tha baby in yellow act4  bhaiya please khelo please please please please please please please please please please please please 🙏🏻🙏🏻🙏🏻🙏🏻🙏🏻🙏🏻😔😔😔😔😔😔😔😌😌😌😌😔😔😔🙏🏻🙏🏻🙏🏻🙏🏻🙏🏻  me apke bahot Nada fan me 13 years old 7the class,1,2026-03-15T03:59:55Z,2026-03-15T09:32:50.101166
UgwJ2oS6chxIVn7mCOF4AaABAg,sNUjYGdeWu8,@aarna-q9,"<a href=""https://www.youtube.com/watch?v=sNUjYGdeWu8&amp;t=1251"">20:51</a> Tere bhaiya meri chai gir gai",0,2026-03-15T04:00:44Z,2026-03-15T09:32:50.101166
UgwV1kB_VEbPdgiV7gZ4AaABAg,sNUjYGdeWu8,@iknowwhereulive-q2l,"<a href=""https://www.youtube.com/watch?v=sNUjYGdeWu8&amp;t=1477"">24:37</a> mai dargya aur phir aakpa face cam dekh lia<br>bhaiya haste haste 3 baar jumpscare dekh chuka hu",93,2026-03-13T14:26:51Z,2026-03-15T09:32:50.101166
UgxO4P1hNO8bh9yI1u14AaABAg,sNUjYGdeWu8,@Nishtha9598,"<a href=""https://www.youtube.com/watch?v=sNUjYGdeWu8&amp;t=3"">0:03</a> jacket phenne ka tareka thoda kezual hai😂😂",105,2026-03-13T13:46:50Z,2026-03-15T09:32:50.101166
UgxwWMydGERzplWijWV4AaABAg,sNUjYGdeWu8,@Black_Rose2012Anu,"<a href=""https://www.youtube.com/watch?v=sNUjYGdeWu8&amp;t=1477"">24:37</a> ! Really like his reaction 😂😂😂😂😂😂😂😂😂😂😂😂😊<br>Bhaiya I AM your big fan ❤❤❤❤❤",32,2026-03-13T14:14:35Z,2026-03-15T09:32:50.101166
UgwXeQn89Q4zo03jOON4AaABAg,sNUjYGdeWu8,@hitasisters3578,"<a href=""https://www.youtube.com/watch?v=sNUjYGdeWu8&amp;t=767"">12:47</a> Bro I love your evil laugh,apko to kirmada ka voice actor bana dena chahiye🤣🤣",7,2026-03-13T15:02:57Z,2026-03-15T09:32:50.101166
Ugwa3GC4K6VKlfaUHit4AaABAg,sNUjYGdeWu8,@sanjanajain7557,bhaiya jo yaha to hum computer ke under  computer ke under computer dekh rahe h . bahut accha illusion h 😂,1,2026-03-14T08:15:02Z,2026-03-15T09:32:50.101166
Ugxxl-vqDnplIur3iXN4AaABAg,sNUjYGdeWu8,@triggeredsamruddhi09,"<a href=""https://www.youtube.com/watch?v=sNUjYGdeWu8&amp;t=1484"">24:44</a> mansik santulan sahi me negative me chala gya hai😂",87,2026-03-13T14:24:59Z,2026-03-15T09:32:50.101166
UgwdF5Ic4WFqj0uDnwB4AaABAg,sNUjYGdeWu8,@AtasiSinha-h5f,"<a href=""https://www.youtube.com/watch?v=sNUjYGdeWu8&amp;t=1192"">19:52</a> &#39;Bhoot moonwalk karke gaya hai mere samne&#39; was epic 😂😂😂😂😂",36,2026-03-13T14:13:43Z,2026-03-15T09:32:50.101166
UgwaCftLJDMOxR2DgIV4AaABAg,sNUjYGdeWu8,@AUJLAPAGLU-o7u,"<a href=""https://www.youtube.com/watch?v=sNUjYGdeWu8&amp;t=1243"">20:43</a> bro predicted the jumpscare😂",187,2026-03-13T14:44:02Z,2026-03-15T09:32:50.101166
Ugw4cEyNHxWO-TjTg1V4AaABAg,sNUjYGdeWu8,@Drawntolife-c6f5h,Kon kon bhaiya k resident Evil starting se phir se dekhna waala hai,2,2026-03-13T19:36:18Z,2026-03-15T09:32:50.101166
Ugx4d_-a4_VZsOcc3Xx4AaABAg,sNUjYGdeWu8,@sanjukhari9289,Nishcay bhaiya me Aapka bohot bada fan hu mera naam Manit Khari hai aur Mai sirf 9 saal ka gyi aap mere toh sapne me sate ho aap saare game khele ho aapse meri bas ek request hai aap supreme duelist game khele pllleeeaaassee aur aap jab video Faalogo to mera naam lena please mera aapse Milne ka ek dream hai,0,2026-03-15T03:49:44Z,2026-03-15T09:32:50.101166
UgymTaGm8hxb1TfdvF14AaABAg,55KzMQB6b18,@abe1_YT_1,YouTube during normal days : 📉🥲<br>Youtube during exam days : 📈🥵,4607,2026-03-14T14:28:30Z,2026-03-15T09:32:50.835084
Ugx2OX9596cKzW8rvSN4AaABAg,55KzMQB6b18,@സഖാവ്2026,"<a href=""https://www.youtube.com/watch?v=55KzMQB6b18&amp;t=240"">4:00</a> ഈ ഡാൻസ് step എല്ലാം ചെയ്യാൻ നിഖിലക്ക ഇത്തിരി വിയർക്കും 😂",12,2026-03-15T03:45:06Z,2026-03-15T09:32:50.835084
Ugy8vwaMs0WRPgXGYf54AaABAg,55KzMQB6b18,@divyabalakrishnan7618,Anyone watching 15 March 😂,59,2026-03-15T02:40:14Z,2026-03-15T09:32:50.835084
UgylZmjX3I37HPfmyw94AaABAg,55KzMQB6b18,@kannansahajan,<b>വേദിക.....നീണ്ട 10 വർഷങ്ങൾക്ക് ശേഷം വീണ്ടും മലയാളത്തിൽ ഒരു ഐറ്റം നമ്പർ ആയി എത്തിട്ടുണ്ട് Guyzzz....</b> 💃💃💃💃,17,2026-03-15T03:19:40Z,2026-03-15T09:32:50.835084
UgwO8geVCMKNPBJCaPR4AaABAg,55KzMQB6b18,@rolexsir4766,നന്നായി nikhila ഒന്നും ചെയ്യാത്തത് <br>വേദിക പൊളിച്ചു❤,104,2026-03-15T01:45:11Z,2026-03-15T09:32:50.835084
UgzyfEJY67Ym7ERHs4Z4AaABAg,55KzMQB6b18,@Mr.ponjikkara0,"<a href=""https://www.youtube.com/watch?v=55KzMQB6b18&amp;t=137"">2:17</a> typical ആട്...😂",78,2026-03-14T17:16:43Z,2026-03-15T09:32:50.835084
Ugx7MO0wtO8yHFBmfoF4AaABAg,55KzMQB6b18,@AmalTovino_official_5,"<a href=""https://www.youtube.com/watch?v=55KzMQB6b18&amp;t=50"">0:50</a> 🔥🥵 വേദിക ഉഷാർ Performance",24,2026-03-14T20:40:41Z,2026-03-15T09:32:50.835084
Ugxe5NUMndqDvQsJyiN4AaABAg,55KzMQB6b18,@JKLEO80,ഓഹ് അപ്പൊ ഇതാണലെ ട്രൈലെർ ലാസ്റ്റ് വന്ന portion🙆‍♂️🔥💯,560,2026-03-14T15:12:58Z,2026-03-15T09:32:50.835084
UgzzheE-4x3vVCsr25J4AaABAg,55KzMQB6b18,@strikingvlogzz1379,Lyrics : 50/100🙄<br>Dance : 100/100💃<br>Bgm : 100/100🎼,968,2026-03-14T17:50:47Z,2026-03-15T09:32:50.835084
UgwZODEvY4yv5F1zhlZ4AaABAg,55KzMQB6b18,@GR-r7l,"The costume for Vedika is on the peak 🔥🔥so many patterns and sequence, bead, stone works. compared to any Bollywood item dance dresses, Mollywood just rocked on it❤<br>A new trend for wedding dress is coming 😀",134,2026-03-14T16:34:33Z,2026-03-15T09:32:50.835084
UgyznZxTJQr_QcXjoV94AaABAg,55KzMQB6b18,@Rafi_Kallayi,"<a href=""https://www.youtube.com/watch?v=55KzMQB6b18&amp;t=83"">1:23</a> Vinayakan Reaction😂❤️",210,2026-03-14T14:40:01Z,2026-03-15T09:32:50.835084
UgyAsERqYwO1_5hUaVJ4AaABAg,55KzMQB6b18,@Irfan22gfd,Kiduu song 🔥🔥<br>Vedhika ❤‍🔥📈,78,2026-03-14T15:41:25Z,2026-03-15T09:32:50.835084
UgzJQHvPzupG-ezcgIx4AaABAg,55KzMQB6b18,@jaywinmj,Vedika’s physic &amp; energy level 🥵🎉,485,2026-03-14T15:11:13Z,2026-03-15T09:32:50.835084
UgxOoFpHcb7ReQj-Zvd4AaABAg,55KzMQB6b18,@Bh4geera_2.0,Ufff.... Vedhika ❤️Her energy....!!🔥🔥🔥🔥🔥🔥📈,98,2026-03-14T16:45:35Z,2026-03-15T09:32:50.835084
UgxJlaMv8IRIzsaRMbV4AaABAg,55KzMQB6b18,@Haris_പൊന്നാനിക്കാരൻ,<b>ലെ വേദിക : നിന്നെ കൊണ്ടൊന്നും കൂട്ടിയാൽ കൂടില്ല നിഖില വിമലിന്റെ മോളെ😁&quot;വേദിക💥💃💖</b>,40,2026-03-14T16:38:53Z,2026-03-15T09:32:50.835084
UgzCHsPsp1vVfcRCbWx4AaABAg,55KzMQB6b18,@riyazboss8918,വേദിക ഒരേ പൊളി എന്താ എനർജി 🔥😎<br><br>shan ikkaa is Back🔥🔥🔥😎,52,2026-03-14T15:29:06Z,2026-03-15T09:32:50.835084
Ugw-ioH96AoivubgMz14AaABAg,55KzMQB6b18,@abiel_regi,ഒരു മിഥുൻ മാനുവൽ പടം🔥,70,2026-03-14T15:53:00Z,2026-03-15T09:32:50.835084
UgyOTxDK5EiXP99HlyZ4AaABAg,55KzMQB6b18,@AromalSuresh-pp4ij,Shaan rahman comeback 🔥📈,216,2026-03-14T14:37:13Z,2026-03-15T09:32:50.835084
UgwZT5n3LxN5oDafN0p4AaABAg,55KzMQB6b18,@ShyamVishnu19,കൊള്ളാം ഇനി insta കത്തിക്കാൻ പോവുന്ന ഐറ്റം 🕺🏻🕺🏻💃🏻💃🏻🔥❤‍🔥🥳🥳,123,2026-03-14T16:10:01Z,2026-03-15T09:32:50.835084
UgxIkZTukxIfEQNCvQh4AaABAg,55KzMQB6b18,@Owncut,Vedhika ❤❤<br>Shan rahman🔥🔥,46,2026-03-14T16:33:28Z,2026-03-15T09:32:50.835084
UgwGAf5krrQbWXfeXnx4AaABAg,3wTDEpsZb_c,@anwarvirani1964,Amazing Achcha trailer hai,0,2026-03-13T16:43:33Z,2026-03-15T09:32:51.824903
UgxUxOobpTk5DwrJKbp4AaABAg,3wTDEpsZb_c,@manish_yadav0128,Mast movie hai ❤❤,0,2026-03-14T18:43:07Z,2026-03-15T09:32:51.824903
UgwSZK6RXkCxNpyG3hd4AaABAg,3wTDEpsZb_c,@sadhnadubey2359,Very nice trailer 🎉,2,2026-03-13T05:11:30Z,2026-03-15T09:32:51.824903
UgxGn6gBDEih2_dzwTd4AaABAg,3wTDEpsZb_c,@SarfrajKhan-tz9ji,Kab aayega jaldi dalo bhai ❤❤❤❤,2,2026-03-14T04:57:17Z,2026-03-15T09:32:51.824903
UgyE6uW5g2bttxFJROV4AaABAg,3wTDEpsZb_c,@NanheYadav-o6k,खेसारी लाल यादव भैया जी के साथ कब आएगी,1,2026-03-13T13:05:01Z,2026-03-15T09:32:51.824903
UgxKqotV3vo0R3MrPK14AaABAg,3wTDEpsZb_c,@GoldenKumarSinha,Blockbuster 🎥 Movie Trailer 🌿 Keep it up👏🏻👏🏻👏🏻👏🏻👏🏻👏🏻👏🏻👏🏻👏🏻👏🏻👏🏻👏🏻👏🏻👏🏻👏🏻👏🏻👏🏻👏🏻👏🏻👏🏻👏🏻👏🏻👏🏻👏🏻👏🏻👏🏻👏🏻👏🏻👏🏻👏🏻👏🏻👏🏻👏🏻👏🏻👏🏻👏🏻👏🏻👏🏻👏🏻👏🏻👏🏻👏🏻👏🏻👏🏻👏🏻👏🏻😘,1,2026-03-13T07:29:14Z,2026-03-15T09:32:51.824903
UgyhryaqZ8c9oe4TNMV4AaABAg,3wTDEpsZb_c,@Suryabhan_vlog9234,Bhojpuri on top ❤,1,2026-03-13T00:38:02Z,2026-03-15T09:32:51.824903
UgybiSfEaBQXsJhi2b54AaABAg,3wTDEpsZb_c,@Mangesh..Kumar-e8k,❤❤❤❤❤❤❤❤❤❤❤❤❤❤❤❤❤❤❤❤❤❤❤❤❤ yah film kab aaegi Bhojpuri 2026,1,2026-03-13T01:07:06Z,2026-03-15T09:32:51.824903
UgwK2DUj2q1p6hOep8t4AaABAg,3wTDEpsZb_c,@VarshaVarsha-i3p9n,Tarelar itana acha hai to movie kitani hogi me to movie ka intajar kar rahi hu kab aegi movie,2,2026-03-13T09:42:04Z,2026-03-15T09:32:51.824903
UgyOkDSaJp85B48_Tup4AaABAg,3wTDEpsZb_c,@DevendraTiwari-f8l,❤❤❤😮❤❤❤❤❤,0,2026-03-13T16:57:25Z,2026-03-15T09:32:51.824903
UgyQJZxCb-k6UJpt3dh4AaABAg,3wTDEpsZb_c,@nutanchauhan9276,Bahot khubsurat bahu ho to aysi chhoti Bahu jaisi wah kya baat hai 😢😅dono saja hai ye movie ati sundar ❤❤❤❤❤❤💯👌,4,2026-03-13T03:21:47Z,2026-03-15T09:32:51.824903
Ugz7gfQ4ppNTOVsSOFl4AaABAg,3wTDEpsZb_c,@aazamnsaan8180,Real me aisa nahi hota jitna yeh log bata rahe hai bhai pahle hota hoga 😅,4,2026-03-13T11:04:26Z,2026-03-15T09:32:51.824903
Ugx9_aFE3W8lhYEJ5-N4AaABAg,3wTDEpsZb_c,@AjeetKumarSingh143,5 years after release today trailer release,2,2026-03-13T01:57:22Z,2026-03-15T09:32:51.824903
UgyKTZQcY7OqFLb3kwp4AaABAg,3wTDEpsZb_c,@GurpreetSingh-v9z2w,❤❤❤❤,1,2026-03-13T08:49:34Z,2026-03-15T09:32:51.824903
UgzI7E3nlnDxj6hsC394AaABAg,3wTDEpsZb_c,@SarfrajKhan-tz9ji,Bahut accha story hai jaldi dalo ab wait nahi ho raha hai 😂😂😂😂😂❤❤,2,2026-03-14T09:25:55Z,2026-03-15T09:32:51.824903
UgzyIFPk-De39WLRjWF4AaABAg,3wTDEpsZb_c,@JyotsnaTiwari-e5w,Isliye kaha jata hai bhauon ko ache se rakhna chaiye kyuki bhudpa inki bharosa pe rahata hai,10,2026-03-13T03:21:41Z,2026-03-15T09:32:51.824903
UgxBbI8sJQ9dFzA9vPJ4AaABAg,3wTDEpsZb_c,@SarfrajKhan-tz9ji,Jaldi dalo bhai ❤,4,2026-03-13T05:04:39Z,2026-03-15T09:32:51.824903
Ugwv5A-Rdqomw1j30h54AaABAg,3wTDEpsZb_c,@SantoshiKumari-u7y6e,Ye film kab aayega,4,2026-03-14T09:26:43Z,2026-03-15T09:32:51.824903
UgxpQVMvdylBhyQuE054AaABAg,3wTDEpsZb_c,@rajanrai9417,❤,1,2026-03-13T04:20:04Z,2026-03-15T09:32:51.824903
UgwLFPTVZ-vsAZyTqJh4AaABAg,3wTDEpsZb_c,@ashavardhan1897,Kya trailer hai😂😂 puri movie hi dikha di,0,2026-03-14T09:28:35Z,2026-03-15T09:32:51.824903
UgwH-iZIk-34J-ekSRZ4AaABAg,fnHtZ-Vqpkg,@Skdrakesk,Vote for durbeen army story part 2,5,2026-03-14T15:39:48Z,2026-03-15T09:32:52.733509
Ugzumnw0_grypWUR__J4AaABAg,fnHtZ-Vqpkg,@JaveriaKanwal-t5e,Let&#39;s vote for carry bhai face reveal ❤<br>👇,10,2026-03-14T15:24:17Z,2026-03-15T09:32:52.733509
UgyEtIXK8cvq1wVDscN4AaABAg,fnHtZ-Vqpkg,@DeepakUjjainwal-xk9cs,😂😮😊😅😢 Helo bhaiya ko pata tha mujhe bhi teleport karo yaar Minecraft video achcha hai na dragon Ball z a raha hai mera game of thrones mein,0,2026-03-14T17:16:51Z,2026-03-15T09:32:52.733509
UgzIMfe_81p69nROBdx4AaABAg,fnHtZ-Vqpkg,@RockGamer-4zbKingdom,Dolphin Tank India Part 2 please....20 min kaa chaiye,1,2026-03-15T03:28:55Z,2026-03-15T09:32:52.733509
UgzDmT8Zli7uCBMIyLt4AaABAg,fnHtZ-Vqpkg,@PrC-q5p,Who is favourite carry Depy like,1,2026-03-14T16:49:53Z,2026-03-15T09:32:52.733509
UgyRwJqWXYMJ75y34Dp4AaABAg,fnHtZ-Vqpkg,@realhblosoom7169,So beautiful videos,0,2026-03-14T14:25:26Z,2026-03-15T09:32:52.733509
Ugxkml4C0Lekti5Je7h4AaABAg,fnHtZ-Vqpkg,@PapuMughal-g2x9k,Mr beast ke har cartoon dekhe hue har challenge dekhe mein Tum bhi usse aaj,2,2026-03-14T14:46:52Z,2026-03-15T09:32:52.733509
UgyuiXTxB3ZDMgAzLCJ4AaABAg,fnHtZ-Vqpkg,@DP777-CR7,vedio me durbeen ko le kar vedio  banaya Karo kayoki durbeen funny hai,0,2026-03-14T15:30:49Z,2026-03-15T09:32:52.733509
Ugz92cULSJlhA7n-JcJ4AaABAg,fnHtZ-Vqpkg,@JaiPrakash-s1m,Carry minati main aapse kahana chahta hun ki aap bahut din ho gaye hain aap aap Durbin ke sath Van blog challenge karne nahin gaye hain😅😅😅😅😅😅😅😅😅😅😅😅😅,1,2026-03-14T14:22:31Z,2026-03-15T09:32:52.733509
UgwK_f2X-tzTQvIUI_h4AaABAg,fnHtZ-Vqpkg,@MinhajZamader,Tum itni achhi vidio kyase banate ho i am form west Bengal,0,2026-03-14T15:04:20Z,2026-03-15T09:32:52.733509
UgyqkQ6uDLUtYZ7aceF4AaABAg,fnHtZ-Vqpkg,@REDESTFF_302,Support karte raho carry bhai ko 🎉🎉🎉🎉🎉🎉,1,2026-03-14T14:25:57Z,2026-03-15T09:32:52.733509
Ugzk1JJ4K3MaQLnMFlR4AaABAg,fnHtZ-Vqpkg,@Toola-u1m8o,Funny team 👇👇👇,0,2026-03-14T15:15:52Z,2026-03-15T09:32:52.733509
UgzqWD0CO1mCDu5HDeV4AaABAg,fnHtZ-Vqpkg,@GOURAVGAMER-3228,Bic vedeo carry bhai❤❤❤,0,2026-03-14T14:17:07Z,2026-03-15T09:32:52.733509
UgwqcD86vOdrqXxKtw54AaABAg,fnHtZ-Vqpkg,@lordDark10_10,It is 2 best funnny,1,2026-03-14T13:41:15Z,2026-03-15T09:32:52.733509
Ugz2otjmEu-tVcaEKnJ4AaABAg,fnHtZ-Vqpkg,@onlylegendff-35,Vote for Durbin face reveal ❤<br>👇,0,2026-03-14T14:34:17Z,2026-03-15T09:32:52.733509
UgzwfnrS17uLnTCcxT94AaABAg,fnHtZ-Vqpkg,@EshaanHassan-b8w,Op video,1,2026-03-14T19:40:07Z,2026-03-15T09:32:52.733509
Ugw9gjRluJ9em9FoUPx4AaABAg,fnHtZ-Vqpkg,@모Snehaff,Omg,0,2026-03-14T12:34:52Z,2026-03-15T09:32:52.733509
UgzQ6amxKAfAa9RmyYJ4AaABAg,fnHtZ-Vqpkg,@SunnyBhardwaj-t1l,If mrbeast saw this video i gonna crazy😊,0,2026-03-14T13:27:21Z,2026-03-15T09:32:52.733509
UgyBOSTsHiHcHzhnPHd4AaABAg,fnHtZ-Vqpkg,@KhushbuKumari-x7w6o,Op,0,2026-03-14T14:53:52Z,2026-03-15T09:32:52.733509
UgwI_dc24rnp1gXOnPt4AaABAg,fnHtZ-Vqpkg,@progamingstant,best quality bike,1,2026-03-14T12:24:52Z,2026-03-15T09:32:52.733509
UgyePyMzCvBrzLYtpsR4AaABAg,_6NkHzf4zfM,@PrajithWipeGaming,First time GV Prakash has changed into school students,435,2026-03-13T14:41:36Z,2026-03-15T09:32:54.241758
UgyzimEWe7JCh7iEZ2N4AaABAg,_6NkHzf4zfM,@JesanSanjay,எலே சிதம்பரம் படிப்பு முக்கியம்லே😂,708,2026-03-13T14:41:44Z,2026-03-15T09:32:54.241758
UgygnuNMhTfe2eR4oYN4AaABAg,_6NkHzf4zfM,@skmsanjay.l6526,big treat for 12th students after public exam 🎉🎉🎉,131,2026-03-14T01:36:05Z,2026-03-15T09:32:54.241758
UgyhkDiQimxpwAHZQEZ4AaABAg,_6NkHzf4zfM,@JagaYtz,KEN on Every Songs 📈🤛 Lyrics 📈 Dance 📈,158,2026-03-13T15:23:07Z,2026-03-15T09:32:54.241758
UgzubfXB-UX3Awj-dYR4AaABAg,_6NkHzf4zfM,@sdstudios04,Padam Blockbuster Hit Aganum The Wishes From Pradeep Ranganathan Fans🔥💥🪄📈💯,375,2026-03-13T15:53:25Z,2026-03-15T09:32:54.241758
Ugxp3IbjHZcvPNt-M-J4AaABAg,_6NkHzf4zfM,@Hazzah23230,"<a href=""https://www.youtube.com/watch?v=_6NkHzf4zfM&amp;t=57"">0:57</a> Magic of GV❤️",133,2026-03-13T15:27:16Z,2026-03-15T09:32:54.241758
UgxizkNGkgrhB6Xn3VJ4AaABAg,_6NkHzf4zfM,@paramasivamsivanandham1731,24 வயசுல இவளோ திறமையை வளர்த்து உழைப்பதை பார்க்க உண்மையா சந்தோசமா இருக்கு 💐👌,167,2026-03-13T15:48:09Z,2026-03-15T09:32:54.241758
Ugzj-83dbzCRGrQWQnt4AaABAg,_6NkHzf4zfM,@NivethaRaman-t5d,"<a href=""https://www.youtube.com/watch?v=_6NkHzf4zfM&amp;t=97"">1:37</a> this portion hits different🔥",43,2026-03-13T16:55:01Z,2026-03-15T09:32:54.241758
UgyQoqLfw9wmDi1pIAl4AaABAg,_6NkHzf4zfM,@Vinoth-h4v8h,Tuesday maths public exam but tamil cinema updates day by day📈🗿,28,2026-03-13T15:02:51Z,2026-03-15T09:32:54.241758
Ugxt9AXhFvvv9ZMbXmx4AaABAg,_6NkHzf4zfM,@Rebokextran,Gv bro fan&#39;s. 📈😁,56,2026-03-13T17:49:37Z,2026-03-15T09:32:54.241758
UgyypZizOAHLwvBky5Z4AaABAg,_6NkHzf4zfM,@mr.pinkmedia9802,"gv and ken 🤩🤩 <a href=""https://www.youtube.com/watch?v=_6NkHzf4zfM&amp;t=33"">0:33</a>",56,2026-03-13T14:57:48Z,2026-03-15T09:32:54.241758
UgxqfD9r6eok2DMyZ-x4AaABAg,_6NkHzf4zfM,@Zaad-d2b,Need youth movie vj siddu vlogs mottamadi party 🎉❤💥,19,2026-03-13T20:11:06Z,2026-03-15T09:32:54.241758
UgwqVFEv9hY5JC0eWeR4AaABAg,_6NkHzf4zfM,@ktgaming5124,Gv fans like pannungka,53,2026-03-13T14:47:17Z,2026-03-15T09:32:54.241758
UgwQ8Z7kKSSFWMhY3vN4AaABAg,_6NkHzf4zfM,@SSKNOOR,"<a href=""https://www.youtube.com/watch?v=_6NkHzf4zfM&amp;t=44"">0:44</a> love sollitalaa 💕",39,2026-03-13T14:43:26Z,2026-03-15T09:32:54.241758
UgwKtt10zhn3j4EUpOR4AaABAg,_6NkHzf4zfM,@Giridharan-h3t,Dhanus &amp; GV fans ❤,44,2026-03-13T14:42:12Z,2026-03-15T09:32:54.241758
UgwbVk1EHR6SsNV-X394AaABAg,_6NkHzf4zfM,@gunabs4979,GV beat+Ken voice blast uh🔥🔥🔥,17,2026-03-13T15:25:55Z,2026-03-15T09:32:54.241758
UgxPeVFDKbhMejlI7BN4AaABAg,_6NkHzf4zfM,@baraniii.7,songg majava irukeyyy....🔥,27,2026-03-13T14:43:12Z,2026-03-15T09:32:54.241758
Ugz_oJfNthDyiPUHhy94AaABAg,_6NkHzf4zfM,@keerthana3596,hatsoff to GV for doing this album without any money from ken❤‍🔥,28,2026-03-13T15:00:41Z,2026-03-15T09:32:54.241758
Ugy5HuPW5NgSMfQ24BZ4AaABAg,_6NkHzf4zfM,@AAlex-z2c,தனுஷ்-வெற்றிமாறன்<br>ஜி.வி.பிரகாஷ்குமார் கூட்டணி ரசிகர்கள் எத்தனை பேர் இருக்கீங்க,37,2026-03-13T15:02:30Z,2026-03-15T09:32:54.241758
UgzX3_Y5JltnNivEyUV4AaABAg,_6NkHzf4zfM,@comedyplus-i5p,gv prakash payaluga da,42,2026-03-13T14:46:01Z,2026-03-15T09:32:54.241758
UgyBQqfzyra-jDLIbb14AaABAg,dvQgE-8noLs,@diljitdosanjh,KYA KAMAAL HAI 🎧 KYA AVAAZ HAI 😎,963,2026-03-13T09:05:03Z,2026-03-15T09:32:55.749149
UgxhmWCaAbF3LQL4bOZ4AaABAg,dvQgE-8noLs,@bluestareuphoria8644,After Ranbir... imtiaz new favourite diljit....❤❤,557,2026-03-13T08:04:17Z,2026-03-15T09:32:55.749149
UgyMa3Eat2GRDIWrLPZ4AaABAg,dvQgE-8noLs,@bikkeychhetri5722,Imtiaz being Imtiaz. Rehman being Rehman. Irshad being Irshad. ❤‍🩹,350,2026-03-13T07:49:24Z,2026-03-15T09:32:55.749149
UgzNZbp2qYUIRQ9rUgV4AaABAg,dvQgE-8noLs,@RahulSoni-om3yl,Diljit&#39;s voice &amp; A.R. Rahman&#39;s music ❤️,203,2026-03-13T08:23:41Z,2026-03-15T09:32:55.749149
UgxyYY1YDpLx4lhzYX14AaABAg,dvQgE-8noLs,@hhusnainn,"After Rockstar (2011), Highway (2014), Tamasha (2015), and Amar Singh Chamkila (2024), here comes another masterpiece.... Lethal combination of AR Rahman with Imtiaz Ali after Mani Ratnam.",79,2026-03-13T18:12:26Z,2026-03-15T09:32:55.749149
Ugxyvftv8HPZYwhNmlZ4AaABAg,dvQgE-8noLs,@YouTubeIndia,"liking, sharing and subscribing to this film with our whole heart ❤",172,2026-03-13T12:03:17Z,2026-03-15T09:32:55.749149
UgzZyiEylfEw8QkJ6XN4AaABAg,dvQgE-8noLs,@vrdsp1,Imtiaz + Diljit = Amazing work,2,2026-03-14T15:33:11Z,2026-03-15T09:32:55.749149
UgyvQ3d-uLLI1t-oUfx4AaABAg,dvQgE-8noLs,@lovepreetxp,Diljit....❤❤ Imitiaz.....❤❤,2,2026-03-14T16:44:43Z,2026-03-15T09:32:55.749149
UgzBKgGf1YHXD1mHhKp4AaABAg,dvQgE-8noLs,@Taitaixx1,M 50 baar teaser dekh chuka hu 😊❤,3,2026-03-14T08:35:57Z,2026-03-15T09:32:55.749149
Ugz4Lk63cYZOttVlVM54AaABAg,dvQgE-8noLs,@SUBHASISMITRA,"A R Rahman, beyond genius",71,2026-03-13T13:46:49Z,2026-03-15T09:32:55.749149
Ugzrk19Roxmtv40Kx6t4AaABAg,dvQgE-8noLs,@RtisticRanjeet,"kya trailer hai, goosebumps",4,2026-03-14T11:55:08Z,2026-03-15T09:32:55.749149
Ugxw749a_NjEqvqgzrx4AaABAg,dvQgE-8noLs,@VKM_Jr,Plz release this soul&#39; touching song ❤❤❤,3,2026-03-14T07:56:14Z,2026-03-15T09:32:55.749149
UgwXiajJ1IGFmkqHC6J4AaABAg,dvQgE-8noLs,@Humans-13355,Souful Music &amp; vocal<br>AR. RAHMAN sir &amp; DILJITH,23,2026-03-13T13:57:26Z,2026-03-15T09:32:55.749149
Ugxrjd-_mkm3_cJSkBt4AaABAg,dvQgE-8noLs,@madx8503,I&#39;m surprised how no one is talking about vedang<br>His acting is looking spectacular here,2,2026-03-14T20:44:46Z,2026-03-15T09:32:55.749149
UgwjdU_1-mQx5mnhVWd4AaABAg,dvQgE-8noLs,@chikatinaresh9463,❤❤❤❤❤❤<br>Excellent combo back,4,2026-03-14T12:27:01Z,2026-03-15T09:32:55.749149
UgzafBGvLFzw_nq9JPF4AaABAg,dvQgE-8noLs,@prajyotpatil4187,"Imtiaz Sir, AR Sir, Irshad Sir, Diljit ❤️❤️",34,2026-03-13T12:20:46Z,2026-03-15T09:32:55.749149
UgzPls7lvXlEhYrSrZV4AaABAg,dvQgE-8noLs,@golu_nagdeote,"Imtiaz Ali x A. R. Rahman, the OG duo 🥰",10,2026-03-13T13:19:51Z,2026-03-15T09:32:55.749149
Ugx44UgHhxBeTpKterJ4AaABAg,dvQgE-8noLs,@marshalldmaz,Banger Album on the way which will heal people for years. Excited. ARR. Imtiaz. Irshad.,80,2026-03-13T10:56:54Z,2026-03-15T09:32:55.749149
UgxWPIvYjbZMUp1ZiLF4AaABAg,dvQgE-8noLs,@xyztarik,Diljit Dosanjh &amp; Imtiaz Ali Combo 🤗💗,39,2026-03-13T11:46:29Z,2026-03-15T09:32:55.749149
UgyqaVsn7Q3os39c3iV4AaABAg,dvQgE-8noLs,@Arya-cs7kj,Dang! I felt the warmth just by watching the teaser!,3,2026-03-13T15:52:03Z,2026-03-15T09:32:55.749149
UgyM3RKPROcgNad5F_V4AaABAg,CWRfeB95ISo,@SEEMAKUMAWAT-d1d,2 hours ki GTA 5 ki video dalo bhai vote karo guys,9968,2026-03-11T08:35:12Z,2026-03-15T09:32:57.261849
UgzmRWbSvkk6fQwLd_x4AaABAg,CWRfeB95ISo,@DipakRadhana,Aaj pata chala ki Comment ko triple click krne par reply hota hai 😊,25272,2026-03-11T08:30:29Z,2026-03-15T09:32:57.261849
UgxIGtJKxXmQNeJBsg54AaABAg,CWRfeB95ISo,@AlokGupta-o6e,Bhai aap ne bola tha 50million per GTA 5 ki lagataar 10 video daloge guys vote karo,171,2026-03-14T09:23:21Z,2026-03-15T09:32:57.261849
UgzcvM67cLNMFeDwXn54AaABAg,CWRfeB95ISo,@ramashankarmaurya8808,Please play these games too:<br>1. Minecraft <br>2. Palworld <br>3. GTA V,14,2026-03-14T18:35:05Z,2026-03-15T09:32:57.261849
UgxZUB2WgMjGa7hVAo94AaABAg,CWRfeB95ISo,@MOODM1887,Vote for GTA V 😢,17575,2026-03-11T08:30:53Z,2026-03-15T09:32:57.261849
UgxLfWNY7Hg5X3NkBiZ4AaABAg,CWRfeB95ISo,@sanskarkumar100,Dhokha techno gamer ne bola tha lagatar 10 video launga 👿 GTA V ke aur sirf Abhi Tak 4 video aaya Hai support for GTA 5 ❤️2 hours 💪🏻,257,2026-03-13T08:48:53Z,2026-03-15T09:32:57.261849
UgxQ5Ma8hXw8kRanEiB4AaABAg,CWRfeB95ISo,@DineshKumar-sb3mu,Poppy playtime 5 khelo na please 🙏🙏,191,2026-03-12T14:49:38Z,2026-03-15T09:32:57.261849
Ugz7SVOL0oi5rfFCCa54AaABAg,CWRfeB95ISo,@tanish.gamer21,bhai ne promise thod diya guys vote karo fatafat GTA-V ke liye,1950,2026-03-11T11:58:18Z,2026-03-15T09:32:57.261849
UgzkLKesBat7Swk-d2d4AaABAg,CWRfeB95ISo,@salikramvish2328,Bhai poppy playtime chapter 5 broken things ke liye vote karo                <br>👇,322,2026-03-11T19:09:19Z,2026-03-15T09:32:57.261849
Ugww1wMGasaS99n1kg14AaABAg,CWRfeB95ISo,@varshapatil-u2u,Vote for rench simulator,0,2026-03-15T04:02:45Z,2026-03-15T09:32:57.261849
Ugzgpkb0Xg9_0KGGLwh4AaABAg,CWRfeB95ISo,@ShivanshBisariya,Kisi ne kuch bola tha ki 50 million pe 10 gta 5 video consecutive pr dikhaye nhi de rha ???? You guys seee 😤,383,2026-03-12T14:37:54Z,2026-03-15T09:32:57.261849
UgyKnHNMIaxOEZOAMXh4AaABAg,CWRfeB95ISo,@princejanghu3600,"<a href=""https://www.youtube.com/watch?v=CWRfeB95ISo&amp;t=10"">0:10</a> Lagatar 10 GTA 5 kii video ke beach me ye kah se ayygi 😅😅",1752,2026-03-11T10:26:54Z,2026-03-15T09:32:57.261849
UgysxvX4UhFJA7fruVh4AaABAg,CWRfeB95ISo,@mrbetureaction,GTA V ki video kahan gai aapane ki thi ki 10 video lagatar dalunga vote for GTA V video,308,2026-03-12T05:08:49Z,2026-03-15T09:32:57.261849
UgxiWQXh5CLqyoXHDHZ4AaABAg,CWRfeB95ISo,@LARMKIM-13a_-60,Vote for poppy play time 5😢😢😢,115,2026-03-12T17:23:08Z,2026-03-15T09:32:57.261849
UgyXySPN5Fthk49BmAN4AaABAg,CWRfeB95ISo,@SahilKiran-n7c,Lagatar 10 GTA V video we got scammed😢 vote for action 😢😢,632,2026-03-11T11:13:38Z,2026-03-15T09:32:57.261849
UgyJOtDqV4OfaO0Q_9d4AaABAg,CWRfeB95ISo,@HamidAkramAwan,Please poppy playtime chapter 5 par vote Karo 🎉🎉,71,2026-03-12T16:27:00Z,2026-03-15T09:32:57.261849
Ugxwrn5voykEwDsGOLZ4AaABAg,CWRfeB95ISo,@Soham-yq1hb,Poppy playtime chapter 5 ki video dalo please 😊😊,0,2026-03-15T04:01:13Z,2026-03-15T09:32:57.261849
Ugwu0k-yiEj4jDAzdkR4AaABAg,CWRfeB95ISo,@LearningWorld-123,Bro where is poppy playtime 5 vote vuys,176,2026-03-11T14:23:44Z,2026-03-15T09:32:57.261849
Ugwpwk9qvgPZbPRoz-d4AaABAg,CWRfeB95ISo,@PratikSagar-iw3ek,Vote for Poppy playtime chapter 5 gameplay ❤❤,8,2026-03-11T08:34:30Z,2026-03-15T09:32:57.261849
UgwT1XF95Fm-F93rghV4AaABAg,CWRfeB95ISo,@Foestro0,Vote for Poppy Playtime ch#5 !!!!,27,2026-03-13T17:12:29Z,2026-03-15T09:32:57.261849
UgwAc_b29TdDTqYOuSF4AaABAg,RiMpllYIcDM,@Psy_Pankajraj81,किस किस भाई को इस सॉन्ग अच्छा लगा है ❤❤❤❤❤❤❤❤,34,2026-03-13T03:16:21Z,2026-03-15T09:32:57.709711
UgwlQfixlCDfiC6YF1N4AaABAg,RiMpllYIcDM,@Sudamakumar-h7o,Beat song,1,2026-03-14T03:18:54Z,2026-03-15T09:32:57.709711
Ugz_bdoz7N2AX6r1k0p4AaABAg,RiMpllYIcDM,@Gps74,Jio bhaya🎉🎉,0,2026-03-13T07:06:45Z,2026-03-15T09:32:57.709711
UgwXLvLwyRCwE9hvKJh4AaABAg,RiMpllYIcDM,@BimleshYadav7388-my,"<a href=""https://www.youtube.com/watch?v=RiMpllYIcDM&amp;t=63"">1:03</a> Sourabh sugam bhaiya song support public log Karen 1M view target support public bhaiya Sourabh song hit karvayen <a href=""https://www.youtube.com/watch?v=RiMpllYIcDM&amp;t=128"">2:08</a>",6,2026-03-14T09:45:36Z,2026-03-15T09:32:57.709711
Ugz5hEMyh6gF1mmtTzd4AaABAg,RiMpllYIcDM,@DjManishaMusic-P2d,Superhit Songs,0,2026-03-13T06:28:23Z,2026-03-15T09:32:57.709711
Ugy1jBjytphg6G7W9cN4AaABAg,RiMpllYIcDM,@SR.Sagar_09,किस किस को लग रहा है कम से कम 1M तो जायेगा🤗,0,2026-03-15T02:40:06Z,2026-03-15T09:32:57.709711
Ugy5pJ5ZAgf32uGGgC94AaABAg,RiMpllYIcDM,@sonunigam78562,Jio ❤❤❤❤❤❤❤,0,2026-03-13T17:00:42Z,2026-03-15T09:32:57.709711
Ugw29Nci2ZSRwbkf4J54AaABAg,RiMpllYIcDM,@pankajpandit9820,Muskan kt ka Sabse Best song,0,2026-03-14T16:46:40Z,2026-03-15T09:32:57.709711
UgzrTKCeocWFpRdXUPZ4AaABAg,RiMpllYIcDM,@Raja___bihari___10k,पिया हो लाय दा ना टॉनिकबा | ❤❤❤❤,1,2026-03-13T04:46:36Z,2026-03-15T09:32:57.709711
UgwHO_2_X5WoAKREC-R4AaABAg,RiMpllYIcDM,@Maghiking2020,🔥😜😜,0,2026-03-13T04:35:26Z,2026-03-15T09:32:57.709711
UgzeQpKQ1Xj-fWSQ9px4AaABAg,RiMpllYIcDM,@sujeet_raja_official_999,Very nice ❤❤❤❤,0,2026-03-13T01:48:03Z,2026-03-15T09:32:57.709711
UgzVhuQXysOMhDFrbeJ4AaABAg,RiMpllYIcDM,@NirajRaj-i4l,🇯‌🇮‌🇴‌ 🇰‌🇦‌🇷‌🇪‌🇯‌🇦‌ 😂❤❤,3,2026-03-14T03:40:12Z,2026-03-15T09:32:57.709711
UgyWCDVqzE2tBOXlpe94AaABAg,RiMpllYIcDM,@ChhøtúR-h3e,Lovely song ❤❤,0,2026-03-13T14:13:00Z,2026-03-15T09:32:57.709711
UgwqfgcA2jczgR5b6U14AaABAg,RiMpllYIcDM,@samsheralam9247,Ye साल का सुपर सोंग है भाई,1,2026-03-14T10:34:44Z,2026-03-15T09:32:57.709711
UgzSIPxD7s98WXF-xGx4AaABAg,RiMpllYIcDM,@RaushanBhai77,Jio ho krega kya gana laya hai,0,2026-03-13T01:32:06Z,2026-03-15T09:32:57.709711
Ugw4niaVO2IubFJmfUx4AaABAg,RiMpllYIcDM,@KundanYadav-l5r,King of bihar Raja bhaiya hai Saurabh sugam yadav fan support kro ♥️👑👑,1,2026-03-13T02:24:41Z,2026-03-15T09:32:57.709711
UgyZa2mi2cydVaouAah4AaABAg,RiMpllYIcDM,@ChhotuKumar-t3e9q,"Beautiful song ❤️❤️❤️❤️❤️❤️❤️ <a href=""https://www.youtube.com/watch?v=RiMpllYIcDM&amp;t=21"">0:21</a>",0,2026-03-14T04:51:15Z,2026-03-15T09:32:57.709711
UgykPCMfUu-mvrHw5e54AaABAg,RiMpllYIcDM,@MonuKumar-rb5lp,Jis Desh Ke Lagta Hai Ki milian Chal Jaega gana,1,2026-03-13T07:35:55Z,2026-03-15T09:32:57.709711
UgxlLGibtNkAYLs1s4J4AaABAg,RiMpllYIcDM,@SriAnaniyaSingh,Bahut Mast Hai,1,2026-03-13T11:16:23Z,2026-03-15T09:32:57.709711
Ugxr8cZUP1HBsz0026h4AaABAg,RiMpllYIcDM,@ArvindKumar-i8c1z,Kamariya Rajasthani Sariya kamariya❤❤❤❤❤❤❤💃,0,2026-03-13T09:34:39Z,2026-03-15T09:32:57.709711
UgxH_kr41Ds_c0V7Vs54AaABAg,Zil4RlXJkrc,@541group,Akshay Kumar fans assemble here 👈,277,2026-03-12T10:07:07Z,2026-03-15T09:32:58.781073
Ugz86fSY0kiKRRsqIQp4AaABAg,Zil4RlXJkrc,@Englishwithganeshbhargav,Tu pushpa 2 dekh aur uski tarif kr usi ke layak h,10,2026-03-13T04:52:38Z,2026-03-15T09:32:58.781073
UgxT2NDEU9tWuI2NmXF4AaABAg,Zil4RlXJkrc,@PrinceKr-h5v8v,"<a href=""https://www.youtube.com/watch?v=Zil4RlXJkrc&amp;t=150"">2:30</a> biggest star of the planet of the universe 😂<br>Suraj line 😅",9,2026-03-12T14:14:56Z,2026-03-15T09:32:58.781073
UgwxqZE834hethhHy2x4AaABAg,Zil4RlXJkrc,@FilmyFallout,Phir Hera pheri with Bhool bhangla 😂,6,2026-03-12T10:55:08Z,2026-03-15T09:32:58.781073
Ugz2a_rrSB-Cag0Gfe54AaABAg,Zil4RlXJkrc,@Viral_video339,Tu poggo dekh Bhai 😂 hume tu purana akshay mila ❤,477,2026-03-12T11:31:23Z,2026-03-15T09:32:58.781073
UgwuY8xlXzFYfgNwFrl4AaABAg,Zil4RlXJkrc,@oxygenlife3456,Dusre media house se payment aa gyee iski ... Negative pr krne 😂😂😂😂,156,2026-03-12T14:29:57Z,2026-03-15T09:32:58.781073
UgxdAfL7CTzT-7mqT_14AaABAg,Zil4RlXJkrc,@shyamtyagi4802,YOGI bhai last 2 3 movie se dekh rha hu Review acha btare ho pr movie mei wo baat hai nhi kyoki apke review ke Baad movie dekhne jate hai jo movie nhi dekhni bhi hoti hai to,4,2026-03-12T12:14:13Z,2026-03-15T09:32:58.781073
UgzBclbheLHf9K-scNl4AaABAg,Zil4RlXJkrc,@541group,Bhooth bangla 🙅 <br>Bhool bhulaiya 2 ✅,274,2026-03-12T10:07:33Z,2026-03-15T09:32:58.781073
UgyRo6w8f6tMHq1jAGJ4AaABAg,Zil4RlXJkrc,@541group,Mujhe gali dene wale 👈,646,2026-03-12T10:08:01Z,2026-03-15T09:32:58.781073
UgxwGuEYNdsJAJbJjcx4AaABAg,Zil4RlXJkrc,@kuchu-puchu87,"Mai chahti hu... Yogi sir .. Dhurandhar 2 ki ticket giveaway kare ... Kon meri baat se agree krta hai ❤❤❤ <a href=""https://www.youtube.com/watch?v=Zil4RlXJkrc&amp;t=59"">0:59</a>",6,2026-03-12T14:21:22Z,2026-03-15T09:32:58.781073
UgwjxoJp7NIk79b4uwp4AaABAg,Zil4RlXJkrc,@anujgarg9602,Almost Bhool bhulaiya ki cast h aisa lag raha hai ki og Bhool bhulaiya 2 h troll karne waale movie dekhne nahi jaayege phir jab Fb ya Insta par clips upload hogi tab comment karke naam poochhenge,3,2026-03-12T12:02:57Z,2026-03-15T09:32:58.781073
UgyvH_7TALsbr6F9lK54AaABAg,Zil4RlXJkrc,@Radhe-q2e5b,Yogi ji jab bhi koi new film ka trailer dekhti hu aap ka review apne aap mere feed me aa jaata hai😅😊❤,2,2026-03-13T00:48:03Z,2026-03-15T09:32:58.781073
UgwzClJiDDUV29y3frx4AaABAg,Zil4RlXJkrc,@missionsscgd5632,आज पहेली बार gali dene ka man kar raha he yogi bhai 😮,283,2026-03-12T10:47:51Z,2026-03-15T09:32:58.781073
UgzngvHSN2NNbffSn_Z4AaABAg,Zil4RlXJkrc,@dheercopyninja0012,"<a href=""https://www.youtube.com/watch?v=Zil4RlXJkrc&amp;t=58"">0:58</a> Mithila😂😂 Apna Mythpat bhai movie me aa gyaa😂😂",2,2026-03-13T17:40:33Z,2026-03-15T09:32:58.781073
UgxRiCmnvRd8_Tinszp4AaABAg,Zil4RlXJkrc,@541group,Ramayana movie 💯✅,67,2026-03-12T10:08:14Z,2026-03-15T09:32:58.781073
Ugww3wb_9M5JiZuahAh4AaABAg,Zil4RlXJkrc,@prasadff5817,One Piece Review kro Bhai....❤,2,2026-03-12T13:44:38Z,2026-03-15T09:32:58.781073
UgxEDGHisTRMey6c-fx4AaABAg,Zil4RlXJkrc,@mohammadashraf166,Ab comedy comedy jaisi nhi lgti - akshay kumar comedy ab purani jaisi nhi lgti 🤡,12,2026-03-12T16:50:13Z,2026-03-15T09:32:58.781073
Ugw0iHVx0dzsB40YTA54AaABAg,Zil4RlXJkrc,@Vrushalimishra-x7q,Aki comedy.     Sir.   Dil chor hai sab ka ❤❤❤❤❤  gerat aki sir,1,2026-03-13T14:42:08Z,2026-03-15T09:32:58.781073
UgzznzUD6YFik3hLQTl4AaABAg,Zil4RlXJkrc,@Rishabhsingh-eo3qt,Blockbuster hogi BHOOTH BANGLA 🎉🎉🎉,6,2026-03-12T11:22:25Z,2026-03-15T09:32:58.781073
UgxHxYiPMABQRDsXJZ14AaABAg,Zil4RlXJkrc,@alankritdwivedi203,Review Aspirants season 3,1,2026-03-13T21:52:48Z,2026-03-15T09:32:58.781073
Ugwp5awBPvW5_klheuh4AaABAg,ADTiaJE3oP0,@PIXELNETOR,Hello bro aap se baat karni thi,16,2026-03-14T04:44:33Z,2026-03-15T09:33:00.293958
UgzUHhJcb0pNGHMA-OJ4AaABAg,ADTiaJE3oP0,@JishanKhan-d3z3k,P om,8,2026-03-14T09:42:06Z,2026-03-15T09:33:00.293958
UgxJTtNuM6F34XUJcmF4AaABAg,R3YSOXYGRs0,@SachinNaik-q1x6y,1st song ki baat he alag thi... 🙃,344,2026-03-12T08:50:43Z,2026-03-15T09:33:01.792254
UgzT4rbGLH121DFd2Sl4AaABAg,R3YSOXYGRs0,@Memestaan_OG,I wish joh pan haa comment wachat asel tyla life madhe tyache prem bhetu de deva Tyache aai baba la sukhi thev like the comment so mi parat parat yeun he song aikat jail this song have my heart 🤍🧿🫂,150,2026-03-12T14:34:14Z,2026-03-15T09:33:01.792254
Ugy2K7ckqMwmGWeNYKF4AaABAg,R3YSOXYGRs0,@PayalJadhav-e3r,"Majhi bay go 2.0 is okay🧿<br>But OG Hits Different ❤🥹  <a href=""https://www.youtube.com/watch?v=R3YSOXYGRs0&amp;t=65"">1:05</a>",144,2026-03-12T05:40:16Z,2026-03-15T09:33:01.792254
UgyWqTSganrig1UuSYJ4AaABAg,R3YSOXYGRs0,@voiceofsangh,"<a href=""https://www.youtube.com/watch?v=R3YSOXYGRs0&amp;t=189"">3:09</a> master emotional line 🥹",81,2026-03-12T07:57:01Z,2026-03-15T09:33:01.792254
UgwRmegkrvUX8XyfUNl4AaABAg,R3YSOXYGRs0,@Prachikshirsagar14,2.0 peksha first song khup khup bhari ahe kiti vela pn aikal tri man bharat nahi... mazhi bay goo song❤,23,2026-03-12T08:36:51Z,2026-03-15T09:33:01.792254
Ugxiwb_U-TXLE9qPgnZ4AaABAg,R3YSOXYGRs0,@GauriKeluskar-r1f,Shraddha di Ani nick da che ajun new songs ale phayje....💯,2,2026-03-14T18:52:09Z,2026-03-15T09:33:01.792254
UgxwfwBRoUhh6Z-eRT54AaABAg,R3YSOXYGRs0,@vishaldhanve3132,Kon kon wait krt ahe mya sarkh 😅,162,2026-03-12T07:28:17Z,2026-03-15T09:33:01.792254
UgyEiMjjVmuPsAad0hV4AaABAg,R3YSOXYGRs0,@artskalakendra123,Song मंदे प्रेमा ची फिलिग आहे😍🍃,18,2026-03-12T06:48:26Z,2026-03-15T09:33:01.792254
UgznHk0XexYGI8MEALl4AaABAg,R3YSOXYGRs0,@GettaShinde,"<a href=""https://www.youtube.com/watch?v=R3YSOXYGRs0&amp;t=209"">3:29</a> finally lagn zala..😚🌷❤️",35,2026-03-12T07:42:12Z,2026-03-15T09:33:01.792254
UgyAD7RmlrYdLkkBIo54AaABAg,R3YSOXYGRs0,@Yash_2219,कोणाकोणाला गाण्यातली जोडी आवडली <br>👇,19,2026-03-12T08:37:36Z,2026-03-15T09:33:01.792254
UgxKx29cHJZzi15yENR4AaABAg,R3YSOXYGRs0,@MangeshDandge-1820,पहिल्या song मुळे relationship मध्ये आलो होतो आणि आता हे song एकटा ऐकत आहे आता ते सोडून गेली पण 2.0 ची खूप वाट पाहिली ...❤️❤️‍🩹❤️,613,2026-03-12T08:12:49Z,2026-03-15T09:33:01.792254
Ugxy0lgnVt-l7ErvJFZ4AaABAg,R3YSOXYGRs0,@VaishuNavkar,The Favourite  duo is  Back...!! 🌷💕🥹,14,2026-03-12T08:19:18Z,2026-03-15T09:33:01.792254
UgwedIy59GD-LZ4tYP94AaABAg,R3YSOXYGRs0,@vinantighatgil6319,Shraanick finallyuyyyyyy❤❤❤❤,28,2026-03-12T07:32:55Z,2026-03-15T09:33:01.792254
UgxlagXyLX_auS1IUzt4AaABAg,R3YSOXYGRs0,@amyaameshram-fu8cc,1st time I&#39;m waiting for any song and is that song.....,22,2026-03-12T07:32:27Z,2026-03-15T09:33:01.792254
UgzmHciujSySG2p1wOh4AaABAg,R3YSOXYGRs0,@DJAshitKapilremix_Yavatmal,"<a href=""https://www.youtube.com/watch?v=R3YSOXYGRs0&amp;t=152"">2:32</a> is very heart touching ❤😍💕💕",10,2026-03-13T10:38:26Z,2026-03-15T09:33:01.792254
Ugz1C7qmsN_XoXfsuqp4AaABAg,R3YSOXYGRs0,@Roshan_Jha_Official,खुप आवडलं गाणं ❤️ एकदम भारी झाला आहे 🔥 खुप प्रेम द्या गाण्याला ❤,7,2026-03-12T07:33:08Z,2026-03-15T09:33:01.792254
Ugyb06vRJ9ku_CFWxRp4AaABAg,R3YSOXYGRs0,@ganeshjaiswal5972,The last part when maazi baaygo starts that&#39;s stole my heart❤,11,2026-03-12T09:59:26Z,2026-03-15T09:33:01.792254
UgxM9G2J89xYhjqcu0x4AaABAg,R3YSOXYGRs0,@Roshan_Jha_Official,"Majhi बाय 🔥🤍 Song खूप मस्त आहे, त्यातील प्रेमाची  feeling पन खुप छान आहे ❤️😍",7,2026-03-12T07:40:30Z,2026-03-15T09:33:01.792254
Ugy-_Alh_v7HV1FaLoZ4AaABAg,R3YSOXYGRs0,@sachinrajput78,"2026 frist marathi <a href=""https://www.youtube.com/watch?v=R3YSOXYGRs0&amp;t=118"">1:58</a> blockbster song😍😍",8,2026-03-12T08:09:33Z,2026-03-15T09:33:01.792254
UgzdQ4v1BZQA4EOoGm94AaABAg,R3YSOXYGRs0,@Ompawar_x7722,Aek number gan aahe Nick dada❤❤❤,6,2026-03-12T07:37:30Z,2026-03-15T09:33:01.792254
UgyiFYow4ZLiuLJr6Ux4AaABAg,NHk7scrb_9I,@SimpleHack-cs7ys,Animal violence 😂<br> Dhurandhar violence 💀,455,2026-03-13T19:04:41Z,2026-03-15T09:33:02.593187
Ugz99ABL3GrmacTlW_54AaABAg,NHk7scrb_9I,@keshavbhatia8453,Abe ruk ja bhai kitni baar dekhega trailer 😂😂,47682,2026-03-07T17:26:10Z,2026-03-15T09:33:02.593187
Ugzc-5x-BnzC9ecIJe54AaABAg,NHk7scrb_9I,@Adityapimple-b7z,RIP YRF Spy Universe...😅🪦💐,116,2026-03-09T10:52:20Z,2026-03-15T09:33:02.593187
UgxIDgu96vQJVWXEjLN4AaABAg,NHk7scrb_9I,@hydra_ak_1469,Anyone today on 15 march 2026,5,2026-03-15T03:38:15Z,2026-03-15T09:33:02.593187
UgyshYBlWlyde1E7PBR4AaABAg,NHk7scrb_9I,@RiteshYadav-mj1hl,"<a href=""https://www.youtube.com/watch?v=NHk7scrb_9I&amp;t=123"">2:03</a> Honsla ( Courage )<br>Eendhan ( Fuel )<br>Badla ( Revenge )...🔥🔥🔥",102,2026-03-13T03:34:00Z,2026-03-15T09:33:02.593187
UgzmznHxbNxuCXnFsOR4AaABAg,NHk7scrb_9I,@mbts4332,Trailer mein Bgm itna powerful h ki mera Dopamine😂 📈,139,2026-03-10T13:02:32Z,2026-03-15T09:33:02.593187
Ugz7avXnq-r2E8oeq6B4AaABAg,NHk7scrb_9I,@timepassadda007,Ek last time aur dekh leta hu Trailer 😅,566,2026-03-11T06:43:51Z,2026-03-15T09:33:02.593187
UgwVtBGuI3FDrp0evHh4AaABAg,NHk7scrb_9I,@Madhusudan-m9d,Other countries: Iran US war<br>INDIA : Dhu...Ran.....Dhar!! 😂,255,2026-03-14T01:53:02Z,2026-03-15T09:33:02.593187
UgxpulEymv-mAvjWYiZ4AaABAg,NHk7scrb_9I,@jaskaranKandhari,&quot;HONSLA=COURAGE<br>                EENDHAN=FUEL<br>                                   BADLA=REVENGE <br>                                                 WAS EPIC&quot;,2145,2026-03-10T17:06:53Z,2026-03-15T09:33:02.593187
Ugxsb0mNJscEh6-Q9oJ4AaABAg,NHk7scrb_9I,@AviralSaxena-o1g,Aditya sir ..trailer m thoda drugs milaye ho kya itna addictive  😂😂,1679,2026-03-09T17:14:02Z,2026-03-15T09:33:02.594297
UgxSMgpgwAw1XECNSMx4AaABAg,NHk7scrb_9I,@Akshay_editz12,Dhurandhar : Akshay Khanna 🗿<br>Dhurandhar 2 : Ranveer Singh ☠️,194,2026-03-07T11:21:48Z,2026-03-15T09:33:02.594297
UgzI2PbIYLUvN666Nr54AaABAg,NHk7scrb_9I,@rushivines,When I&#39;m watching the trailer <br>1st time = super 🤩<br>2nd time = awesome 😲<br>3rd time = addicted 🤑,70,2026-03-13T18:11:45Z,2026-03-15T09:33:02.594297
Ugxft4tbukhyJKruCQF4AaABAg,NHk7scrb_9I,@KiranRao-t4s,"Dhurandhar 1 sabr aur nazar🗿<br>Dhurandhar 2 honsla,eendhan,badla🗿",844,2026-03-07T10:02:51Z,2026-03-15T09:33:02.594297
UgwI3tW2w_ED6S80r9p4AaABAg,NHk7scrb_9I,@Lambor_Gaming,Movies hype in normal days  📉📉📉<br>Movies hype during exam days 📈📈📈,8884,2026-03-08T08:56:27Z,2026-03-15T09:33:02.594297
UgzakdcHf87o-Xw0zKV4AaABAg,NHk7scrb_9I,@bruhad77,"Director of URI 💀<br>                                 CHANGED TO,<br>  Director of DHURANDAR ☠️",16336,2026-03-07T12:50:00Z,2026-03-15T09:33:02.594297
Ugye6sxsjFCULG5HrtJ4AaABAg,NHk7scrb_9I,@tejaasvibhogra3749,"At <a href=""https://www.youtube.com/watch?v=NHk7scrb_9I&amp;t=170"">2:50</a> dialog  “Pakistan ka Mustakbil Hindustan tai krega “, you can see Indian Flag Blurred above Ranveer. peak detailing by Aditya Dhar",49,2026-03-13T20:17:25Z,2026-03-15T09:33:02.594297
UgyVGHw5eiFUQMza6Up4AaABAg,NHk7scrb_9I,@akshikayadav1091,Finland prez also waiting for dhurandhar 2<br>Peak detailing by aditya dhar😅,163,2026-03-09T17:26:33Z,2026-03-15T09:33:02.594297
UgxIPNNdRZuzGoCVv3F4AaABAg,NHk7scrb_9I,@VeereshYalal-1,Dhurandhar 🔥🔥🔥<br>Part 1 : Hamza vs rehman dakait <br>Part 2 : jaskirat  vs major iqbal,638,2026-03-07T10:49:35Z,2026-03-15T09:33:02.594297
Ugyd2XaejF8KTTT8XLh4AaABAg,NHk7scrb_9I,@mohammedhusengundiwala3105,Toxic : daddy&#39;s home..<br>Dhurandhar: ghar pe hi raho beta💀,185,2026-03-12T09:51:57Z,2026-03-15T09:33:02.594297
UgwjRyEesRW7Gxhco5N4AaABAg,NHk7scrb_9I,@hargovindsingh832,Watching trailer 23rd time 😂😂,10,2026-03-13T17:12:08Z,2026-03-15T09:33:02.594297
UgwBXwoU0HXriRJUIVl4AaABAg,5mFfoOVqMWE,@AbhishekPrajapati-sb7px,😅,9,2026-03-13T07:49:32Z,2026-03-15T09:33:03.289857
UgxpLxObZlHubmpLyrl4AaABAg,5mFfoOVqMWE,@Swarnadip223,Nice video ❤❤ apka story bhout acha hota hai brother 😊😊 ❤❤ please reply 😊,60,2026-03-13T01:51:13Z,2026-03-15T09:33:03.289857
UgxMjiZcRXELpZnjHMN4AaABAg,5mFfoOVqMWE,@AryanKumar-m1f7w,❤❤❤❤❤❤❤❤❤,2,2026-03-14T08:26:02Z,2026-03-15T09:33:03.289857
Ugzl_IJazHssR1eh9Rp4AaABAg,5mFfoOVqMWE,@QuestGaming-q1z,Bhaiya aap ache video bante ho Bhaiya😊,1,2026-03-14T14:15:53Z,2026-03-15T09:33:03.289857
UgwgCoA-zEtC5dMH-IR4AaABAg,5mFfoOVqMWE,@THARLEGEANT,Aapke jaisa main bhi video banana chahta hun lekin se bhai kaise banaun thoda bahut bata do bhai please😢😢😢😢,15,2026-03-13T05:14:31Z,2026-03-15T09:33:03.289857
Ugymop2juK5OlJB1xYR4AaABAg,Ljg68YzlQJo,@Mytargetvlogs,सब कोई रहेगा पेंडिंग में मेरा खेसारी भैया रहेगा ट्रेंडिंग में में कौनकौन कहते हैं❤❤❤❤,10,2026-03-12T01:02:34Z,2026-03-15T09:33:04.293655
Ugyh04UG0MI2oqfXgpN4AaABAg,Ljg68YzlQJo,@AmitYadav-h5l8j,Khesari lal yadav ji 15 march ka advance me Happy Birthday to you 🎉🎉❤❤❤❤❤,3,2026-03-13T08:08:11Z,2026-03-15T09:33:04.293655
UgySJttVAj0tBgAdRL94AaABAg,Ljg68YzlQJo,@ChunchunKhesari,15 मार्च को क्या है कौन कौन जानता है....?😊,7,2026-03-12T01:01:43Z,2026-03-15T09:33:04.293655
Ugz5p8AWl1mfIRHi6T94AaABAg,Ljg68YzlQJo,@VinayYadav12-t,कियू पड़े हो चक्कर में ❤ कोई नहीं है टक्कर में ❤,23,2026-03-12T01:35:23Z,2026-03-15T09:33:04.293655
UgwK66gkD-boiuEnxUB4AaABAg,Ljg68YzlQJo,@ChandanChanchal999,पवन फैन हाजिर हो 💯💯🤭<br>   जिओ हो हमार बेटा 😜😜😜,5,2026-03-12T01:06:13Z,2026-03-15T09:33:04.293655
UgxTILi1BLU2FZPEVt14AaABAg,Ljg68YzlQJo,@Mytargetvlogs,मत पडो किसी के चक्कर में कोई नहीं है खेसारी भैया के टक्कर में❤❤❤❤,8,2026-03-12T01:03:44Z,2026-03-15T09:33:04.293655
UgxlgiJdPOoE5AiEPEF4AaABAg,Ljg68YzlQJo,@Ahir_Anshu_Raj,तैयार रहना सभी खेसारी फैन <br>हमारे राजा भईया का जन्मदिन आ रहा है 🎂🎂<br>15 मार्च को🥰🥰🥰🥰🥰,12,2026-03-12T01:00:33Z,2026-03-15T09:33:04.293655
Ugwyurn5XYnfb7QceP94AaABAg,Ljg68YzlQJo,@Khesari_Music.K,सूर्यकुमार yadav के haters 🤡 के जीजा khesari भईया के fan&#39;s,144,2026-03-12T01:01:14Z,2026-03-15T09:33:04.293655
UgyrGyvn3nvZ6KOew5B4AaABAg,Ljg68YzlQJo,@rajkumar-y2l8i,Only KLY Can Save Bhojpuri...✅️,10,2026-03-12T02:08:39Z,2026-03-15T09:33:04.293655
Ugw_I5pDwetQpOQ_YoZ4AaABAg,Ljg68YzlQJo,@sudhanshu_5010,"फैंस का डिमांड है की, 15 मार्च को kly का बर्थडे रंगदारी सॉन्ग saregama से आना चाहिए 🔥💯",93,2026-03-12T01:00:36Z,2026-03-15T09:33:04.293655
Ugyznpeh3Ye1msqTwPt4AaABAg,Ljg68YzlQJo,@Mithilesh.yadav111,Bhai aap logon se hath jodkar request is gana ka ek bar jarur Apne shaadi Vivah mein jarur bajaye dhanyvad,17,2026-03-12T02:03:19Z,2026-03-15T09:33:04.293655
UgxiPEfR37vDCw_3oGN4AaABAg,Ljg68YzlQJo,@NiranjanYaduvanshi-r9k,यादव खानदान से कितने लोग गाना सुनने आया है। 💪💪💪,99,2026-03-12T01:01:56Z,2026-03-15T09:33:04.293655
UgyLLPT1ruBfNEfPyF14AaABAg,Ljg68YzlQJo,@Mytargetvlogs,ना पैसा लगता है ना खर्चा लगता है खेसारी भैया का गाना जाता है तो बहुतअच्छा लगता है❤❤❤❤❤❤,12,2026-03-12T01:01:56Z,2026-03-15T09:33:04.293655
Ugzz8S35hvR3OFnqXK14AaABAg,Ljg68YzlQJo,@InamKhan-tu8ue,Megha star ISI ko Kahate Hain bhai 🔥🔥🔥🔥🔥🔥,3,2026-03-14T12:50:25Z,2026-03-15T09:33:04.293655
UgyWjK58LzA-qXNi3Cx4AaABAg,Ljg68YzlQJo,@MukeshKusuwa,कमाल के संग है लभ ई खेसारी भईया ❤❤❤❤,7,2026-03-12T03:33:52Z,2026-03-15T09:33:04.293655
UgxyIaqcvvrYFZvtnA54AaABAg,Ljg68YzlQJo,@happygoldenmusic1372,बहुत अच्छा सॉन्ग है लेकिन रिस्पॉन्स अभी बहुत डाउन है ❤️❤️,20,2026-03-12T01:47:04Z,2026-03-15T09:33:04.293655
UgzEzemb8HJFfBgjRzh4AaABAg,Ljg68YzlQJo,@SimransonuYadav01,100 मिलियन जाएगा आप लोग बताइए कितनातक जाएगा,13,2026-03-12T03:38:13Z,2026-03-15T09:33:04.293655
Ugx8brNOnGhfPEFS7_54AaABAg,Ljg68YzlQJo,@Yadav-l8t6l,Training star ka Kaisa laga gana,0,2026-03-15T04:00:12Z,2026-03-15T09:33:04.293655
Ugy6qaehjJDGViolbfN4AaABAg,Ljg68YzlQJo,@bhojpuriyaveer8029,It&#39;s dangerous song by KLY❤❤,3,2026-03-13T10:11:40Z,2026-03-15T09:33:04.293655
Ugz71QkOqW8GoCjo--R4AaABAg,Ljg68YzlQJo,@AnkitPrajapati-i8t,Agar Pawan Singh depression mein Gaye to iska jimmedari khesari bhaiya ka hoga😂😂😂😂,13,2026-03-12T01:02:37Z,2026-03-15T09:33:04.293655
Ugy4NtviSBkaTMpnT6l4AaABAg,R7ruQwSFDBY,@LakshmiSundharam-i2d6w,Jeni akka and colour Koli anna fans like here 🎉❤🎉,153,2026-03-13T11:23:58Z,2026-03-15T09:33:07.640349
UgxdJ36I32HvjbFNJwl4AaABAg,R7ruQwSFDBY,@sadeeshKumar-k1r,Who are Jeni Akka fans like here guys 😊😊😊😊🎉🎉❤❤❤,236,2026-03-13T11:10:51Z,2026-03-15T09:33:07.640349
UgxYBdicaKGU5yt-rp94AaABAg,R7ruQwSFDBY,@RajuAshu-f5k,Vote for level devil with colour kozhi ❤❤❤❤,30,2026-03-13T11:59:14Z,2026-03-15T09:33:07.640349
UgxZVvhzNqVfEn_lnT94AaABAg,R7ruQwSFDBY,@S.Venkateswari,Jeni akka  and  colour. Kozhi  anna  fans assemble here,45,2026-03-13T12:03:30Z,2026-03-15T09:33:07.640349
UgxJf-USuOl8T22I7SJ4AaABAg,R7ruQwSFDBY,@mahalingam7955,Akka choo choo Charles nightmare mode part 2 and minecraft day-17 🙏,39,2026-03-13T11:40:10Z,2026-03-15T09:33:07.640349
UgwLfpVCdkVUBblnsEp4AaABAg,R7ruQwSFDBY,@sriram_king_007,"Granny series list :<br>1. Granny recapture car escape <br>2. Granny jet escape <br>3. Granny 2 return escape <br>4. Granny remake car, police, ufo escape <br>5. Granny reawakening basement escape <br>6. Granny elevator escape <br>7. Granny 3 bob and bug mode <br>8. Granny 5 art 1 and 2 update <br>9. Granny impossible mode gameplay <br>10. Granny angry remake gameplay <br>11. Slendrina X remake gameplay <br><br>Other gameplay list :<br>1. Minecraft day 17<br>2. Tai horror game chapter 2<br>3. Dark deseption chapter 5<br>4. Choo choo Charles nightmare gameplay part 2❤️❤️❤️",32,2026-03-13T12:13:16Z,2026-03-15T09:33:07.640349
UgxPyZVgp90Y_CThx1d4AaABAg,R7ruQwSFDBY,@LathaLatha-p1n,Hay akka granny video Nariyal pod🎉,25,2026-03-13T11:16:47Z,2026-03-15T09:33:07.640349
UgyqbvBb3FfLzoYJjQJ4AaABAg,R7ruQwSFDBY,@AgaramAnganwadi,Adutha video 2.0la pkxd podunga,18,2026-03-13T11:02:37Z,2026-03-15T09:33:07.640349
UgykHLTILCEncNyJM2F4AaABAg,R7ruQwSFDBY,@Kathirselvi-b8w,Hai akka idhe madhiri neraya granny video podunga❤️<br><br>I am granny game fan💗,20,2026-03-13T12:04:35Z,2026-03-15T09:33:07.640349
Ugx5RxEGVXBkDGtSvU54AaABAg,R7ruQwSFDBY,@SindhuBharathi-b6d,Vote for dark deception makkale<br>👇,3,2026-03-13T12:01:52Z,2026-03-15T09:33:07.640349
Ugwa0SFAZNZBJ4SVU0d4AaABAg,R7ruQwSFDBY,@Devidevi-jk9dp,Granny xic remake game play podunga akka pls,13,2026-03-13T11:16:36Z,2026-03-15T09:33:07.640349
Ugxf7bD4uuRHjFr315J4AaABAg,R7ruQwSFDBY,@Perumal-w6f,After hearing colour Koli voice 😍😍😍😍🥰🥰🥰🥰🥰🥰🥰☺️☺️☺️☺️☺️☺️😗😘😘😘😘😘😘😘😘,6,2026-03-13T12:04:13Z,2026-03-15T09:33:07.640349
Ugz6aw1sOF82Z2fFu8N4AaABAg,R7ruQwSFDBY,@ambikanaveen7156,Hi akka minecraft podunga pls akka minecraft podunga pls 🙏 akka 🙏 akka,8,2026-03-13T12:27:14Z,2026-03-15T09:33:07.640349
UgyMUcGzwG-F4oDHLL14AaABAg,R7ruQwSFDBY,@tvpeswari,aduthum Granny marathone continue pannunga,6,2026-03-13T13:31:33Z,2026-03-15T09:33:07.640349
UgwOK1Z7Nx31_7-8aKt4AaABAg,R7ruQwSFDBY,@RisayaBegum,Akka please ARK ULTIMATE MOBILE EDITION gamplay 😢😢😢😊😊😊😊❤❤❤❤❤❤,4,2026-03-13T12:42:22Z,2026-03-15T09:33:07.640349
UgwovBvywfBZzrAom854AaABAg,R7ruQwSFDBY,@VasanthiB-p2p,Hai jeni akka super video akka ❤️❤️❤️❤️❤️♥️♥️♥️♥️♥️😊😊😊,10,2026-03-13T11:12:47Z,2026-03-15T09:33:07.640349
Ugy4pRDSk3s36ogvHcp4AaABAg,R7ruQwSFDBY,@TNPP-v6w,"Hi akka i see your video  , one year or two year and colour Koli comedy and your reaction very nice",3,2026-03-13T13:32:51Z,2026-03-15T09:33:07.640349
UgwG4d6cyBUWTP0SY_Z4AaABAg,R7ruQwSFDBY,@poornimakm3152,Granny 6 please,10,2026-03-13T11:21:30Z,2026-03-15T09:33:07.640349
UgyDDrp7rsDTVpHy13l4AaABAg,R7ruQwSFDBY,@sivabalandiukshan,Super gaming akka. Vera  level akka. I like you. Your bigest fan akka. Super❤🎉🎉🎉🎉❤❤❤,1,2026-03-13T14:37:21Z,2026-03-15T09:33:07.640349
UgxUsk-MjreWDQ_7P6R4AaABAg,R7ruQwSFDBY,@pugazhpiano2005,Sister Granny 4 mortuary madness helicopter escape pannunga ❤❤,5,2026-03-13T12:25:47Z,2026-03-15T09:33:07.640349
UgzdjxZOUzZSf4w8Wq54AaABAg,5eeZmuR1_w0,@RaushanRohiEntertainment,"आप सब को कैसा लगा ये रंगदारी गाना ( कमेंट में बताये )<br> <a href=""https://www.youtube.com/watch?v=5eeZmuR1_w0"">https://youtu.be/5eeZmuR1_w0</a><br><a href=""https://www.youtube.com/watch?v=5eeZmuR1_w0"">https://youtu.be/5eeZmuR1_w0</a>",921,2026-03-12T02:31:05Z,2026-03-15T09:33:09.673698
UgxIPbHqan9Y7dlyfLZ4AaABAg,5eeZmuR1_w0,@rukeshthakurofficial9512,रोशन भैया का कटर फैन हाजिर हो❤,271,2026-03-12T01:31:53Z,2026-03-15T09:33:09.673698
UgwFL2YSyIyatSJvqMx4AaABAg,5eeZmuR1_w0,@SarvanKumarSinghBhokta,रोशन रोहि❤❤❤❤❤❤❤❤❤❤❤ ब्रांड भाई,1,2026-03-15T03:50:48Z,2026-03-15T09:33:09.673698
UgwNfHHHcrCf5XWAmr94AaABAg,5eeZmuR1_w0,@MadanRajaRaja,Super bhai jharkhand se hu roushn bhai🎉🎉🎉🎉🎉🎉🎉🎉🎉🎉,3,2026-03-12T14:05:51Z,2026-03-15T09:33:09.673698
UgwqZ7fBU-TMV_plYEV4AaABAg,5eeZmuR1_w0,@tunnadancer1425,"क्या रोशन भैया गाना आधा घंटा लेट आया है इसीलिए हमारा कमेंट वायरल नहीं हुआ 0 लाइक है 😢😢😢😢😢 <a href=""https://www.youtube.com/watch?v=5eeZmuR1_w0&amp;t=204"">3:24</a>",160,2026-03-12T01:50:19Z,2026-03-15T09:33:09.673698
UgxGTtiFIGXP4KeCl3d4AaABAg,5eeZmuR1_w0,@tunnadancer1425,सच बताएं भाई 😂 जब जब कोई गाना ( रोशन रोही एंटरटेनमेंट ) से आता है तब तब विरोधी को गाड़ जलता है 😂😂 किसको किसको लगता है इसलिए कि यह चैनल पर गाना ट्रेंडिंग एक पर चल जाता है ❤😂😂😂😂😂😂,474,2026-03-12T01:30:41Z,2026-03-15T09:33:09.673698
UgyQ0u6zELi3z6JpS8V4AaABAg,5eeZmuR1_w0,@RiteshKumarOfficial-v8q,आशीष यादव और चिंटू राजा डिप्रेशन में जायेगा तो इसका जिम्मेदार 😂 रौशन रोही भईया होंगे 😂,187,2026-03-12T01:42:54Z,2026-03-15T09:33:09.673698
UgzXP11d1wlUUS29iqZ4AaABAg,5eeZmuR1_w0,@SajanBharti243,मांझी समाज से फूल स्पोट रौशन भईया ⚔️⚔️⚔️👿😘🧏,1,2026-03-14T05:51:41Z,2026-03-15T09:33:09.673698
UgwDs5Ebli6KJNMr3914AaABAg,5eeZmuR1_w0,@SonamYadav-5,आज मेरी मां ka birthday hai per zero like koi bhi Vish nahin kiya dekhte hain apni Maa Se kitne log Dil Se pyar karte😢 Hain,158,2026-03-12T03:52:35Z,2026-03-15T09:33:09.673698
Ugxz5y9ehDwSW2l0JuB4AaABAg,5eeZmuR1_w0,@AnnaRohiya,जेल स्टार रौशन रोही भैयाऔर राइटर राजा रौशन भईया को जब भी गाना आता है गया जिला हिल देता है हर हर महादेव हम है अन्ना रोहिया ❤❤❤❤,5,2026-03-13T20:59:34Z,2026-03-15T09:33:09.673698
Ugxzrb0AVYYJchDMiM54AaABAg,5eeZmuR1_w0,@ChandanKumar-s8x8o,यादव समाज से कौन-कौन सुन रहे हैं ❤🎉❤🎉,1,2026-03-12T08:24:30Z,2026-03-15T09:33:09.673698
UgwZG8jdc27cTZZrclF4AaABAg,5eeZmuR1_w0,@SonamYadav-5,न पुलिस से रिपोर्ट करता है ना अदालत में जब भी रोशन भैया का गाना आता है तो फिर भी विस्फोट होता है मेरी बात से कौन कौन सहमत है ❤,27,2026-03-12T03:54:23Z,2026-03-15T09:33:09.673698
UgwaAvGNprs-aiJgehZ4AaABAg,5eeZmuR1_w0,@rajanraaj656,रोशन भैया का जी गाना का इंतजार था उसे गाना गया है तो उसको दिलदार प्यार दीजिए भाई लोग❤❤❤,44,2026-03-12T01:33:58Z,2026-03-15T09:33:09.673698
UgyEGN3a8hWq6HWE7mR4AaABAg,5eeZmuR1_w0,@UmeshYadav-q9b5b,Only for Raushan king of maghi ❤❤❤❤❤❤,2,2026-03-12T07:28:35Z,2026-03-15T09:33:09.673698
UgyiYHDcUE-Cn3AF-TZ4AaABAg,5eeZmuR1_w0,@Rohitbiharikumar,आज देखते हैं कि रौशन रोही भईया से कौन कौन प्यार करते हैं ❤❤❤❤❤,34,2026-03-12T13:27:50Z,2026-03-15T09:33:09.673698
UgwIku_DtBSOOh50B2l4AaABAg,5eeZmuR1_w0,@dharmendradhamaalofficial7005,जब जब सोंग जेल स्टार के आता है बिहार झारखंड यूपी बंगाल में गर्दा मचैले है❤jio sher jalwa hai roshan bhaiya je❤❤,9,2026-03-12T16:53:56Z,2026-03-15T09:33:09.673698
Ugx9XTTx1C3Ir7ggAfJ4AaABAg,5eeZmuR1_w0,@UttamSingh.Mr.Indan.Hacker,Very very super mere Bhai Roshan Singh and super chilam ke Bala ke liye gana song Gaya nikala hai yaar Dil Se salute,1,2026-03-12T13:24:09Z,2026-03-15T09:33:09.673698
UgxAI_ls0gcFZERPU5l4AaABAg,5eeZmuR1_w0,@ChandanKumarSharma-q3w2r,Song mast hai bhaiya ji ⚔️⚔️⚔️⚔️💪💪💪🙋🙋🙋💫💫💫🤗🤗🤗💫💫💫👑👑👑👑,5,2026-03-12T05:32:31Z,2026-03-15T09:33:09.673698
UgyrcsxAvszwln5j2AN4AaABAg,5eeZmuR1_w0,@SatishKumar-fp9jp,23 number trending pe aa gya bhai ❤🎉 अभी रुकना नहीं है 1नंबर इसको भी लाना है😊🔥,1,2026-03-13T13:32:15Z,2026-03-15T09:33:09.673698
Ugw8hggM5QMRbF-LMed4AaABAg,5eeZmuR1_w0,@Akash_Kumar-11-k4t,रौशन रोही भैया का नाच नागिन जैसन यह गाना 40 मिलियन पार हो गया यह बात जान कर कौन कौन खुश हैं ❤❤❤❤❤,44,2026-03-12T01:45:41Z,2026-03-15T09:33:09.673698
UgyKjg07W2UOSVJ8A7R4AaABAg,mCxwmNkXGDI,@TechnoArtProductionz,Aaaaaarrrreeeee Yooouuuuu Reeeaaadyyyyyyyyy ?????? 🎉❤,202,2026-03-13T20:05:59Z,2026-03-15T09:33:10.142633
UgzMvCZtO90JE1LAjQB4AaABAg,mCxwmNkXGDI,@SkkingClking,ଏବେ ସବୁଠି ଆମ ସମସ୍ତଙ୍କ <br> ପ୍ରିୟ ସୁର୍ଯ୍ୟମୟୀ❤,80,2026-03-14T05:54:15Z,2026-03-15T09:33:10.142633
UgxjR3ZAHjRYdcnGHy94AaABAg,mCxwmNkXGDI,@ollywoodspeaker90,ଲେଖିକି ରଖିଦିଅ ଅନୁପମ ପଟ୍ଟନାୟକ ଙ୍କ ପାଇଁ ଦିନେ ପୁରା ollywood ଗର୍ବିତ ହେଵ 🙏<br>Best wishes To Entire Team Mantramugh 💥,126,2026-03-14T06:24:49Z,2026-03-15T09:33:10.142633
Ugy5meO2IGyotxkhJjF4AaABAg,mCxwmNkXGDI,@SaiswarupBarik-2031,Day by day anupam patnaik&#39;s film hype level 📈📈,18,2026-03-14T10:43:59Z,2026-03-15T09:33:10.142633
UgyN88GnrrRNRI9BzIN4AaABAg,mCxwmNkXGDI,@SanataniBhatka,"ଏହି ଫିଲ୍ମ ନିଶ୍ଚୟ ଭାବେ ଗୋଟେ blockbuster ହେବ ବୋଲି ଆମର ଦୃଢ ଆଶା। <br>ଅନୁପମ ପଟ୍ଟନାୟକ ଏହାକୁ ସମ୍ଭବ କରିଦେଇଛନ୍ତି। ସେ ଏହି ଫିଲ୍ମ ପାଇଁ ବହୁତ ସମୟ ନେଇଛନ୍ତି, ଅନେକ ପରିଶ୍ରମ କରିଛନ୍ତି। ସୁପରଷ୍ଟାରମାନଙ୍କୁ ପଛରେ ରଖି ସେ ସନୋଜ ଓ ମନମୟଙ୍କୁ ଆଗକୁ ଆଣିଛନ୍ତି। ଏହା ନିଶ୍ଚୟ ଭାବେ ତାଙ୍କ ପାଇଁ ଗୋଟେ ବଡ ପରୀକ୍ଷା, କିନ୍ତୁ ସେ ଏଥିରେ ଜିତିବେ। 100 percent",65,2026-03-13T20:37:43Z,2026-03-15T09:33:10.142633
UgwISADGEQOrVf9nlcB4AaABAg,mCxwmNkXGDI,@subhamediting123,Suryamayee Acting Queen ❤❤,13,2026-03-14T05:48:48Z,2026-03-15T09:33:10.142633
UgxlcKonjrIu878L4ep4AaABAg,mCxwmNkXGDI,@jitendralifestyle_24,ବାବା ଛି ଛି dialogue best epic 😅😅😅😅😅,12,2026-03-14T08:04:46Z,2026-03-15T09:33:10.142633
Ugx7jRqjwjfDwTTEK514AaABAg,mCxwmNkXGDI,@AshishBaliarasingh,Again the queen is back ......<br>Suriyamayee mam is extremely talented heroine ❤,9,2026-03-14T06:19:25Z,2026-03-15T09:33:10.142633
UgyPy7LHrk364wxv-ZJ4AaABAg,mCxwmNkXGDI,@RZSNAYAK,1day re 1m views karidia public ❤🎉,26,2026-03-14T05:09:34Z,2026-03-15T09:33:10.142633
UgxbPfpX4NJLJ76Kxvh4AaABAg,mCxwmNkXGDI,@SahilOdiaReview,Super teaser 😮😮😮 omg ଏମିତି ସିନେମା ଆସିବା ଦରକାର ଓଡ଼ିଆ ସିନେମା ଜଗତରେ ଗୋଟେ ନୂଆ ଇତିହାସ ବନେଇବ ଏଇ ସିନେମା thankyou Anupam Patnaik to make this type of  movie😊😊😊😊😊,25,2026-03-14T06:00:46Z,2026-03-15T09:33:10.142633
UgyEwYpfu-SbrGo5ADN4AaABAg,mCxwmNkXGDI,@RZSNAYAK,Babushan siranka story dekhiki kie asicha like kara ❤,6,2026-03-14T10:56:03Z,2026-03-15T09:33:10.142633
UgzZdb6ONu0ePDhmEeV4AaABAg,mCxwmNkXGDI,@deepakkumarnayak6341,New duo suryamyee bhumika wow,7,2026-03-14T09:11:13Z,2026-03-15T09:33:10.142633
Ugygj0w_6-YoyVFQhsd4AaABAg,mCxwmNkXGDI,@RahulNaik-bp3dq,Sheshare bahut dina ra apekhya ra anta hela ❤❤❤mu puni thare suryamayee ka acting ra jadu dekhibaku existed achhii ❤❤❤❤❤,10,2026-03-13T21:31:22Z,2026-03-15T09:33:10.142633
UgzdVGdICkHetWJJ_Yp4AaABAg,mCxwmNkXGDI,@p.pnayak6238,"Nex Level Odia Movie, Soooo feel proud 👍👍👍😍😍🫶❤️❤️",3,2026-03-14T16:39:00Z,2026-03-15T09:33:10.142633
UgxwEQ4y-v8Gic2G6lh4AaABAg,mCxwmNkXGDI,@RZSNAYAK,100 million views ❤🎉,16,2026-03-14T04:08:41Z,2026-03-15T09:33:10.142633
Ugzsuq1369c2BkSEAfV4AaABAg,mCxwmNkXGDI,@susilasamal6754,Teaser dekhi mun manta mugdha heigali❤,7,2026-03-14T06:27:09Z,2026-03-15T09:33:10.142633
UgztcCHJJVFgOlpQYGh4AaABAg,mCxwmNkXGDI,@SkAnkit-x7m,1m views jiba aji hi blockbuster loading ❤🎉,12,2026-03-14T05:13:16Z,2026-03-15T09:33:10.142633
UgxY79aOy4x2yr6iAOF4AaABAg,mCxwmNkXGDI,@OfficialMadhusudan,Blockbuster loading❤❤❤❤<br>Anupam pattanaik fan attention please❤❤❤,3,2026-03-14T13:17:25Z,2026-03-15T09:33:10.142633
UgyPRgqRMFhIOYsoWwd4AaABAg,mCxwmNkXGDI,@TutuPradhan-g7m8c,Anupam pattnayak kara au gote blockbuster movies,6,2026-03-14T07:59:05Z,2026-03-15T09:33:10.142633
Ugy1w_UZESEMbxUjEvh4AaABAg,mCxwmNkXGDI,@SantuSinghh,Odia industri ra no.1 director anupam sir ❤❤❤❤❤❤,8,2026-03-14T05:55:40Z,2026-03-15T09:33:10.142633
UgzLD7ksWNxc_jYP66R4AaABAg,tRpCtwZGsAQ,@DipakRadhana,The Random Person who like this comment get 96 marks 😮😮😊😅,540,2026-03-13T12:30:42Z,2026-03-15T09:33:11.216522
UgwdOrrd5rjrNgMAzUh4AaABAg,tRpCtwZGsAQ,@ShalluCharak-g8j,Sonic face revel vote<br>👇,254,2026-03-13T13:39:38Z,2026-03-15T09:33:11.216522
UgxLrtSHBgUCi6M-xgd4AaABAg,tRpCtwZGsAQ,@DipakRadhana,Aaj mera birthday hai but 0 like 😢😢😢,199,2026-03-13T12:34:39Z,2026-03-15T09:33:11.216522
UgyflYCwSxdM08Jl8A14AaABAg,tRpCtwZGsAQ,@PoonamPandey-f6t,Sonic face reveal 👇🏻,3,2026-03-15T01:55:15Z,2026-03-15T09:33:11.216522
UgzdF4bLxxNjT51-8YZ4AaABAg,tRpCtwZGsAQ,@muralidharbarik3140,Vote for sonic face riveal,9,2026-03-14T11:43:01Z,2026-03-15T09:33:11.216522
UgyRrU8nYmwK5R0Tyrd4AaABAg,tRpCtwZGsAQ,@HemendraMorwar,Shayari mein likhta hun Holi aati Hai mujhe aati Hai,22,2026-03-13T15:17:48Z,2026-03-15T09:33:11.216522
UgxurhqIM6n35_tv67l4AaABAg,tRpCtwZGsAQ,@MdMazedul-w9w,Sonoc bhai face reveal please vote<br>👇,1,2026-03-15T01:55:40Z,2026-03-15T09:33:11.216522
UgzkxkqV6nIVLWdC9bN4AaABAg,tRpCtwZGsAQ,@angelchanhau,Hello mini army Tum donon hai na khelo roblox mein tank wala game,4,2026-03-14T10:07:52Z,2026-03-15T09:33:11.216522
UgyYRQvVewApvnWjB2R4AaABAg,tRpCtwZGsAQ,@NHBlack-h8f,Thank for 84 subscriber,9,2026-03-14T00:34:40Z,2026-03-15T09:33:11.216522
Ugx_7g1vdg0-9Rr3suB4AaABAg,tRpCtwZGsAQ,@SharadaDawadi-l3u,"<a href=""https://www.youtube.com/watch?v=tRpCtwZGsAQ&amp;t=45"">0:45</a> 0 like player😊",45,2026-03-13T13:29:17Z,2026-03-15T09:33:11.216522
Ugw7OTiwZ6KipvEPl_Z4AaABAg,tRpCtwZGsAQ,@UjwalUjwal-p3q,"<a href=""https://www.youtube.com/watch?v=tRpCtwZGsAQ&amp;t=76"">1:16</a>",14,2026-03-14T06:49:56Z,2026-03-15T09:33:11.216522
UgwEVeAHuAW1HQKyVGp4AaABAg,tRpCtwZGsAQ,@choti2224,Shivang bhai how did you get robox please say i am your big fan please 🙏🙏🙏🙏🙏🙏🙏🙏🙏🙏🙏🙏,6,2026-03-14T14:44:34Z,2026-03-15T09:33:11.216522
Ugxd0Doj-DzqjlX1Bnp4AaABAg,tRpCtwZGsAQ,@LaxmiSahoo-t1r,Deepak Bhai startup de dena,0,2026-03-15T03:47:06Z,2026-03-15T09:33:11.216522
UgzfbrbR-A86WZci_xZ4AaABAg,tRpCtwZGsAQ,@RameshSah-j3z7o,67,35,2026-03-13T16:41:52Z,2026-03-15T09:33:11.216522
UgzbZrurez2YXIbjodN4AaABAg,tRpCtwZGsAQ,@zzx777Ff,Op,27,2026-03-13T13:13:31Z,2026-03-15T09:33:11.216522
UgxmYqenQuWpnv8LMYp4AaABAg,tRpCtwZGsAQ,@DigitalGaming5000,Shivangi Bhai bahut ache,7,2026-03-14T06:49:33Z,2026-03-15T09:33:11.216522
Ugzt7HHJo0hGwbBEsUJ4AaABAg,tRpCtwZGsAQ,@izeGhost,yes now   will get soutout,23,2026-03-13T13:57:51Z,2026-03-15T09:33:11.216522
UgyAarVgB9CU0VsWLcV4AaABAg,tRpCtwZGsAQ,@GamesetupwithArgo,Shivang bhai blox fruit ki video banao bohot views ayenge pls 😢😢❤❤❤❤❤,33,2026-03-13T14:01:09Z,2026-03-15T09:33:11.216522
UgwmHC0kqboWOEKcUlx4AaABAg,tRpCtwZGsAQ,@ShahaniBano-z4x,First❤,41,2026-03-13T12:30:30Z,2026-03-15T09:33:11.216522
UgwYsDajag7Ky7SmHgZ4AaABAg,tRpCtwZGsAQ,@BharatBhushan-pn5re,Face reveal brosky,19,2026-03-13T19:16:31Z,2026-03-15T09:33:11.216522
UgxOqEOxHThZtJYVy5d4AaABAg,Y1UT4sNR4O0,@GaurabhRawat-s8k,❤❤ bhai,0,2026-03-14T11:47:03Z,2026-03-15T09:33:12.121794
Ugw2QmItFm_3dhc_cbp4AaABAg,Y1UT4sNR4O0,@KuljeetKumar-u8d,❤❤❤❤❤❤❤❤,0,2026-03-15T02:23:39Z,2026-03-15T09:33:12.121794
UgyB2cjaAgzDDV7aXit4AaABAg,Y1UT4sNR4O0,@Rajmangal-z3p,😅😅❤❤❤❤❤❤❤❤,1,2026-03-13T12:11:08Z,2026-03-15T09:33:12.121794
UgyPQgZQKWK0IjacgSN4AaABAg,Y1UT4sNR4O0,@KUSUMPATEL-l5m,R,0,2026-03-13T22:07:34Z,2026-03-15T09:33:12.121794
UgyHpbsoc-iaw87hy514AaABAg,Y1UT4sNR4O0,@rangdarShanwajAlam-j6b,❤️❤️❤️❤️❤️❤️♥️♥️🥰Hello,10,2026-03-13T09:51:43Z,2026-03-15T09:33:12.121794
Ugw8SSm3hqTSzqJIubB4AaABAg,Y1UT4sNR4O0,@Ramsurat.munita-x3k,❤❤❤❤🎉🎉🎉🎉,1,2026-03-14T10:48:53Z,2026-03-15T09:33:12.121794
UgyRpA0aR1hEnAUX4RJ4AaABAg,Y1UT4sNR4O0,@RajeshKumar-sj9ih,❤❤❤❤❤❤❤❤Ha,3,2026-03-14T06:10:52Z,2026-03-15T09:33:12.121794
UgxH9RJvUWYURVeHdj14AaABAg,Y1UT4sNR4O0,@SabnmKumari-n4p,❤❤❤❤❤❤❤ 🥰hello,7,2026-03-13T13:14:21Z,2026-03-15T09:33:12.121794
Ugw9wqomJsP3vBtV86h4AaABAg,Y1UT4sNR4O0,@KuljeetKumar-u8d,🎉😢🎉😮❤😮😢😮😂😢😢❤🎉❤,0,2026-03-15T02:23:56Z,2026-03-15T09:33:12.121794
Ugx3oLF1TmaSB_eRIhd4AaABAg,Y1UT4sNR4O0,@Rajmangal-z3p,❤❤❤❤,1,2026-03-13T12:10:47Z,2026-03-15T09:33:12.121794
UgwpICxgHuui7qXsG3B4AaABAg,Y1UT4sNR4O0,@ShahnawazAzmi-i3r3r,❤❤❤❤❤❤❤❤❤❤❤❤❤❤❤❤❤❤❤❤❤❤❤❤❤❤❤❤❤❤❤❤❤❤❤❤❤❤😢😢😢😢😢😢😢😢😢😢😢😢,5,2026-03-13T03:44:22Z,2026-03-15T09:33:12.121794
Ugx8CtHGUVSJJspHn1V4AaABAg,Y1UT4sNR4O0,@SanjuSanju-w8o4k,😂😂😂😂😂😂😂😂😂😂😂😂😂😂😂😂😂😂😂😂😂😂😂😂😂😂😂😂😂😂😂😂😂😂😂😂,1,2026-03-14T08:06:02Z,2026-03-15T09:33:12.121794
UgwXIMM9paogoL-rJ_d4AaABAg,PMch3kAoG04,@A.S-A365,పక్క ఎంటర్టైనర్ మూవీ ఫ్యాన్స్ కి సూపర్ ఉంటుంది ❤️‍🔥💯✊,103,2026-03-14T13:28:35Z,2026-03-15T09:33:12.968179
Ugy3_exZIrGoB6tJAMx4AaABAg,PMch3kAoG04,@eswar5529,జై పవర్ స్టార్,51,2026-03-14T13:28:41Z,2026-03-15T09:33:12.968179
UgxIj8vlrDqHx31EmZh4AaABAg,PMch3kAoG04,@sathishkumarnaik5945,Excellent ట్రెయిలర్.... excellent బాగా నచ్చింది.... కామన్ ఆడియన్స్ కి కూడా బాగా నచ్చుతుంది,30,2026-03-14T14:06:57Z,2026-03-15T09:33:12.968179
UgwhZq5PN7QunKTM6Px4AaABAg,PMch3kAoG04,@padhujogi239,No negativity bro<br>Trailer excellent blockbuster 🔥👌🔥👌🙏🔥👌🙏🔥👌🙏👍👍👍⭐️⭐️⭐️,32,2026-03-14T13:55:24Z,2026-03-15T09:33:12.968179
Ugy45DS0-1HuEL2gtK14AaABAg,PMch3kAoG04,@ps_pk_yt947,సూపర్ ట్రైలర్ <br>జై పవర్ స్టార్,30,2026-03-14T13:50:29Z,2026-03-15T09:33:12.968179
UgwGmE8G4_jMJHINqnh4AaABAg,PMch3kAoG04,@UlliRakesh,Bagundi traler❤,21,2026-03-14T13:51:35Z,2026-03-15T09:33:12.968179
UgwR_eKcsV6wfrWw4zV4AaABAg,PMch3kAoG04,@Mahesh-j2w5r,19th March ఉస్తాద్ ఊచకోత,7,2026-03-14T13:48:55Z,2026-03-15T09:33:12.968179
Ugz1mnmOJAKxH4Zjmk54AaABAg,PMch3kAoG04,@khadarrbashaa8427,"Nuvu em expression pettavo, text format lo raayi bro. Chala kastam ga undi guess cheyadam😢😢😢😢",10,2026-03-14T13:46:24Z,2026-03-15T09:33:12.968179
UgyTMqfEqcjA2vLaMht4AaABAg,PMch3kAoG04,@rajuburla-dk4no,1st like manade,7,2026-03-14T13:28:24Z,2026-03-15T09:33:12.968179
Ugxdknrgq36e5skiqbx4AaABAg,PMch3kAoG04,@manikatam4016,Nuvvu duradhar1 ki alagay cheppav baledhu ani,14,2026-03-14T13:42:02Z,2026-03-15T09:33:12.968179
UgxYxYAL0WuIYQxo9Kl4AaABAg,PMch3kAoG04,@gollapallinageswararao5520,నీకు అల్లు అర్జున్ +ప్రభాస్ అంటే ఇష్టం కదా అన్న,14,2026-03-14T14:12:32Z,2026-03-15T09:33:12.968179
UgwGbgN2yKvAPJXNCWB4AaABAg,PMch3kAoG04,@Nishanthbasvabaktula,Babu lake babu kalyan babu❤,23,2026-03-14T13:28:12Z,2026-03-15T09:33:12.968179
UgzJJhxi8aC4A9CggM14AaABAg,PMch3kAoG04,@CDP6403,I think 1st ustad bahagath Singh trailers is osm  durandar next,3,2026-03-14T13:39:21Z,2026-03-15T09:33:12.968179
UgwIYBVh9xHMKIaup8J4AaABAg,PMch3kAoG04,@rajenderfgi2049,రెండు నిమిషాల వీడియో కి ఎనిమిది నిమిషాల విశ్లేషణ మీరు సూపర్ కాదు కాదు అంతకు మించి..,5,2026-03-14T14:23:29Z,2026-03-15T09:33:12.968179
UgzKBw6S0-_Dt8zHR4R4AaABAg,PMch3kAoG04,@dandurohith9791,Bhayya mari nv oka movie tesi chupinchu ga bro mari,1,2026-03-14T18:45:15Z,2026-03-15T09:33:12.968179
UgxzpipzNcGNGCO7IX54AaABAg,PMch3kAoG04,@Gorrela.rambabu-kq8jb,😮😮😮😮,2,2026-03-14T13:44:57Z,2026-03-15T09:33:12.968179
UgzvIYpy8xL5v3zUXwB4AaABAg,PMch3kAoG04,@NarendraPiccha,సూపర్ అన్న ఉన్నది ఉన్నట్టు చెప్పావు,1,2026-03-14T14:01:28Z,2026-03-15T09:33:12.968179
UgwPTECulVAp51NDK2B4AaABAg,PMch3kAoG04,@kirannagu-s2v,Bagundhi nice,0,2026-03-14T13:56:41Z,2026-03-15T09:33:12.968179
Ugx2JxeGG9-f7bREiol4AaABAg,PMch3kAoG04,@NAGABUSHANAKC,Super,3,2026-03-14T13:30:53Z,2026-03-15T09:33:12.968179
UgyeQHaZ47Def99VF7V4AaABAg,PMch3kAoG04,@HemaSundar-do7xi,❤,2,2026-03-14T13:28:09Z,2026-03-15T09:33:12.968179
UgzK__zPkpEkhVgjptt4AaABAg,aS2fHur1dPY,@SONUBHAI-sn,नमक - 5 किलो<br>इमली - 500 ग्राम<br>शहद - 1 बोतल<br>काजू - 500 ग्राम<br>बादाम - 500 ग्राम<br>किशमिश - 250 ग्राम<br>मखाना - 250 ग्राम<br>नमकीन सेव - 1 किलो<br>पापड़ - 2 पैकेट<br>चायपत्ती - 500 ग्राम<br>कॉफी - 250 ग्राम<br>दूध पाउडर - 500 ग्राम<br>बिस्किट - 2 पैकेट<br>टमाटर सॉस - 1 बोतल<br>अचार - 1 जार<br>गेहूं का आटा - 10 किलो<br>चावल - 10 किलो<br>चावल का आटा - 2 किलो<br>बेसन - 2 किलो<br>मक्कई का आटा - 1 किलो<br>सूजी - 2 किलो<br>पोहा - 1 किलो<br>सेवई - 500 ग्राम<br>तूर दाल - 2 किलो<br>उड़द दाल (गोली) - 2 किलो<br>उड़द दाल (धुली) - 1 किलो<br>मूंग दाल पीली - 2 किलो<br>मूंग दाल हरी - 1 किलो<br>चना दाल - 2 किलो<br>मसूर दाल - 1 किलो<br>राजमा - 2 किलो<br>चना (काबुली) - 2 किलो<br>मटर दाल - 1 किलो<br>लोबिया - 2 किलो<br>हल्दी पाउडर - 200 ग्राम<br>लाल मिर्च पाउडर - 200 ग्राम<br>साबुत लाल मिर्च - 200 ग्राम<br>धनिया पाउडर - 500 ग्राम<br>जीरा - 250 ग्राम<br>अजवाइन - 100 ग्राम<br>सरसों के बीज - 250 ग्राम<br>मेथी दाना - 100 ग्राम<br>हींग - 50 ग्राम<br>गरम मसाला - 100 ग्राम<br>चाट मसाला - 1 पैकेट<br>अमच,771,2026-03-13T07:09:26Z,2026-03-15T09:33:17.584436
UgwL5hzaUiVc9y1k-Ih4AaABAg,aS2fHur1dPY,@MRGODLegendYT,Boro-boro ❌<br>Commedy king  👑 ✔️🤣🤣🤣,152,2026-03-13T07:16:10Z,2026-03-15T09:33:17.584436
UgwY3njJSEirJ3H4y054AaABAg,aS2fHur1dPY,@RamOFFICIAL-2k,"<a href=""https://www.youtube.com/watch?v=aS2fHur1dPY&amp;t=67"">1:07</a> face print dikha hi nhi 😂😂",23,2026-03-13T08:47:44Z,2026-03-15T09:33:17.584436
UgxOA5lOOgCUtjjNKvt4AaABAg,aS2fHur1dPY,@SUNG_JINWOO100M,Thank you guys for 200 subscribers ❤❤🎉,1,2026-03-13T11:31:13Z,2026-03-15T09:33:17.584436
UgzQpWl7f7zbLZ9bLW94AaABAg,aS2fHur1dPY,@KSGaming-wins,Thanks for 46 subscribers❤❤🎉🎉,1,2026-03-13T16:20:00Z,2026-03-15T09:33:17.584436
UgxAON1EEkNvZOkP1q14AaABAg,aS2fHur1dPY,@RC_ANSHU_FF,Kon kon notification dekh Kar aaya Hai🎉🎉,12,2026-03-13T06:59:38Z,2026-03-15T09:33:17.584436
Ugz-GAyLz985ItR22rt4AaABAg,aS2fHur1dPY,@rp_army_69,Thank you for 20 subscribers 😅😅,14,2026-03-13T07:01:20Z,2026-03-15T09:33:17.584436
UgxtafFeSfKixu9p5sV4AaABAg,aS2fHur1dPY,@I.S.Gaming.2.0,Bhai log jo bhi mujhe support karenge usko marii taraf se 1000 diamond 💎 <br>Too.. jaldi jaldi apni UID send Karo mare ko fast..🫵🫂,9,2026-03-13T18:54:14Z,2026-03-15T09:33:17.584436
UgxDmOtstYvs-kAM3Ct4AaABAg,aS2fHur1dPY,@GopalBc-j8t,Bhai 500 ka limit ko de do,0,2026-03-15T04:01:31Z,2026-03-15T09:33:17.584436
Ugy6zzGkQuEvt-mjxhB4AaABAg,aS2fHur1dPY,@SSgang_67,Mere first try mein 9 diamond nikla tha firbi diamond nhi hai😅😅 Lucky wheel mein,6,2026-03-13T08:18:48Z,2026-03-15T09:33:17.584436
UgzThJGP-dVPSweMn1x4AaABAg,aS2fHur1dPY,@Safwaan_ff77,Satvik bhai aapane meri request kyon nahin uthai Hai❤❤🫂🫂💯💯🥺🥺😭😭🥰🥰😍😍😔😔,6,2026-03-13T10:58:15Z,2026-03-15T09:33:17.584436
Ugyq2v9dkX_j5huXHiZ4AaABAg,aS2fHur1dPY,@TanishSharma-r6t,Mujhe bi Kuch Gift 🎁 De Do🥲,9,2026-03-13T07:00:44Z,2026-03-15T09:33:17.584436
UgwXrBCHZ607leVWfst4AaABAg,aS2fHur1dPY,@TGRLIVE007,Guys mera edit kaisa hai 😅,4,2026-03-13T07:52:13Z,2026-03-15T09:33:17.584436
UgxmDeEutuwNTP-fGx54AaABAg,aS2fHur1dPY,@SadiaFatima-j3s,Satvik bhai AP ka prime 5 sa 4 ho gya ha,11,2026-03-13T07:41:55Z,2026-03-15T09:33:17.584436
UgzWHV5Ba0aasIkVohV4AaABAg,aS2fHur1dPY,@DEADLYISHANT-4,"Oneshot india sab jagah hai 😂😂 <a href=""https://www.youtube.com/watch?v=aS2fHur1dPY&amp;t=105"">1:45</a>",8,2026-03-13T09:19:25Z,2026-03-15T09:33:17.584436
UgzpjRWV6R2EILuia8d4AaABAg,aS2fHur1dPY,@Epic_FunZone,Tnx for 600s subscriber🎉🎉<br>❤❤❤❤❤❤❤❤❤❤❤,0,2026-03-13T18:49:16Z,2026-03-15T09:33:17.584436
UgzRtunnvfGi07KLIdt4AaABAg,aS2fHur1dPY,@SayedNoorulhasan,"<a href=""https://www.youtube.com/watch?v=aS2fHur1dPY&amp;t=932"">15:32</a> tung tung mera pehla pyar 😂",7,2026-03-13T16:57:06Z,2026-03-15T09:33:17.584436
UgxV4BMazbu8WtXQ5uV4AaABAg,aS2fHur1dPY,@The_Goja,SATVIK. Bhai 😂😂,7,2026-03-13T10:30:01Z,2026-03-15T09:33:17.584436
UgxBJJ063mnd6cXGEWt4AaABAg,aS2fHur1dPY,@DHARMAYUJADHAV,"Satvik abhi <a href=""https://www.youtube.com/watch?v=aS2fHur1dPY&amp;t=669"">11:09</a> ko aap mere game me aye the aur shooter bhai vishnu bhai aur dc chinmay bhai❤❤❤❤❤❤ mera dream pura hogya he bhai apko game me dekhne ka ❤❤❤❤❤❤",5,2026-03-13T08:31:11Z,2026-03-15T09:33:17.584436
Ugxb5wt-YFjolVNRWzZ4AaABAg,aS2fHur1dPY,@BaladevYT,Thenks for 100 subscriber ❤,7,2026-03-13T07:09:31Z,2026-03-15T09:33:17.584436
Ugwiv9RmUf1fphXslnJ4AaABAg,6iTDTOxjmRs,@rahulkumaradarshi2065,Nice song,0,2026-03-15T02:25:21Z,2026-03-15T09:33:20.138473
UgyBPu9g7E-6Yfb0VN54AaABAg,6iTDTOxjmRs,@Nandani2Kumari-j3i,Bahut acha ❤❤❤❤❤❤ bhai bahut acha gana hai bahut bar sune hai a gana best song our aage badhiye bhaiya,0,2026-03-15T03:44:10Z,2026-03-15T09:33:20.138473
UgzyxG5gFmfimWIJy494AaABAg,6iTDTOxjmRs,@cricket-motivat,सुपर से भी ऊपर ❤❤❤❤❤❤❤❤❤❤❤😊😊😊😊😊😊😊😊😊😊❤❤❤,2,2026-03-14T11:00:50Z,2026-03-15T09:33:20.138473
UgyPcaI9UI6MkFiaq-x4AaABAg,6iTDTOxjmRs,@RanjanKumar-f7f7i,So sweet ❤❤,0,2026-03-15T02:50:00Z,2026-03-15T09:33:20.138473
Ugx3vWBdjm02WC1LBhN4AaABAg,6iTDTOxjmRs,@DineshKumar-b4q9n,❤️❤️❤️❤️❤️❤️❤️❤️❤️❤️❤️❤️❤️❤️,1,2026-03-14T07:06:49Z,2026-03-15T09:33:20.138473
UgydpxJOiFHokQ0TW6h4AaABAg,6iTDTOxjmRs,@AbhimanyuKumar-h9o,Super song❤,2,2026-03-14T07:09:29Z,2026-03-15T09:33:20.138473
UgzfMjpTFdreta3wRwt4AaABAg,6iTDTOxjmRs,@रणधीरसेनाबरमुंडीपंचायत,बहुत बहुत बधाई जी एडिटर भाई ने लिखा है  बहुत ही बढ़िया,4,2026-03-14T06:18:35Z,2026-03-15T09:33:20.138473
Ugx2fOFBTmbzqhUB4KJ4AaABAg,6iTDTOxjmRs,@RohitPaswan-v5g,Bahut song hai,6,2026-03-14T05:09:51Z,2026-03-15T09:33:20.138473
UgwRFIX1m_eqY0Kj0m94AaABAg,6iTDTOxjmRs,@BabluKumar-rg2fe,Congratulations 👏👏👏👏,3,2026-03-15T02:01:26Z,2026-03-15T09:33:20.138473
UgxVPp1jHNCnV0JUFTZ4AaABAg,6iTDTOxjmRs,@SAGAR_0.22,Bhai ji ka asli  chanel kaun sa hai bahut log download kar ke     upload kar raha hai,2,2026-03-14T10:43:20Z,2026-03-15T09:33:20.138473
UgwOZWl_ofS9d91yGUp4AaABAg,6iTDTOxjmRs,@anisansari2789,Male voice not good,4,2026-03-15T03:07:02Z,2026-03-15T09:33:20.138473
UgwwL2lFGi9eZdcdxXV4AaABAg,6iTDTOxjmRs,@RajKumar-n2v4t,❤❤❤❤❤❤❤❤❤❤❤❤❤❤❤❤❤❤❤❤❤,1,2026-03-14T02:27:58Z,2026-03-15T09:33:20.138473
UgwQauNpYKzR6Ymn86F4AaABAg,6iTDTOxjmRs,@BabluPandit-q2z,Ase hi chaye rahiye,6,2026-03-14T04:38:01Z,2026-03-15T09:33:20.138473
UgxkiuJjRpAgvrvW-fV4AaABAg,6iTDTOxjmRs,@AashishKumar-g8l7j,😅😅Bhuth aacha hai ye song ❤❤❤👌👌😜😜😆😆😀😀🎉🎉🎉,10,2026-03-14T05:52:00Z,2026-03-15T09:33:20.138473
UgwYztwBHlIYnqVzaZx4AaABAg,6iTDTOxjmRs,@RajeshKumarYadav-r9b,❤❤❤❤❤❤❤,1,2026-03-13T16:07:27Z,2026-03-15T09:33:20.138473
Ugw_8xJX-HBJ8btRUvd4AaABAg,6iTDTOxjmRs,@BinaKumari-z7n,Sach me kya,1,2026-03-15T02:04:53Z,2026-03-15T09:33:20.138473
UgyAJCtzzEgZR53L1d54AaABAg,6iTDTOxjmRs,@RahulKumarYadav-u7h,So cute bhaiya,4,2026-03-14T04:27:18Z,2026-03-15T09:33:20.138473
UgwCnjIm-BGsn0EKafZ4AaABAg,6iTDTOxjmRs,@PankajKumar-w3t5y,Trending song bhai ji❤❤❤,1,2026-03-14T08:05:27Z,2026-03-15T09:33:20.138473
Ugx5BiwIw8synizQocV4AaABAg,6iTDTOxjmRs,@ziddy_ajittt,Super dada johar,1,2026-03-14T07:54:18Z,2026-03-15T09:33:20.138473
Ugy9GIvuXzIpcPPvaj54AaABAg,6iTDTOxjmRs,@ritiraushansinghentertainment,जिनको पढ़ाने में जमाने लगे वही मुझे सिखाने लगे !!<br>पेड़ पर क्या चार दाने लगे वो तो कबूतर उड़ाने लगे !! 😊,11,2026-03-13T17:11:15Z,2026-03-15T09:33:20.138473
UgwCu7enER5mysuF1l54AaABAg,0mWgD_DYJiY,@LearnwithJaspal,Glad to see Kusha doing some crazy rolesss!! More power to her 🚀❤️🔥,65,2026-03-14T15:46:39Z,2026-03-15T09:33:22.151560
Ugw8kbB-kaEVq9PvSTV4AaABAg,0mWgD_DYJiY,@VikramSingh-j5l,"<a href=""https://www.youtube.com/watch?v=0mWgD_DYJiY&amp;t=81"">1:21</a> nirahua ji 😂😂😂",111,2026-03-11T14:28:37Z,2026-03-15T09:33:22.151560
Ugx-ALSvtKKx_Zazk2d4AaABAg,0mWgD_DYJiY,@rohithelove,Jisne season 1 nhi dekha they r not know what is real acting or cinemas...<br>Abhi release I duly waited .....❤❤❤❤,271,2026-03-11T12:16:16Z,2026-03-15T09:33:22.151560
Ugz8BXtOL-jW1CDmJgN4AaABAg,0mWgD_DYJiY,@sankalpbaranwal9190,One of the best series full regional feel deti hai jaise Panchayat kirana store laapata ladies,53,2026-03-11T12:11:18Z,2026-03-15T09:33:22.151560
UgxsA3bRiHLlQ1lvXI54AaABAg,0mWgD_DYJiY,@EvaVarma-h6f,Nirahua is killing in every scene..banaspati ji,229,2026-03-11T13:07:04Z,2026-03-15T09:33:22.151560
Ugyth5yuAPOXFu9g0jx4AaABAg,0mWgD_DYJiY,@PARLE1111,ACTING OF RAVI KISHAN  IS MASTERPIECEDD As same🔥❤️,45,2026-03-11T14:31:00Z,2026-03-15T09:33:22.151560
UgziAW2DYc5j1siQR6h4AaABAg,0mWgD_DYJiY,@Kahani-Junction,Arrey bhai nirahua bhaiyya cameo appearance another level 😂😂😂,9,2026-03-12T05:02:08Z,2026-03-15T09:33:22.151560
UgwVAi2PKtWKSg_H-lt4AaABAg,0mWgD_DYJiY,@Amarjjit,Ye Gadbad Mamala hai re Baba😂😂,46,2026-03-11T12:07:00Z,2026-03-15T09:33:22.151560
UgzTVvsWCG_s52nMGth4AaABAg,0mWgD_DYJiY,@CAASPIRANTAMITKUMARSINGH,Nirahuaa 😂😂,3,2026-03-13T02:16:04Z,2026-03-15T09:33:22.151560
Ugxm0C5jd_LnEK-FIkt4AaABAg,0mWgD_DYJiY,@sinhaanshubbm,Nirahuaa v hai,1,2026-03-11T17:17:14Z,2026-03-15T09:33:22.151560
UgyXucAH4Z0OWIuCrHN4AaABAg,0mWgD_DYJiY,@shakksaikia7643,Kusha kapilla bagging more roles then veteran actors these days 🫣,17,2026-03-11T22:45:20Z,2026-03-15T09:33:22.151560
UgzwgGcN1jf30nLwOSd4AaABAg,0mWgD_DYJiY,@mayankraj6862,Nirhua😂,1,2026-03-11T18:37:52Z,2026-03-15T09:33:22.151560
UgwIOPTXxAkkjOp3MK54AaABAg,0mWgD_DYJiY,@nayanikabhowmik892,Arey nahi yaar lagta hai iss bar Sujata di ko pyaar ho jayega 😂❤,5,2026-03-11T13:33:04Z,2026-03-15T09:33:22.151560
Ugwb1DAL_XAzJjlrLT54AaABAg,0mWgD_DYJiY,@VijayPratapSingh779,Nirhua bhi h kya isme chota chasma wala wahi lag raha h,2,2026-03-12T03:03:05Z,2026-03-15T09:33:22.151560
UgxVKL2w0mCgrwTOhXR4AaABAg,0mWgD_DYJiY,@KnowIt-K,इस किरदार में कुशा अच्छी लग रही हैं,3,2026-03-11T21:00:04Z,2026-03-15T09:33:22.151560
UgyNfHWp2APDVTmg1-B4AaABAg,0mWgD_DYJiY,@er.rahulyadav1294,Nirahua and Ravi Kishan sath sath maja aayega 😝🤣,1,2026-03-11T19:12:01Z,2026-03-15T09:33:22.151560
UgyLmdpp6w4fqHhAfyl4AaABAg,0mWgD_DYJiY,@commentguy832,Nirhaua entry ❤,9,2026-03-11T13:27:33Z,2026-03-15T09:33:22.151560
UgzB6KgzEZxkTZvQsg94AaABAg,0mWgD_DYJiY,@virrral,Omg is that dinesh lal yadav😂😂,1,2026-03-12T06:06:22Z,2026-03-15T09:33:22.151560
Ugyk4p5p8uQEGa4aKS14AaABAg,0mWgD_DYJiY,@SamriddhiNayak-g6w,Mast hai yaar jaldi release karo season 2 😂😂❤❤,5,2026-03-11T15:32:34Z,2026-03-15T09:33:22.151560
UgwTtKrCfJi5BXN1cGB4AaABAg,0mWgD_DYJiY,@arifk045,Maze to ravi kishan k hi h sari ungali ghee me,0,2026-03-11T19:49:50Z,2026-03-15T09:33:22.151560
UgwkIQC3GtWAIZjx0pV4AaABAg,x2nkLpF7p64,@SumitsinghMaghistar,सुमित भैया का गाना जब भी आता है आतंक मचाता है हिट है भैया ❤,3,2026-03-12T10:21:30Z,2026-03-15T09:33:25.864009
Ugwh_zowes1MB5S4J5N4AaABAg,x2nkLpF7p64,@Bihartopperhomestudy,किसको किसको लगता है यह भी गाना वायरल होगा इंस्टाग्राम में❤❤❤,7,2026-03-12T01:21:06Z,2026-03-15T09:33:25.864009
Ugw4deoDi9WevF1o4QB4AaABAg,x2nkLpF7p64,@KlpnaKumari-r8w,आपका म्यूजिक सुनकर बहुत अच्छा लगा मेरा लाइव शेयर किया कमेंट भी किया हूंदेख लीजिए❤❤❤❤🎉🎉,9,2026-03-12T11:14:16Z,2026-03-15T09:33:25.864009
UgwolFkB8Y93ibmMUBh4AaABAg,x2nkLpF7p64,@tuntun-k1s5b,Mai saran chhapra se ..magahi geet mujhe bahut achha lagta hai..roshan rohit..ashish yadav.gunjan singh.sonam yadav.rajeev yadav❤❤❤❤❤❤❤❤❤❤❤❤❤❤❤❤❤❤❤❤❤❤❤❤❤❤❤❤❤❤❤❤❤❤❤❤❤❤❤❤❤❤❤❤❤,1,2026-03-14T17:03:36Z,2026-03-15T09:33:25.864009
UgzYoPeTihV9w9tqlUx4AaABAg,x2nkLpF7p64,@VikramPaswana,Raushan Rohi Vikram Singh Rajeev Pawan 🥻🥻🥻🥻🥻🥻,6,2026-03-12T05:19:35Z,2026-03-15T09:33:25.864009
UgwmM78orpq1S7HoEf54AaABAg,x2nkLpF7p64,@ShivKumar-b7q6w,Jamui Bihar 46 Bihar jawatari Jamui ❤❤,7,2026-03-12T04:25:12Z,2026-03-15T09:33:25.864009
UgxAYUFF7K7DBZvcjh54AaABAg,x2nkLpF7p64,@sanish_singh_official1,कौन कौन इंस्टाग्राम से आया है सुनने ❤,1,2026-03-14T09:13:20Z,2026-03-15T09:33:25.864009
UgzTQtBWc4I4UppLszR4AaABAg,x2nkLpF7p64,@RameshKumar-p8r5b,Bhjpuri indtery sab thik,0,2026-03-12T19:41:40Z,2026-03-15T09:33:25.864009
UgzGx1sWu0bqggrkEI14AaABAg,x2nkLpF7p64,@praveenRajpremiofficial,Nice ❤❤song bhaiya ❤❤❤,1,2026-03-13T16:40:39Z,2026-03-15T09:33:25.864009
UgyBoGxnVXAVfwNsNPp4AaABAg,x2nkLpF7p64,@BlenderRecords-b8m,Jiiooo tranding star ✨❤❤❤,9,2026-03-12T07:01:09Z,2026-03-15T09:33:25.864009
UgzQc3TIwGsyuK5cZNF4AaABAg,x2nkLpF7p64,@Pradeep143-p,Super song Magahi + Bhojpuri  hamesha n.1 hai aur rahega 💯 Jay Bihar ❤🔥,0,2026-03-14T16:31:36Z,2026-03-15T09:33:25.864009
UgyNBHJskFu76zIk3bt4AaABAg,x2nkLpF7p64,@BansuriEntertainment_tm,Bhut acha lga ❤❤❤,1,2026-03-12T18:16:30Z,2026-03-15T09:33:25.864009
UgwKU2u8bVNFpLyo-BV4AaABAg,x2nkLpF7p64,@LaxmanKumar-x7w,❤ super hit song,3,2026-03-12T11:12:54Z,2026-03-15T09:33:25.864009
Ugx74H-h4zMHrgmXpmR4AaABAg,x2nkLpF7p64,@vicky_yadav_01-v7l,Hit hai Sumit bhaiya ji ❤❤❤,1,2026-03-12T11:42:39Z,2026-03-15T09:33:25.864009
Ugy8jAT6eBsA3PLX8BR4AaABAg,x2nkLpF7p64,@AnnaRohiya,सिंगर सुमित सिंह भैया और राइटर सुभाष राज को जब भी गाना आता है गया जिला हिल e ❤❤❤❤,10,2026-03-12T02:57:33Z,2026-03-15T09:33:25.864009
Ugw9JrNBzA1gTtMljDF4AaABAg,x2nkLpF7p64,@ashish_trp,Jio sumit bhiya,5,2026-03-12T04:10:48Z,2026-03-15T09:33:25.864009
Ugy1wZRsaOPFUxwgZ2F4AaABAg,x2nkLpF7p64,@Ajeet.Agrawal,Wah bhai hila diya aap ne,1,2026-03-13T17:58:07Z,2026-03-15T09:33:25.864009
UgxNAwSh1ZzD2EgC2jR4AaABAg,x2nkLpF7p64,@dhirajkumarsingh2115,🔥🔥🔥🔥🔥🔥🔥🔥🔥🔥🔥🔥🔥🔥🔥🔥,5,2026-03-12T04:50:02Z,2026-03-15T09:33:25.864990
UgxAVCq5vztHaD6O6QN4AaABAg,x2nkLpF7p64,@mandupremientertainment1099,Sumit bhaiya sabse pahle khana kha lijiye❤❤❤,1,2026-03-14T14:41:25Z,2026-03-15T09:33:25.864990
Ugzktz9eA7D714FSVjZ4AaABAg,x2nkLpF7p64,@rssurya-hs5xc,Very nice song ❤❤❤,0,2026-03-13T12:17:49Z,2026-03-15T09:33:25.864990
Ugx5I3CAQXY0JhTyMCd4AaABAg,oJ4VXZaoisU,@FilmiIndian,<b>Bhooth Bangla</b> 👻 vs <b>Dhurandhar 2</b> 🦁 <b>Kaunsi Film Dekhoge?</b> 🤷‍♀😍🔥,335,2026-03-12T08:42:48Z,2026-03-15T09:33:29.238778
Ugw7BPuOv1Q4s0SkAyx4AaABAg,oJ4VXZaoisU,@nehalgajbe4364,Akshay Kumar comebackkkk !!!! 😼📈❤️‍🔥,469,2026-03-12T08:42:13Z,2026-03-15T09:33:29.238778
UgxQBI177WDv7XHLjMF4AaABAg,oJ4VXZaoisU,@BasitSoomro-p3k,Akshay last dialogue and expression 😅😂😂,248,2026-03-12T08:45:59Z,2026-03-15T09:33:29.238778
UgxkqAOJ4sJFIs3O3ex4AaABAg,oJ4VXZaoisU,@SanikulAkhtar096,The OG akshay kumar is BACK 🤫,209,2026-03-12T08:42:12Z,2026-03-15T09:33:29.238778
Ugx7FWn_GksPIOzQfpJ4AaABAg,oJ4VXZaoisU,@karanstudiophotography,Old akshay Kumar is back 😊,149,2026-03-12T08:42:40Z,2026-03-15T09:33:29.238778
UgzNIndc9UmSXbsZoDp4AaABAg,oJ4VXZaoisU,@k4if_khan,My heart rate during Bhoot Bangla: 📈📈📈,214,2026-03-12T08:42:20Z,2026-03-15T09:33:29.238778
Ugyv1Cn8B92rtWluGyR4AaABAg,oJ4VXZaoisU,@vikasahuja2103,"<a href=""https://www.youtube.com/watch?v=oJ4VXZaoisU&amp;t=102"">1:42</a> akshay fan’s bat izzat ki hai!!🔥🫡🥹🧿",159,2026-03-12T09:11:05Z,2026-03-15T09:33:29.238778
Ugxf1piV8Ph1KfXTy5l4AaABAg,oJ4VXZaoisU,@THEAIWORLD-t2y,Khiladi is back 🎉🎉🎉,247,2026-03-12T08:42:03Z,2026-03-15T09:33:29.238778
UgxM7tdbOjFOpunI7T54AaABAg,oJ4VXZaoisU,@Hindutvat7c,Bhoot bangla blockbuster confirm hogi ❤❤,84,2026-03-12T08:44:01Z,2026-03-15T09:33:29.238778
UgyASpKR6bIjUBBNhDd4AaABAg,oJ4VXZaoisU,@tales-d9b,The Real Bhool Bhulaiya 2 😂❤<br>Comedy Gang Is Back With Bang 😂,71,2026-03-12T08:42:43Z,2026-03-15T09:33:29.238778
UgxJx-6Gm5a4ZKGfZZh4AaABAg,oJ4VXZaoisU,@AyushKumar-zn7bt,OG Akshay Kumar 📈,77,2026-03-12T08:44:11Z,2026-03-15T09:33:29.238778
UgyRT5jVPhfGCV6jeEB4AaABAg,oJ4VXZaoisU,@ARUNMOVIE37,भूत बांग्ला की कॉमेडी का धमाका. भूत का पता नहीं......?😂😂,51,2026-03-12T08:45:23Z,2026-03-15T09:33:29.238778
UgwUE-5xanTAty1SbHF4AaABAg,oJ4VXZaoisU,@indrajeetkumar1689,Bhoot bengla ❤❤❤❤,82,2026-03-12T08:42:14Z,2026-03-15T09:33:29.238778
UgyUNdJBpWlaGSJ7jCV4AaABAg,oJ4VXZaoisU,@mohanmeena4599,Kartik aryan ka papa G Aaye h 🎉🎉❤,48,2026-03-12T08:42:17Z,2026-03-15T09:33:29.238778
UgzNkOGn1AV9qMwFEGJ4AaABAg,oJ4VXZaoisU,@Jyoti-l1v8q,"<a href=""https://www.youtube.com/watch?v=oJ4VXZaoisU&amp;t=10"">0:10</a> exactly jo kabhi gayaa hi nahi uskaa aane kaa sawaal kahaan se ataaa hai 👍",55,2026-03-12T08:51:16Z,2026-03-15T09:33:29.238778
Ugzwqfxb7qFkoH22sYp4AaABAg,oJ4VXZaoisU,@raisahmad5536,Jolly llb 3 and kesari chapter 2 movie 🗿🗿🗿 Audience 🤡🤡🤡,35,2026-03-12T09:37:10Z,2026-03-15T09:33:29.238778
UgwJgHaafnJj9ys3p7d4AaABAg,oJ4VXZaoisU,@raisahmad5536,Last movie of asrani ji rip sir 🥺😔😅💖💖,23,2026-03-12T09:37:44Z,2026-03-15T09:33:29.238778
UgxJxGnEgatji2CECIt4AaABAg,oJ4VXZaoisU,@akshaytekam8426,OG ❤ Amezing akshay kumar sir 😂,35,2026-03-12T08:44:06Z,2026-03-15T09:33:29.238778
UgyYnEIH6ORnfQ6Hd_54AaABAg,oJ4VXZaoisU,@Saurabh_yt03,"<a href=""https://www.youtube.com/watch?v=oJ4VXZaoisU&amp;t=59"">0:59</a> Akshay be like ~ jali n, teri bhi jali n 😂😂",18,2026-03-12T08:57:36Z,2026-03-15T09:33:29.238778
UgxC3tjPAMlua5WuK2l4AaABAg,oJ4VXZaoisU,@Arko1234-o8j,"Ufff,  OG Akki &amp; Priyadarshan Combo <br>reunion = Blockbuster loading..💯🔥🔥🗿🗿😎📈",24,2026-03-12T09:03:46Z,2026-03-15T09:33:29.238778
Ugz5tkp70YVjRm4NuyB4AaABAg,vkyjPv74y2E,@aman..5419,Itne me toh eagle wala subha shaam raat tino time ki scrims karwa dega,110,2026-03-14T20:17:42Z,2026-03-15T09:33:30.755085
UgxbonTH0bPY-YoC_0V4AaABAg,vkyjPv74y2E,@rohan_zx,Worst experience ever 🤦i hope next day sab fix ho jayega 🤞,93,2026-03-14T20:13:32Z,2026-03-15T09:33:30.755085
UgyY4aprUClb_D0yFPZ4AaABAg,vkyjPv74y2E,@Pratyushh24,Kitna majboot hoga wo insaan jiski team ffmic me #12 pr eliminate ho gyi.. phir bhi yaha aakar tg ko hate de rha😍🥀 wo bhi raat ke 1 bje🥰,292,2026-03-14T20:11:44Z,2026-03-15T09:33:30.755085
UgwpY2QZsFAwB-pRryF4AaABAg,vkyjPv74y2E,@TSG_VIPERA,iQOO brother sath me hug rhe hai,76,2026-03-14T20:16:00Z,2026-03-15T09:33:30.755085
Ugw06hrcyPtzpqPm1KV4AaABAg,vkyjPv74y2E,@Devjeet56,Itne der me s8ul ewc (eagle sports championship) do baar Jeet jaaye #12😭😋😋,93,2026-03-14T20:19:17Z,2026-03-15T09:33:30.755085
UgyMe9-mN4zg-qDN86h4AaABAg,vkyjPv74y2E,@RituRaj-iq4mo,Tg 13 tsg 14 iQOO brother bhai chara on top,30,2026-03-15T00:53:06Z,2026-03-15T09:33:30.755085
UgwtXhrlOfgNOiojJ8F4AaABAg,vkyjPv74y2E,@Ravi-gaming_r1,Match time 6 baje karooo,17,2026-03-14T20:19:39Z,2026-03-15T09:33:30.755085
Ugw9m4D0I-4Lc9B-Gpt4AaABAg,vkyjPv74y2E,@Dayanandkumar-l9z,Itna time me to ewc eagle weakly cup 2 bar ho jayega 😂😂😂,12,2026-03-14T20:17:13Z,2026-03-15T09:33:30.755085
UgzYOtqxxRuBM3nx_-R4AaABAg,vkyjPv74y2E,@loki077-y3l,7 pm sei match start kra kro a rat k 2 baje kon dekhe ga 😢😢😢,8,2026-03-14T22:34:29Z,2026-03-15T09:33:30.755085
UgyjnIVQPOp9ME8_aPl4AaABAg,vkyjPv74y2E,@Cinephile.4u,isse acha tournament ka experience to rocky bhai ke yha hota h 🙂.,2,2026-03-15T03:55:40Z,2026-03-15T09:33:30.755085
UgzOgNMT_lBWDo1coLd4AaABAg,vkyjPv74y2E,@AshwaniKumar_king-v8s,Those team qualifed for FFMIC they are not showing there strategy or potentially <br>Whereas those not qualified they made top 6 so don&#39;t take these matches seriously 😅,43,2026-03-14T20:24:13Z,2026-03-15T09:33:30.755085
Ugw-K4cknSWAGC4BV_p4AaABAg,vkyjPv74y2E,@Pushpendra-18v,Nxt op guys no matter where you are ❤,13,2026-03-14T20:13:27Z,2026-03-15T09:33:30.755085
UgwOCeHw4pa4OTIb0rZ4AaABAg,vkyjPv74y2E,@SanjuNaharwal,"<a href=""https://www.youtube.com/watch?v=vkyjPv74y2E&amp;t=15861"">4:24:21</a> tabe score",16,2026-03-14T20:13:58Z,2026-03-15T09:33:30.755085
Ugzjt7o4m_RYKbS_IDx4AaABAg,vkyjPv74y2E,@saptarshidutta3966,"<a href=""https://www.youtube.com/watch?v=vkyjPv74y2E&amp;t=12855"">3:34:15</a> TSG ke logo ekbar yah de dkho toh 😂😂😂 itna kismat khrAb?🙃😂",3,2026-03-15T02:18:33Z,2026-03-15T09:33:30.755085
UgyPDS64ItQZ5C8j1rh4AaABAg,vkyjPv74y2E,@rakibansari2860,Jitna inlog time le rahe he na ham Kolaghat he ki iQOO gram ho raha hai isliye itna time lagta hai 😅😅😅😅,1,2026-03-15T03:15:36Z,2026-03-15T09:33:30.755085
UgykcuIlIJc3_w0F75h4AaABAg,vkyjPv74y2E,@S8UL-FOXIRX,"Kya karte ho yrr iqoo walo , kal bhi yhi time h kya <br>At last Wstream , break ka timing thoda kam kro yrr",6,2026-03-14T20:13:55Z,2026-03-15T09:33:30.755085
UgyVxHJ43Wzd8Id5ZPJ4AaABAg,vkyjPv74y2E,@Avishek226,"Koina,Aaj performance low,huaa hope We will comeback next day iqooTg🧿🖤🤫",5,2026-03-14T23:29:56Z,2026-03-15T09:33:30.755085
UgyYcklU4mVxiN9fLq54AaABAg,vkyjPv74y2E,@26bujjwalyadav66,Tsg fisrt two matches ke bad table top uske bad dono match mai early eliminate i hope my team will comeback stronger today ❤💙,10,2026-03-14T20:37:32Z,2026-03-15T09:33:30.755085
UgwgnlHniuYxbHUW_uF4AaABAg,vkyjPv74y2E,@Jeetfc,2 match 39 pt og and then 1 pt in next 2 match 😮,0,2026-03-15T02:45:16Z,2026-03-15T09:33:30.755085
UgyApQFy8IKcUYTZv_B4AaABAg,vkyjPv74y2E,@cooking-p6g,Gg rge ❤,0,2026-03-15T01:05:22Z,2026-03-15T09:33:30.755085
UgyyUqKEvbLbUspPqwF4AaABAg,k3EcvKhgupQ,@BinodTiwari-d6e,अगर रोशन भैया ऐसा सुन लेंगे तो आशीष भैया डिप्रेशन में जाना ही होगा भाई❤❤😂,2,2026-03-14T02:19:34Z,2026-03-15T09:33:32.258344
Ugy2uD25GmwSvudu18p4AaABAg,k3EcvKhgupQ,@KunalSinghEntertainment1,❤ Raushan Rohi Bhaiya ❤,9,2026-03-14T02:41:55Z,2026-03-15T09:33:32.258344
Ugz2I_vzh47Mi3uv9G14AaABAg,k3EcvKhgupQ,@SantoshKumar-dw3bk,हम यादव समाज का एक लड़का हूं और रौशन रोही का बहुत बड़ा फैन हूं लेकिन आज मेरा कॉमेंट पर जीरो लाइक 😢😢😢😢,2,2026-03-14T07:17:44Z,2026-03-15T09:33:32.258344
Ugz66pMlwaByjQ8p1zt4AaABAg,k3EcvKhgupQ,@Minni-x7l,Bhumihar Brahmins tarfa se full support Roshan rohi,6,2026-03-14T01:16:38Z,2026-03-15T09:33:32.258344
UgxyXsEmg5fy8QLvdth4AaABAg,k3EcvKhgupQ,@Kingoffcricket,Ashish yadav Ko dekha dena bhaiya ma power hai ke nahi ❤❤❤❤❤❤,5,2026-03-14T05:17:32Z,2026-03-15T09:33:32.258344
UgwG9IdJ4F3-WJ5149V4AaABAg,k3EcvKhgupQ,@Akash_Kumar-11-k4t,रौशन रोही भैया का रंगदारी गाना सुनने वाले फैन हाजिर हो ❤❤,2,2026-03-14T01:18:36Z,2026-03-15T09:33:32.258344
UgxpXxyGCbGrLmYb6bh4AaABAg,k3EcvKhgupQ,@Akash_Kumar-11-k4t,रौशन रोही भैया का कट्टर फैन हाजिर हो नया गाना आ गया ❤❤,5,2026-03-14T01:16:23Z,2026-03-15T09:33:32.258344
Ugyu8W8FXSXAQNw40GJ4AaABAg,k3EcvKhgupQ,@Akash_Kumar-11-k4t,रौशन रोही भैया जेल स्टार मूवी का ट्रेलर कब रिलीज होगा ❤❤,3,2026-03-14T01:29:10Z,2026-03-15T09:33:32.258344
Ugx5b1ypPQ6SwC4K8Xx4AaABAg,k3EcvKhgupQ,@BinodTiwari-d6e,वह ब्लास्ट पर ब्लास्ट सोंग जिओ करेजा❤❤,6,2026-03-14T02:17:56Z,2026-03-15T09:33:32.258344
Ugy19bGHE5aA-Fk959t4AaABAg,k3EcvKhgupQ,@Official_mafiyaa_01,Jiyoo,4,2026-03-14T04:24:35Z,2026-03-15T09:33:32.258344
UgyRX1YULH_KWyfSxUh4AaABAg,k3EcvKhgupQ,@MunnaYadav-v5k7w,हम यादव समाज से फिर भी रोशन रोही भाईया को सपोर्ट करता हूं,6,2026-03-14T01:27:59Z,2026-03-15T09:33:32.258344
UgxpFJDRdDYhMGtfREV4AaABAg,k3EcvKhgupQ,@Hyundai215_LR,रौशन भैया आपका गाना का इंतजार रहता है हर दिन न्यू ब्लास्ट सॉन्ग सुनने का❤❤❤,1,2026-03-14T01:16:49Z,2026-03-15T09:33:32.258344
UgwERJ0q3TLBftI05nZ4AaABAg,k3EcvKhgupQ,@NEHAKujur-fm9ue,"Super song hai bhaiya ❤❤❤ <a href=""https://www.youtube.com/watch?v=k3EcvKhgupQ&amp;t=76"">1:16</a>",7,2026-03-14T06:56:19Z,2026-03-15T09:33:32.258344
UgzwjK5f08nGsOOC_dZ4AaABAg,k3EcvKhgupQ,@Siyaramstudyhub3669,Jio Mere Sher Raushan bhaiya kon kon Raushan bhaiya ka big fain hai,1,2026-03-14T01:16:26Z,2026-03-15T09:33:32.258344
UgweCwk40V51PwwTVtt4AaABAg,k3EcvKhgupQ,@tunnadancer1425,अंजलि भारती के साथ बहुत दिन के बाद गाना आया भैया का❤❤❤,6,2026-03-14T01:19:04Z,2026-03-15T09:33:32.258344
Ugw6CGAx1IGRMnwEtYN4AaABAg,k3EcvKhgupQ,@Akash_Kumar-11-k4t,कौन कौन रौशन रोही भैया का सुबह रोज गाना सुनते है !! ❤❤,3,2026-03-14T01:19:21Z,2026-03-15T09:33:32.258344
UgyByjf4TQ49Kfu76m94AaABAg,k3EcvKhgupQ,@shashishelhar,क्यों पड़े हो चक्कर में कोई नहीं है रौशन रोही के टक्कर में 💪💪❤,11,2026-03-14T01:19:36Z,2026-03-15T09:33:32.258344
UgyhCss6vv1ZnZ3ibZl4AaABAg,k3EcvKhgupQ,@PawanKumarrana-wy8kc,बोलना था कि मगही का ट्रेडिंग स्टार ए है वह है कोई नहीं है रोशन रोही है नंबर वन पर🎉🎉🎉,4,2026-03-14T01:47:56Z,2026-03-15T09:33:32.258344
UgwjA8DKly-Iy5jYFHN4AaABAg,k3EcvKhgupQ,@RaushanKumar-j9m8d,Highlights king of maghi  system hang ho raha hai ❤❤❤❤❤,6,2026-03-14T03:19:41Z,2026-03-15T09:33:32.258344
Ugy8AeHqvXE2Cbx8B5x4AaABAg,k3EcvKhgupQ,@PankajYadav-mu1yc,Trending में जाएगा ये भी आप सब अपना प्यार दिखा दीजिए ❤❤❤❤,11,2026-03-14T01:25:49Z,2026-03-15T09:33:32.258344
UgyC9LUigROWnQ7jWhp4AaABAg,2LQyPAe2WYg,@abhilashdwivedi781,फिल्म का ट्रेलर अच्छा लगा मुझे वैसे अक्षरा सिंह अच्छे कंटेंट के साथ ही आती हैं,1,2026-03-13T16:12:36Z,2026-03-15T09:33:32.798874
UgyScTYP-wEv2OiOCOp4AaABAg,2LQyPAe2WYg,@AnitaKumari-lc3tx,Movie superhit Akshara Singh Ji love u acting bahut badhiya Kiya❤❤❤❤,0,2026-03-13T10:05:50Z,2026-03-15T09:33:32.798874
UgxJYaRELu51PB8AFpl4AaABAg,2LQyPAe2WYg,@सुनीलकुमार169,फिल्म आएगी तो कितना मजा आएगा यार आंख में आंसू आ गई मगर बहुत मजेदार फिल्म आएगी आप लोग भी जरूर इंतजार करना मुझे तो बहुत इंतजार है कब आएगी,35,2026-03-13T03:49:17Z,2026-03-15T09:33:32.798874
UgwWYX9q-uHEqSFLiXt4AaABAg,2LQyPAe2WYg,@nandadevi6679,Jai mata di dahut sundar ❤❤my tavorite Aksharasinigh ji 🎉🎉,0,2026-03-13T10:26:07Z,2026-03-15T09:33:32.798874
UgzZ1fI6H4mfJmDWTQJ4AaABAg,2LQyPAe2WYg,@UmashankarPatel-g9d,Very. Nice. Moves. And you. Tube. Me full. Moves. Dakaya and Jay.mata.di ❤❤❤❤❤❤❤❤,0,2026-03-13T11:09:22Z,2026-03-15T09:33:32.798874
UgyT1y1Iex71eCxtR_d4AaABAg,2LQyPAe2WYg,@OmkarPandey-g6w,Sherni❤❤❤ wow kya gajab trailor hai,2,2026-03-13T08:40:32Z,2026-03-15T09:33:32.798874
Ugx_tAl9V43xXmZ6MZF4AaABAg,2LQyPAe2WYg,@saurabhbharti2312,Jai Mata di 🙏 bahut Sundar ❤my favorite Akshara di 🎉,2,2026-03-13T09:40:25Z,2026-03-15T09:33:32.798874
UgzgM1V0qKI3BxPVTUl4AaABAg,2LQyPAe2WYg,@SatyadevBhai-l6x99,इस मूवी से तुझे साक्षात माता रानी का दर्शन हो गयाजय माता दी,2,2026-03-13T05:58:31Z,2026-03-15T09:33:32.798874
UgwEmc-7CxQ1eBhpsaF4AaABAg,2LQyPAe2WYg,@sadhnadubey2359,Very very nice trailer,1,2026-03-13T05:10:52Z,2026-03-15T09:33:32.798874
UgxXKmjbGmUYJu4Y2OB4AaABAg,2LQyPAe2WYg,@iam_Ahmad_12,Woo kitna pyara promo hai ❤️✨,1,2026-03-13T14:39:51Z,2026-03-15T09:33:32.798874
UgzLEp3KCBGYXpeS-h14AaABAg,2LQyPAe2WYg,@manish_yadav0128,Pakhi Hegde aur akshra singh dono sherni hai ❤❤,1,2026-03-14T18:50:44Z,2026-03-15T09:33:32.798874
Ugzy6A9bE6HBmooiHpp4AaABAg,2LQyPAe2WYg,@rajkumarmeshramraju6368,जय अम्बे मां जय जगदम्बे मां 🙏🙏🙏,1,2026-03-13T08:09:24Z,2026-03-15T09:33:32.798874
UgzoottDbD1bNCtXXg94AaABAg,2LQyPAe2WYg,@RohitTamrakar-e3h,My favorite akshara singh ji ❤❤❤,0,2026-03-13T13:35:59Z,2026-03-15T09:33:32.798874
Ugz9tAXVx5B7AL7AwOd4AaABAg,2LQyPAe2WYg,@ashiqueali-q4e,Super .akshara.💯💯💯💯,1,2026-03-13T10:31:33Z,2026-03-15T09:33:32.798874
Ugzqbr_u_A-pkaim_vV4AaABAg,2LQyPAe2WYg,@zahidhussain2336,Very good trailer all the best,2,2026-03-13T06:42:34Z,2026-03-15T09:33:32.798874
UgzZYgAXBpK5pnCuQQx4AaABAg,2LQyPAe2WYg,@utkarshsingh6782,❤❤ best akshara Singh,0,2026-03-13T09:14:10Z,2026-03-15T09:33:32.798874
UgxoOPwc9MSy5sij1Ll4AaABAg,2LQyPAe2WYg,@ChandanVishall,Bhojpuri me pahla movie trailer h jo dil chu liya 🙏🙏🙏🙏,0,2026-03-13T19:15:53Z,2026-03-15T09:33:32.798874
Ugw9WxbokllS_iWc2Mx4AaABAg,2LQyPAe2WYg,@Chandankr-w8o,Wow nice trailer bahut din ke baad kuch acha Mila,5,2026-03-13T07:25:12Z,2026-03-15T09:33:32.798874
UgynK3OFP7_sOeo-1rJ4AaABAg,2LQyPAe2WYg,@ashiqueali-q4e,Akshara.best.🔥🔥🔥,0,2026-03-13T10:30:43Z,2026-03-15T09:33:32.798874
UgzWd4sQgO18m1dkrb54AaABAg,2LQyPAe2WYg,@SeemaRahulkumar,Bahut acchi movie hai navdurga mein movie aaegi,0,2026-03-13T15:28:23Z,2026-03-15T09:33:32.798874
UgyLGcQfE1c3ypl-UxB4AaABAg,l0IMKrdJomU,@vishalpadhiyar5827,Lubbu ji so attractive yaar ❤❤❤ Payal ji Boht streamer dekhe par Apto Boht hi special ho day 1 se...... Lot&#39;s of love 😘,2,2026-03-14T11:49:20Z,2026-03-15T09:33:33.767290
Ugy96kG1t5d1fZsC0b54AaABAg,l0IMKrdJomU,@ishtaqtantaryishu,Beautiful meri Jaan 😮payal ja red top,0,2026-03-14T16:53:41Z,2026-03-15T09:33:33.767290
UgxNxuWGGyGXFmjFNJh4AaABAg,l0IMKrdJomU,@amit06short,Mujhe bhi aapke sath game khelna hai,0,2026-03-15T02:56:49Z,2026-03-15T09:33:33.767290
Ugz3Yp1XAqnEqxyXrsh4AaABAg,l0IMKrdJomU,@Suresh-k1v3y,Ilove ❤️❤😂,1,2026-03-14T11:45:03Z,2026-03-15T09:33:33.767290
Ugyz7liHsmDk5wGTAat4AaABAg,l0IMKrdJomU,@maharshi_barot,"Great stream, it was super fun❤❤",1,2026-03-14T11:23:42Z,2026-03-15T09:33:33.767290
UgzdWgGE3wTp-UfAm8F4AaABAg,l0IMKrdJomU,@ishtaqtantaryishu,Meri Jaan bahut cute hai,0,2026-03-14T17:38:17Z,2026-03-15T09:33:33.767290
Ugxtt9O953rc6YgWJv14AaABAg,l0IMKrdJomU,@amanasija8872,You are great👍 and I love you❤,1,2026-03-14T14:19:11Z,2026-03-15T09:33:33.767290
Ugyd0ntdkafXrBRy3QZ4AaABAg,l0IMKrdJomU,@SONUMAGAR400,⚡️OP⚡️,0,2026-03-14T11:40:56Z,2026-03-15T09:33:33.767290
Ugx3Y_TTCT9mja2o1aF4AaABAg,l0IMKrdJomU,@ishtaqtantaryishu,Payal😮ja age pass😮age kaber,0,2026-03-14T16:55:50Z,2026-03-15T09:33:33.767290
UgzPDTFP9NVa3gG96C94AaABAg,l0IMKrdJomU,@dishantchandok,Payal ji take care,1,2026-03-14T11:24:41Z,2026-03-15T09:33:33.767290
Ugxn85NBJfmsvoOtfdx4AaABAg,l0IMKrdJomU,@rajafendig6491,Love you ❤❤❤❤❤❤❤❤❤payal gaming I waiting from next steam ❤❤❤❤❤❤,5,2026-03-14T11:26:10Z,2026-03-15T09:33:33.767290
Ugw7Gc1xY9ezpjq_SMx4AaABAg,l0IMKrdJomU,@dishantchandok,Payal ji 👍,0,2026-03-14T11:24:55Z,2026-03-15T09:33:33.767290
UgwAOwlhLmhoHHdTiMR4AaABAg,l0IMKrdJomU,@ishtaqtantaryishu,Cute andar,0,2026-03-14T16:54:53Z,2026-03-15T09:33:33.767290
UgxZjYSwJAIKNZcQDsV4AaABAg,l0IMKrdJomU,@AjinkyaVerma-gg7wj,Payal didi so cute 🥰🥰🥰,0,2026-03-15T03:34:54Z,2026-03-15T09:33:33.767290
UgzaaFfAz0DkAc5yP3R4AaABAg,l0IMKrdJomU,@dishantchandok,Payal ji op,0,2026-03-14T11:24:45Z,2026-03-15T09:33:33.767290
UgxCTcx3E6mlEjSh4fh4AaABAg,l0IMKrdJomU,@AjinkyaVerma-gg7wj,New york 😊😊😊,0,2026-03-15T03:44:56Z,2026-03-15T09:33:33.767290
UgyMEtQCa3MfB6xSnZF4AaABAg,l0IMKrdJomU,@dishantchandok,Payal ji  enjoy the streaming today see you soon,0,2026-03-14T11:24:00Z,2026-03-15T09:33:33.767290
UgwvuZWaxoBjedY3TUN4AaABAg,l0IMKrdJomU,@Panchi1809,See you tonight payu yaad se aana chasmish chahiye Aaj stream pe 🥹👉👈,0,2026-03-14T11:24:17Z,2026-03-15T09:33:33.767290
UgyyG1bzAa2pYeNLDyF4AaABAg,l0IMKrdJomU,@Payalisuniverse,Lovely stream always love the vibes on your stream ❤✨,0,2026-03-14T11:53:45Z,2026-03-15T09:33:33.767290
Ugwdj1AVu2hpVyjpxDZ4AaABAg,l0IMKrdJomU,@aryansquad7486,Love you so much❤❤❤❤❤❤,0,2026-03-14T11:30:05Z,2026-03-15T09:33:33.767290
Ugxy5LlAEpiJtS5_vHN4AaABAg,RemKg7nm6ls,@IVYMagahiGaana,"यह मगही गाना आप सबको कैसा लगा? कमेंट में जरूर बताएं! <a href=""https://www.youtube.com/watch?v=RemKg7nm6ls"">https://youtu.be/RemKg7nm6ls?si=g3yvOpePNYWQZbFo</a>",38,2026-03-13T14:44:10Z,2026-03-15T09:33:35.177043
UgzYsK87dqkHD5eo_nZ4AaABAg,RemKg7nm6ls,@PrinceKumar-d4n1t,Kon kon ashish yadav ka fan hai ❤❤❤❤❤,8,2026-03-13T09:16:49Z,2026-03-15T09:33:35.177043
Ugzm5Big1I2Tkbv7DDx4AaABAg,RemKg7nm6ls,@SonamYadav-5,कौन-कौन आशीष भैया और खेसारी भैया और टुनटुन भैया को दिल से मानते हैं लव यू भैया❤,34,2026-03-13T00:32:15Z,2026-03-15T09:33:35.177043
Ugyb3FsUg3d1iZOVysx4AaABAg,RemKg7nm6ls,@manish...yadav3.2,कोई नहीं है टकर में only4 आशीष यादव 🔥,2,2026-03-13T13:13:00Z,2026-03-15T09:33:35.177043
UgwgyXfDa4m0jvP0lYh4AaABAg,RemKg7nm6ls,@SonamYadav-5,कौन-कौन यादव खानदान से है❤,78,2026-03-13T00:32:38Z,2026-03-15T09:33:35.177043
UgwwEZqcv2KJ2ay3iWV4AaABAg,RemKg7nm6ls,@anandyadav9368,मगही के ट्रेडिंग स्टार अशीष यादव ❤❤❤❤,2,2026-03-13T07:31:24Z,2026-03-15T09:33:35.177043
UgwWjQYjWa4ENw6UlV14AaABAg,RemKg7nm6ls,@RahulYadav_249,King of magahi Ashish Yadav 👑,4,2026-03-13T13:14:52Z,2026-03-15T09:33:35.177043
UgwxkoHd7RVAcp9H-Ph4AaABAg,RemKg7nm6ls,@SachinyadavSachin-y8m,Power star Aashish yadav bhaiya jiyo 100 milian paar ❤❤❤❤❤❤,2,2026-03-13T03:39:02Z,2026-03-15T09:33:35.177043
UgxQtQaidHyEcS_Us3J4AaABAg,RemKg7nm6ls,@NeerajyadavJi01,Aashish Yadav Bhiya Faan ❤,4,2026-03-13T15:18:27Z,2026-03-15T09:33:35.177043
UgxTrQmY2_dbG0adjHp4AaABAg,RemKg7nm6ls,@AnitaKumari-lc3tx,Maggi King trending star Ashish Yadav fans like video comedy❤❤❤❤❤❤❤,1,2026-03-13T10:13:26Z,2026-03-15T09:33:35.177043
Ugx5Q9-hn-lXtME6-1N4AaABAg,RemKg7nm6ls,@RajanChaursaiya-l5e,Blast song 100 million plus karo❤❤❤👌👌,1,2026-03-13T01:05:33Z,2026-03-15T09:33:35.177043
Ugwha0B_GhRNeyxUmwx4AaABAg,RemKg7nm6ls,@ramphalpremi-w9l,कौन कौन यदुवंशी खानदान से है 💪🏻,12,2026-03-13T04:36:27Z,2026-03-15T09:33:35.177043
UgyLe3cEr0ULJu2saWB4AaABAg,RemKg7nm6ls,@SachinyadavSachin-y8m,कहां पड़े हो चक्कर में कोई नहीं है टक्कर में Aashish yadav bhaiya jiyo 100 milian paar ❤❤❤❤❤❤❤❤❤❤❤❤❤,2,2026-03-13T03:39:41Z,2026-03-15T09:33:35.177043
UgxRJPafPRHREgjqGhR4AaABAg,RemKg7nm6ls,@SachinyadavSachin-y8m,Trending star Aashish yadav bhaiya jiyo 100 milian paar ❤❤❤❤❤❤❤,2,2026-03-13T03:38:45Z,2026-03-15T09:33:35.177043
UgzpBbe98Sen32SXEVx4AaABAg,RemKg7nm6ls,@Ligulhfgokvcgmluktinkumurmu,कौन-कौन झारखंड जिले से राज्य से❤❤❤,1,2026-03-13T19:04:40Z,2026-03-15T09:33:35.177043
UgyQ_V6PqeEPwrNu1KF4AaABAg,RemKg7nm6ls,@MusicDirectorLaukeshNirala,पूरे Up Bihar में गर्दा गर्दा कर द Ashish Yadav Brand Clasical Singer 🎉🎉🎉🎉❤❤❤❤,8,2026-03-13T01:53:44Z,2026-03-15T09:33:35.178823
UgyL2jQPyAntpL48InF4AaABAg,RemKg7nm6ls,@ChhotuYadav-ac,Sahi baat hai ashish Bhiya ❤❤❤🎉🎉,1,2026-03-14T06:16:33Z,2026-03-15T09:33:35.178823
UgyyGnMJgY8_sorzzr94AaABAg,RemKg7nm6ls,@AnandbhaiAnandbhai-q1r,लड़की सब आशीष भैया जैसन भतार खोजा है❤❤❤❤,2,2026-03-13T05:31:04Z,2026-03-15T09:33:35.178823
UgygOdDYMAokcfcnJo14AaABAg,RemKg7nm6ls,@sujeet_raja_official_999,Super song bhai❤❤❤❤,1,2026-03-13T01:50:48Z,2026-03-15T09:33:35.178823
UgyS5IH_RbaKvRaFZbF4AaABAg,RemKg7nm6ls,@roasterrupeshyadav,Kaun-kaun Ashish Yadav ko Dil se pasand karte Hain❤❤❤,2,2026-03-13T05:11:23Z,2026-03-15T09:33:35.178823
Ugz5_yiZZph5lxxqlEJ4AaABAg,RCmyr_d3Hi0,@AamirKhanTalkies,Kabhi kabhi EK DIN bhi kaafi hota hai ❤<br>Which was your favourite line from the trailer?,824,2026-03-11T08:21:28Z,2026-03-15T09:33:36.781112
Ugx7WgVK4QEzEPDIItN4AaABAg,RCmyr_d3Hi0,@YouTubeIndia,sai pallavi&#39;s bollywood debut 🥹❤❤,3352,2026-03-11T09:09:17Z,2026-03-15T09:33:36.781112
UgwXiK3Q9TgcT-d7AFl4AaABAg,RCmyr_d3Hi0,@pushpendrasharma4400,"<a href=""https://www.youtube.com/watch?v=RCmyr_d3Hi0&amp;t=86"">1:26</a> when Arijit Singh says&quot; Aur ek din&quot; 🤌🛐",655,2026-03-11T10:08:25Z,2026-03-15T09:33:36.781112
UgzQ3ppJw11dwGFDZvd4AaABAg,RCmyr_d3Hi0,@army-girl-m8f,Our natural beauty queen Sai pallavi ❤😘😇,263,2026-03-12T08:42:52Z,2026-03-15T09:33:36.781112
Ugy97Gt5QMVWV70QmpR4AaABAg,RCmyr_d3Hi0,@vibesofabhi,Comments section ❌ sai pallavi section ✅,503,2026-03-11T15:26:57Z,2026-03-15T09:33:36.781112
UgwSURpfLfx2cOYV1Vt4AaABAg,RCmyr_d3Hi0,@dr.deepanshdubey,"<a href=""https://www.youtube.com/watch?v=RCmyr_d3Hi0&amp;t=48"">0:48</a> Another Banger loading by Arijit Singh ❤",1261,2026-03-11T07:33:40Z,2026-03-15T09:33:36.781112
UgyTfgh9YuzKCCW79tF4AaABAg,RCmyr_d3Hi0,@unbox.geetha,"sai pallavi&#39;s bollywood debut 😊❤❤ <a href=""https://www.youtube.com/watch?v=RCmyr_d3Hi0&amp;t=41"">0:41</a>",86,2026-03-12T13:33:47Z,2026-03-15T09:33:36.781112
Ugyx8QmSi2TniEFAqLV4AaABAg,RCmyr_d3Hi0,@mohdnaseem-n9z,Sai pallavi ke liye ab ye wali film dekhni padegi😊,321,2026-03-11T15:46:20Z,2026-03-15T09:33:36.781112
Ugz8C85m-cYNy7TzcDh4AaABAg,RCmyr_d3Hi0,@ArijitSinghNewUpdate,"<a href=""https://www.youtube.com/watch?v=RCmyr_d3Hi0&amp;t=47"">0:47</a> = Uff Arijit Singh ❤",197,2026-03-11T08:49:33Z,2026-03-15T09:33:36.781112
UgyoIBB4P8PlOwNa8yV4AaABAg,RCmyr_d3Hi0,@sohinip5458,"Sai has strong hold on screen,her acting par excellence,natural star what a wow to her hindi diction. So strong .<br>Junaid screen presence is wonderful 👍❤",38,2026-03-12T14:32:37Z,2026-03-15T09:33:36.781112
UgysgbQ-5si15sAkTc54AaABAg,RCmyr_d3Hi0,@ChandraShekar-c1r,Superman in a parallel universe😂🤣,1117,2026-03-11T09:04:51Z,2026-03-15T09:33:36.781112
Ugw7lFuADUjun7HAFD54AaABAg,RCmyr_d3Hi0,@aleenamathews4879,Wooow finally no alcohol no drug no cigarettes trailer ❤ refreshing one❤❤,677,2026-03-11T07:43:27Z,2026-03-15T09:33:36.781112
Ugym_UClp9J80PK4qbl4AaABAg,RCmyr_d3Hi0,@aasthabansal8741,"Did no one notice the incredible sea view with snow on the beach at <a href=""https://www.youtube.com/watch?v=RCmyr_d3Hi0&amp;t=58"">0:58</a> ? Why is no one else mesmerised by the landscapes of this place called Sapporo 😢",14,2026-03-13T18:21:31Z,2026-03-15T09:33:36.781112
UgzxQq2J2ui_dXkOflB4AaABAg,RCmyr_d3Hi0,@The_Taurus66,"<a href=""https://www.youtube.com/watch?v=RCmyr_d3Hi0&amp;t=48"">0:48</a> another arijit da banger will drop 🔥🔥",454,2026-03-11T11:46:27Z,2026-03-15T09:33:36.781112
Ugw4qMcnOeiO4oo5N594AaABAg,RCmyr_d3Hi0,@asimmallik1,"<a href=""https://www.youtube.com/watch?v=RCmyr_d3Hi0&amp;t=50"">0:50</a> Lapata main Lapata Tu <br>Another Masterpiece by Arijit Singh ❤",194,2026-03-11T11:40:34Z,2026-03-15T09:33:36.781112
UgwQE6vsvk9F1LZFun54AaABAg,RCmyr_d3Hi0,@varunprakash6207,Sai pallavi ❤ Natural Beauty,10,2026-03-12T12:05:27Z,2026-03-15T09:33:36.781112
UgxnVp_7Vf-yjUJpvDl4AaABAg,RCmyr_d3Hi0,@Arijit.singh.38,Arijit singh ❤,149,2026-03-11T07:21:08Z,2026-03-15T09:33:36.781112
UgwPGiRm2ni1xO5codR4AaABAg,RCmyr_d3Hi0,@k.m.vithika7705,Junaid got the right script finally and waiting for this movie to see both together,260,2026-03-11T19:32:33Z,2026-03-15T09:33:36.781112
UgxH9GsgyodLdrkVIbJ4AaABAg,RCmyr_d3Hi0,@TakSingh-v9o,Sai Pallavi Bollywood ❤ Qeen,0,2026-03-15T04:00:11Z,2026-03-15T09:33:36.781112
UgxUo7JJgxsgiEo4WBx4AaABAg,RCmyr_d3Hi0,@FilmiDude07,Sai Pallavi And Junaid ki Chemistry Aur Arijit Ka Music WoW...🤩✨👀,90,2026-03-11T08:17:26Z,2026-03-15T09:33:36.781112
Ugx5_B5eqDYFsw9WCG54AaABAg,v2q1QwHq9lE,@Vamshi_0419,"<a href=""https://www.youtube.com/watch?v=v2q1QwHq9lE&amp;t=210"">3:30</a> Ethical Hacker From Stanford University <a href=""UC9p7jJPFcdKS5pVZtB4oSnw/2HORY6fUCd6P_9EPrfm94AY""></a><a href=""UC9p7jJPFcdKS5pVZtB4oSnw/1NYEaI7qMYCO_9EP8q-z6Qg""></a>",298,2026-03-14T13:19:33Z,2026-03-15T09:33:38.296439
UgzZIhBWT6-afAJiLQV4AaABAg,v2q1QwHq9lE,@Suryatalks1508-r8r,Q/A in normal days 🤡<br>Q/A in exam days to ❤️‍🔥😊,813,2026-03-14T12:58:20Z,2026-03-15T09:33:38.296439
UgxuMmCG8eGM4mqwNB14AaABAg,v2q1QwHq9lE,@syamcharansomisetty908,Munna bhai marrage date kavalsina vallu like kottandi,205,2026-03-14T12:46:32Z,2026-03-15T09:33:38.296439
UgzmAOR0kNbbqnIE1494AaABAg,v2q1QwHq9lE,@kitty_gaming0,"Thank you so much for answering my questions, Anna! I know my comment was a bit long 😅 but I really appreciate the honest answers about your journey and the struggles. Love from Karnataka! Always supporting MBG Army! <br><br>Tvaralo janta kaabothunna mee iddari kosam na 3 chinna prashnalu Anna:<br>1.Meeru mariyu Vadina garu first time ela meet ayyaru? Gaming dwara na leka common friends dwara na? 🤝<br>2. First proposal evaru chesaru Anna? Aa story maaku cheptara? 😂<br>3. Meeru iddaru okariki okaru nachina best qualities enti? ✨",494,2026-03-14T13:51:47Z,2026-03-15T09:33:38.296439
UgwbGtI1JY-NvzHTmQ54AaABAg,v2q1QwHq9lE,@SakethGamer33,naa doubt correct aa 1 year back nenu chusa bro nennu vadhina ne park loo 🌝,323,2026-03-14T12:50:14Z,2026-03-15T09:33:38.296439
UgwdF4Yj0FE7ZZYBuMB4AaABAg,v2q1QwHq9lE,@diveshtalks22,Q&amp;a ❌ munna bhai motivation ✅,87,2026-03-14T12:59:03Z,2026-03-15T09:33:38.296439
Ugzzo3mA1494kSn3VS94AaABAg,v2q1QwHq9lE,@UxiePlayz,Finnally QnA videoo,160,2026-03-14T12:47:15Z,2026-03-15T09:33:38.296439
Ugz2DuGh2FFKakZ7Q-x4AaABAg,v2q1QwHq9lE,@KS_Gamers99,"<a href=""https://www.youtube.com/watch?v=v2q1QwHq9lE&amp;t=900"">15:00</a> perfect flex👌❤️",80,2026-03-14T13:08:18Z,2026-03-15T09:33:38.296439
UgyNWWti7QlRocIgbpJ4AaABAg,v2q1QwHq9lE,@prashanth.15T,Respect your journey 📈🫡,110,2026-03-14T12:52:59Z,2026-03-15T09:33:38.296439
UgwMkJIk6PWLuOK0GFJ4AaABAg,v2q1QwHq9lE,@lucky15-k,"<a href=""https://www.youtube.com/watch?v=v2q1QwHq9lE&amp;t=1755"">29:15</a> waiting😂😅",52,2026-03-14T13:34:16Z,2026-03-15T09:33:38.296439
Ugwt16hyGdtlG72DpTB4AaABAg,v2q1QwHq9lE,@Jaswanth_raju_07,Munna backside luffy dhek dhek😂,57,2026-03-14T12:48:21Z,2026-03-15T09:33:38.296439
Ugx-rYQJOIdzwMVHZ1F4AaABAg,v2q1QwHq9lE,@Overhaul-02,"1 thing is missing i.e, right side 1 more regional creator award (2026)<a href=""UCkszU2WH9gy1mb0dV-11UJg/medal-yellow-first-red""></a><a href=""UCkszU2WH9gy1mb0dV-11UJg/medal-yellow-first-red""></a><a href=""UCkszU2WH9gy1mb0dV-11UJg/medal-yellow-first-red""></a>",52,2026-03-14T13:25:52Z,2026-03-15T09:33:38.296439
Ugzg3FlCm_B4G5wavep4AaABAg,v2q1QwHq9lE,@gnaneswargnani259,One Piece 👒,115,2026-03-14T13:12:50Z,2026-03-15T09:33:38.296439
Ugzn0fvAQPRN_uHsJ0B4AaABAg,v2q1QwHq9lE,@Mahi-lg1fw,hayabusa was personal☠☠,103,2026-03-14T15:00:02Z,2026-03-15T09:33:38.296439
UgzwIRWUHnD4ICw_brF4AaABAg,v2q1QwHq9lE,@oreyburrapaduyt,Big fan bhai,85,2026-03-14T12:45:34Z,2026-03-15T09:33:38.296439
UgxYfEMKj-XuJ4ySwhR4AaABAg,v2q1QwHq9lE,@OmAutti,About your love story? 💞,66,2026-03-14T13:22:58Z,2026-03-15T09:33:38.296439
Ugy5GwWigpYCBwNllYt4AaABAg,v2q1QwHq9lE,@PrimeKiller_YT,"<a href=""https://www.youtube.com/watch?v=v2q1QwHq9lE&amp;t=1412"">23:32</a> Thank you munna bhai for answering my question. 😊❤",10,2026-03-14T22:48:34Z,2026-03-15T09:33:38.296439
UgzjaOG-2kasN_MujgN4AaABAg,v2q1QwHq9lE,@SrikanthDR-s5k,Anna not only from  AP we also support you we are from Karnataka we also voted you❤ for the regional player,16,2026-03-14T14:04:58Z,2026-03-15T09:33:38.296439
UgxMWSsVJfhHOQnCztt4AaABAg,v2q1QwHq9lE,@infinitygamers7702,"<a href=""https://www.youtube.com/watch?v=v2q1QwHq9lE&amp;t=742"">12:22</a> DHANUDINO 😂",55,2026-03-14T16:25:15Z,2026-03-15T09:33:38.296439
UgyW3hbpLsHB0nNCghZ4AaABAg,v2q1QwHq9lE,@RevaMantena,❤❤ love from 6 years ❤❤❤❤,32,2026-03-14T12:45:49Z,2026-03-15T09:33:38.296439
UgwJwRj5qXow06xE5cZ4AaABAg,P-d2wrdlA3E,@chethuchethu5037,🙏🙏🙏❤️,1,2026-03-14T15:47:38Z,2026-03-15T09:33:39.797312
UgzPgIk_TZdgM9k6Kv54AaABAg,P-d2wrdlA3E,@srinivasaanitha3330,🌹🙏🌹🙏🌹🙏🌹🙏🌹🙏🌹🙏🌹🙏🌹🙏,0,2026-03-14T16:32:23Z,2026-03-15T09:33:39.797312
UgzR95TfMNk6sTCar1V4AaABAg,jBU_eoArItA,@manoffiction,"Video Nachithe Likes Kottandi Mawas.👍 Target Likes: 2500 Likes👍<br>Subscribe to Man of Fiction",12,2026-03-14T13:56:21Z,2026-03-15T09:33:41.317634
UgytF0s_6AiEpX2DnLt4AaABAg,jBU_eoArItA,@nothing_always_nothing,Og scenes laga vunnayi enti madhyalo😂😂,103,2026-03-14T14:10:57Z,2026-03-15T09:33:41.317634
Ugzxq7tLMoGFeL9zqoB4AaABAg,jBU_eoArItA,@Iamsrujan..,DHU--RAN--DHARR 😅❤,48,2026-03-14T14:09:05Z,2026-03-15T09:33:41.317634
UgyxHvzucu9hb9SYSnp4AaABAg,jBU_eoArItA,@YURS_KITTU,"<a href=""https://www.youtube.com/watch?v=jBU_eoArItA&amp;t=350"">5:50</a> 😂😂",17,2026-03-14T14:00:29Z,2026-03-15T09:33:41.317634
UgysscsPupVUyE_tCMx4AaABAg,jBU_eoArItA,@raghavendraraghu9830,Hello boss niki ydi nacchadu,14,2026-03-14T14:13:33Z,2026-03-15T09:33:41.317634
Ugw9tgEeLSODv_htnwp4AaABAg,jBU_eoArItA,@Nomora_xa,Dhurandhar 2 ❤,45,2026-03-14T13:59:13Z,2026-03-15T09:33:41.317634
Ugw23H60m5_Z-nb07mN4AaABAg,jBU_eoArItA,@Anilyadav-xg8pp,"😂😂 comedy endhi ante, dilogues, music, camera shot, direction actors, vella andarini vaani life mottam la okka 1 mi short film thiyanodu vaani life la judge  chestaru 😂😂😂😂",7,2026-03-14T19:06:04Z,2026-03-15T09:33:41.317634
Ugymt5dRLF51O-Xmb0Z4AaABAg,jBU_eoArItA,@MBindhusree,Gabbarsingh koda hype ledhu bro,56,2026-03-14T14:01:31Z,2026-03-15T09:33:41.317634
Ugyg40F3VK1zq7v7L-F4AaABAg,jBU_eoArItA,@rockrockers8818,"TIMEPASS KI CHESAVA BRO VIDEO ,,REVIEW",7,2026-03-14T14:32:19Z,2026-03-15T09:33:41.317634
UgxbDpPFnWq_4DpTwrd4AaABAg,jBU_eoArItA,@krishnayk9,lite inka seated for dhurandhar,4,2026-03-14T14:42:41Z,2026-03-15T09:33:41.317634
UgwSTM1Pnojckr67a-V4AaABAg,jBU_eoArItA,@rrtkishor9090,Vidu pakka hater ani na pandham veyi rupayilu..,5,2026-03-14T17:16:01Z,2026-03-15T09:33:41.317634
UgzagJ2ejGW40YAQvx14AaABAg,jBU_eoArItA,@actorkarna,Literally your expressions are my expressions brother while watching the trailer 😢😅,15,2026-03-14T15:58:48Z,2026-03-15T09:33:41.317634
UgzsxEWyhiWV0QuRpiR4AaABAg,jBU_eoArItA,@lecter-x5e,Raja saab trailer lo pb joker getup ki elevation esedu eedu cheptunnadu malli teda kodtundi anni ep....,3,2026-03-14T15:41:14Z,2026-03-15T09:33:41.317634
Ugx_67BKe-qVPNyj-Od4AaABAg,jBU_eoArItA,@KBalamurugan-os4rw,cinema you can direction Papua😂,3,2026-03-14T14:25:07Z,2026-03-15T09:33:41.317634
UgwtKm9jK8DpFHb7PbB4AaABAg,jBU_eoArItA,@Raghuveer2914,It&#39;s musical hit,4,2026-03-14T14:31:38Z,2026-03-15T09:33:41.317634
Ugw5ao1utiysVQZJVFN4AaABAg,jBU_eoArItA,@Ycp018,G - Moosukoni pakkaki mingey 😂😂😂,2,2026-03-14T15:21:39Z,2026-03-15T09:33:41.317634
UgwdH2K0PPHRFzLul5Z4AaABAg,jBU_eoArItA,@PhaniDaliparthi,నువ్వు వెళ్లి తియ్ అన్న పోనీ సినిమా,9,2026-03-14T14:40:12Z,2026-03-15T09:33:41.317634
UgySox6dv4g4nNGQAel4AaABAg,jBU_eoArItA,@megafamily-y5v,Bagundhi 🔥,4,2026-03-14T15:13:20Z,2026-03-15T09:33:41.317634
UgyccQQqAxcBFf4V4fh4AaABAg,jBU_eoArItA,@DATTAKUMAR143,FULL FANS STUFF 🔥🔥🔥,68,2026-03-14T13:56:18Z,2026-03-15T09:33:41.317634
UgxTzNCGucOsBytlpu54AaABAg,jBU_eoArItA,@sk-y777,Super trailer bro,4,2026-03-14T16:27:03Z,2026-03-15T09:33:41.317634
UgyE6r9Ti16iqbofAlB4AaABAg,5vOHyGFYD7A,@arshiqamar4951,The worst part about this video was that it ended.,265,2026-03-14T17:49:58Z,2026-03-15T09:33:41.957402
Ugyt33S6HAOxsAFzAoF4AaABAg,5vOHyGFYD7A,@crispychip379,"Petition for shub to upload consistently<a href=""UCI86prlqXhbkREDMTaORvLQ/weu8Z63bL7em_9EPzOnbyQY""></a><a href=""UCI86prlqXhbkREDMTaORvLQ/weu8Z63bL7em_9EPzOnbyQY""></a>",2025,2026-03-14T13:11:34Z,2026-03-15T09:33:41.957402
Ugy3zUuw7S8l-Bm3cCl4AaABAg,5vOHyGFYD7A,@rAjesh-um,Right on time bbs,1376,2026-03-14T13:10:55Z,2026-03-15T09:33:41.957402
Ugz1jpQ4Cz-5ag_NpWJ4AaABAg,5vOHyGFYD7A,@random__bruh,"<a href=""https://www.youtube.com/watch?v=5vOHyGFYD7A&amp;t=1857"">30:57</a> The gambling addiction kicked in here",137,2026-03-14T16:24:37Z,2026-03-15T09:33:41.957402
UgzC1k_ELUN-hnuPC8N4AaABAg,5vOHyGFYD7A,@prashasttt,"<a href=""https://www.youtube.com/watch?v=5vOHyGFYD7A&amp;t=911"">15:11</a> we all thought the same shub",171,2026-03-14T16:07:11Z,2026-03-15T09:33:41.957402
UgyRrjy6dU3AcbXfw1F4AaABAg,5vOHyGFYD7A,@legendboyharsh9852,"Bro pls keep uploading parts of this series atleast daily don&#39;t take 1 day break, i was avoiding spoilers and every edit just coz i want to see you playing 😭🙏🏻",2037,2026-03-14T13:12:31Z,2026-03-15T09:33:41.957402
UgwauJ2IigjctwvXpjd4AaABAg,5vOHyGFYD7A,@sweetiexd08,"OBSESSEDD WITH THISSS <a href=""UCI86prlqXhbkREDMTaORvLQ/kvH7ZK3qJ6SQ_9EPyruKiAU""></a><a href=""UCI86prlqXhbkREDMTaORvLQ/kvH7ZJL0J6SQ_9EPyruKiAU""></a>",589,2026-03-14T13:12:33Z,2026-03-15T09:33:41.957402
UgxPVbjvqQ6WjsT6hHF4AaABAg,5vOHyGFYD7A,@McDev-m8w,We are lucky this video isn&#39;t age restricted,585,2026-03-14T14:15:18Z,2026-03-15T09:33:41.957402
Ugwr9IDJUmb5LVJRO4l4AaABAg,5vOHyGFYD7A,@LegendXD-m6p,Its like watching a fucking Netflix series,47,2026-03-14T15:41:18Z,2026-03-15T09:33:41.957402
UgwPMhbcp81lzLwmYqV4AaABAg,5vOHyGFYD7A,@xekrom_01,"<a href=""https://www.youtube.com/watch?v=5vOHyGFYD7A&amp;t=825"">13:45</a> W VOCALS 🗣️🎶💥",166,2026-03-14T15:26:09Z,2026-03-15T09:33:41.957402
UgxEtoy9UpPJhUNqe3t4AaABAg,5vOHyGFYD7A,@daboicodm,"Gym se aya, nahaya, biryani order kari and BBS POSTED ☝️🔥😭😭😭😘💥🔥",80,2026-03-14T14:34:16Z,2026-03-15T09:33:41.957402
UgyCFx9pkbMKB5UBSKB4AaABAg,5vOHyGFYD7A,@Anshul-fb6wx,"<a href=""https://www.youtube.com/watch?v=5vOHyGFYD7A&amp;t=1621"">27:01</a> BBS : Hello Bhaisaab 😊<br>Grace :😨😨😱😱😨😨😱😭😭",193,2026-03-14T13:51:23Z,2026-03-15T09:33:41.957402
UgxHuvG8Jvwy1squDUB4AaABAg,5vOHyGFYD7A,@SubhashReddy-y9w,"<a href=""https://www.youtube.com/watch?v=5vOHyGFYD7A&amp;t=1829"">30:29</a> Bro once called this a &quot;worst mistake of his life&quot; btw lmao",31,2026-03-14T14:22:03Z,2026-03-15T09:33:41.957402
Ugz6tByHlZkRaUsKHmZ4AaABAg,5vOHyGFYD7A,@amnixboy075,"<a href=""https://www.youtube.com/watch?v=5vOHyGFYD7A&amp;t=3297"">54:57</a> is it me or someone really said, &quot;bachao&quot;",101,2026-03-14T15:58:37Z,2026-03-15T09:33:41.957402
UgwT8QqU4mKrOUhnN154AaABAg,5vOHyGFYD7A,@KyroxEdyts,"<a href=""https://www.youtube.com/watch?v=5vOHyGFYD7A&amp;t=4176"">1:09:36</a><br><b>Insert it should have been me GIF</b>",47,2026-03-14T17:35:26Z,2026-03-15T09:33:41.957402
UgxboDyOywgGHPElgwt4AaABAg,5vOHyGFYD7A,@Anmol_vats,Holy refresh pull,240,2026-03-14T13:10:52Z,2026-03-15T09:33:41.957402
UgzcVSsGOrL5HZAT5wN4AaABAg,5vOHyGFYD7A,@thunderguygamer9673,30 sec is crazy. I love this damn series,199,2026-03-14T13:11:16Z,2026-03-15T09:33:41.957402
Ugy2JgPPgXkOazSoJUl4AaABAg,5vOHyGFYD7A,@LUXIXPEAR,Sign the petition so he can upload everyday 🤞🏻🤞🏻,139,2026-03-14T13:10:52Z,2026-03-15T09:33:41.957402
Ugzu2_NFZWF3ERWsJGB4AaABAg,5vOHyGFYD7A,@StudyingOnly-qv6gs,🗣NEED DAILY EPISODES!!,25,2026-03-14T15:55:48Z,2026-03-15T09:33:41.957402
UgxbttvX_bM_fS46AXd4AaABAg,5vOHyGFYD7A,@rAjesh-um,"<a href=""https://www.youtube.com/watch?v=5vOHyGFYD7A&amp;t=911"">15:11</a> I think it&#39;s not fighting 💀 nah what the hell they were doing",236,2026-03-14T13:26:15Z,2026-03-15T09:33:41.957402
UgzPlL3kcHsKVX2fbFV4AaABAg,XgcIBtO4bQQ,@PrabhudevaDance,Very happy to see all of you enjoy the songs of Moonwalk. Macarena is special too. I really liked dancing with the kids. They were terrific. Hard training for me and them by Piyush and Shazia😄<br><br>Hope you will like it. Love you all 😍❤️,356,2026-03-13T12:00:36Z,2026-03-15T09:33:42.547735
UgyyLNtEGhMJJ8ELzfN4AaABAg,XgcIBtO4bQQ,@MohammadAhmed-b3u1n,AR &amp; PD..🔥🔥 the 90&#39;s🔥💥 back to form,7,2026-03-14T19:48:00Z,2026-03-15T09:33:42.547735
UgxRLBNCnIdpSALhjkh4AaABAg,XgcIBtO4bQQ,@SathishDeepasd,வணக்கம் மக்களே ❤,367,2026-03-13T12:08:12Z,2026-03-15T09:33:42.547735
UgzYYOR38FkKwWjFwYR4AaABAg,XgcIBtO4bQQ,@veduvada,The best background ❤❤and dance sa sa ga ga sa sasa ma ma ga sa❤,1,2026-03-14T15:53:29Z,2026-03-15T09:33:42.547735
UgyShqWD09VipiTz2jV4AaABAg,XgcIBtO4bQQ,@SBPRODUCTIONSB,nice temple with the historical value &amp; music &amp; dance,5,2026-03-14T07:03:29Z,2026-03-15T09:33:42.547735
Ugz8P70aHpY3HhCGRA14AaABAg,XgcIBtO4bQQ,@SathishDeepasd,"“In my very first film, which beautifully blends both isaipuyal &amp; nadanapuyal , I got the opportunity to perform in such an amazing song. I’m truly very happy about it. During the making of this song, we had several fun and memorable moments on set. A special thanks to our director, Manoj sir, for showcasing Mahabalipuram so beautifully on screen after a long time. I sincerely hope you all enjoyed the song.”<br>❤😁",191,2026-03-13T12:31:56Z,2026-03-15T09:33:42.547735
Ugw0KHAObYkvetXzSDh4AaABAg,XgcIBtO4bQQ,@udayfm,one and only ..... prabhu deva .... hatss off off,2,2026-03-14T12:12:20Z,2026-03-15T09:33:42.547735
Ugwt0v3BkY2Bo3P_HCt4AaABAg,XgcIBtO4bQQ,@mohamedmalikmalik7444,Fantastic dancer Prabhu Deva <br>Indian Michael Jackson,2,2026-03-13T20:17:00Z,2026-03-15T09:33:42.547735
Ugwwk4mndF-pkVx0pIJ4AaABAg,XgcIBtO4bQQ,@DadaChinna,❤ar rahman super music ❤❤❤❤❤❤❤❤❤❤❤❤❤❤❤❤❤❤❤❤❤❤,2,2026-03-14T10:26:10Z,2026-03-15T09:33:42.547735
UgwdmqeWKg7VaCNk7y54AaABAg,XgcIBtO4bQQ,@mazardeen10,"ஒரு காலத்தில வெஸ்டர்ன் எங்களுக்கு விளையாட்டுன்னு இசைப்புயலும், நடனப்புயலும் சொன்னாங்க. அது உண்மை. ThalaivARR &amp; நடனப்புயலும் பிச்சு ஒதறி இருக்காங்க! 🥵 🔥",82,2026-03-13T11:21:57Z,2026-03-15T09:33:42.547735
UgyvpT76tQ55f16bVkN4AaABAg,XgcIBtO4bQQ,@indiantraderscommunity-1,"love to see with kids, most enjoyable",2,2026-03-14T13:44:22Z,2026-03-15T09:33:42.547735
UgwQfQm-RY0XHIdT5054AaABAg,XgcIBtO4bQQ,@ShakthivelN-c5w,Same old vibe but different style😇,2,2026-03-14T11:23:28Z,2026-03-15T09:33:42.547735
UgxO0wpsEt9WVYHUA114AaABAg,XgcIBtO4bQQ,@pasakaaranSaleem,Wow❤❤❤❤🎉🎉🎉🎉,1,2026-03-14T21:48:05Z,2026-03-15T09:33:42.547735
Ugx3N6F0lvmy9c4bwpV4AaABAg,XgcIBtO4bQQ,@SyamsundarGandhi,Love the colors of the songs of moonwalk❤❤❤,1,2026-03-14T13:10:05Z,2026-03-15T09:33:42.547735
UgyfWdF7ido877Io-kN4AaABAg,XgcIBtO4bQQ,@MuhammadHaroon-s1b,Nice super,2,2026-03-14T02:58:57Z,2026-03-15T09:33:42.547735
UgwMYjhicBf_Ihw2Ntp4AaABAg,XgcIBtO4bQQ,@vix_nu._15,Dance in beast mode 🎉,2,2026-03-14T11:18:06Z,2026-03-15T09:33:42.547735
Ugw4C-PaJxNuomKgi9x4AaABAg,XgcIBtO4bQQ,@RMAswin,Very different song,3,2026-03-14T02:38:47Z,2026-03-15T09:33:42.547735
Ugyvpox72PWjTg6WK8x4AaABAg,XgcIBtO4bQQ,@sanjeevpavadad7634,"At this age, Prabhudeva is very energetic.",2,2026-03-14T08:29:47Z,2026-03-15T09:33:42.547735
UgyaiI_X8CT2bk7_M6F4AaABAg,XgcIBtO4bQQ,@ShashiMGKumar,The 90’s feel… ❤😊,5,2026-03-14T18:48:55Z,2026-03-15T09:33:42.547735
UgyEVxgO2JkXKG-HD-94AaABAg,XgcIBtO4bQQ,@ragavendiranl2728,"ARR,prabhu ,satish , Mamallapuram ,Dance",0,2026-03-14T16:20:39Z,2026-03-15T09:33:42.547735
UgwgX9HhFdE0GJ8vVh54AaABAg,OV88vE116Uk,@khalndar2368,ఈ మూవీ పవన్ కళ్యాణ్ గారికి ఘన విజయం సాధించాలి అని కోరుకుంటూ ఇట్లు యువ సామ్రాట్ నాగచైతన్య అన్నా ఫ్యాన్స్❤❤,3,2026-03-14T13:09:39Z,2026-03-15T09:33:49.630120
UgyrzFdwj2YFgFjY1vF4AaABAg,OV88vE116Uk,@RamollaAnil-m8q,Super Jai power star Pawan Kalyan Jai janasana ✊,0,2026-03-14T14:06:14Z,2026-03-15T09:33:49.630120
Ugwiz1u3R-nNp_HTp6l4AaABAg,OV88vE116Uk,@MunikotiPoliraju,👌👌👌,2,2026-03-14T13:13:21Z,2026-03-15T09:33:49.630120
UgwqMyLev8yhIFG8FYl4AaABAg,OV88vE116Uk,@ShaikSubani-b4i,I am waiting,0,2026-03-14T15:24:31Z,2026-03-15T09:33:49.630120
UgxRghI68QbxQNcOg4R4AaABAg,OV88vE116Uk,@VenuGoudpspk,On man sho pspk,0,2026-03-14T14:49:45Z,2026-03-15T09:33:49.630120
UgwXaE3yU8T1jewl-3J4AaABAg,OV88vE116Uk,@vganesh3317,Original trailer kadhu,2,2026-03-14T11:15:19Z,2026-03-15T09:33:49.630120
UgyguX1YP6T5fY8NWZV4AaABAg,OV88vE116Uk,@venkatadurgaraoponnaganti5542,Ipl music laga undi,1,2026-03-14T08:13:45Z,2026-03-15T09:33:49.630120
Ugyc-7cLcs-tyI3r7Fx4AaABAg,OV88vE116Uk,@karthik-u7k7v,fan made kadha ra  real anukuna,11,2026-03-14T06:29:19Z,2026-03-15T09:33:49.630120
UgzqTqsXNRpUL7J4MSJ4AaABAg,OV88vE116Uk,@119-katravathhari2,pawan kalyan movie ni pan indialo release chesunte bagundedi,0,2026-03-14T13:38:04Z,2026-03-15T09:33:49.630120
UgwJi9QHdbTelTm_zhZ4AaABAg,OV88vE116Uk,@saikrishnapowerstar7248,Super concept,1,2026-03-14T02:17:47Z,2026-03-15T09:33:49.630120
Ugy1B6qdH-FNdF1nUF14AaABAg,OV88vE116Uk,@saiaswith384,M trailor ra babu,0,2026-03-14T06:44:16Z,2026-03-15T09:33:49.630120
Ugy6x10IyvY_IRaYh954AaABAg,OV88vE116Uk,@KaliBhairavam,H series channel aa😂😂😂 fan made trailer,1,2026-03-14T02:25:09Z,2026-03-15T09:33:49.630120
UgyBNn5Li5SsvynzubF4AaABAg,OV88vE116Uk,@neerus5756,All mix fruits juice,0,2026-03-15T03:45:31Z,2026-03-15T09:33:49.630120
UgxIbZYV7qqfIbNnxIp4AaABAg,OV88vE116Uk,@mahaboobbasha3812,Gabbar Singh 3,0,2026-03-14T05:02:23Z,2026-03-15T09:33:49.630120
Ugywwf3xtIrYJAXVr414AaABAg,OV88vE116Uk,@venkatreddy3330,డైలాగ్స్ లేకుండా ఉత్త మ్యూజిక్ ఏంటి?,0,2026-03-15T03:50:32Z,2026-03-15T09:33:49.630120
UgwrJ0NRxaZkhwlV15J4AaABAg,OV88vE116Uk,@pradeep0711,Idhi trailer aa 😂😂 fan made laa vundi entra,0,2026-03-14T13:01:16Z,2026-03-15T09:33:49.630120
Ugy2t5rwMoCVvLULLHl4AaABAg,OV88vE116Uk,@kity846,orey made in korea scene pettaru antra 😅 nenu inka priyanka mohan heroine anukunna,1,2026-03-14T05:35:27Z,2026-03-15T09:33:49.630120
UgzqJspxDKomeX0xHTJ4AaABAg,OV88vE116Uk,@reddy7abi276,Utter flop,3,2026-03-14T05:24:05Z,2026-03-15T09:33:49.630120
Ugyxerw49X436aREltx4AaABAg,OV88vE116Uk,@rockingram7202,Edi original trailer kadu fake,0,2026-03-14T08:29:00Z,2026-03-15T09:33:49.630120
Ugx4jtUdkXXu1R-cS8Z4AaABAg,OV88vE116Uk,@palavalasavikash6276,fake trailer ki 40 lakh views atra 😂,0,2026-03-14T13:03:28Z,2026-03-15T09:33:49.630120
Ugw8N9-TfBNra7w2GBJ4AaABAg,H6OAyZ60WbI,@NagarajuBodasingi,Yaswant Selenderman EP 4Super 🎉,0,2026-03-14T15:03:58Z,2026-03-15T09:33:50.209465
UgzDVskBYsdCW9SEq5Z4AaABAg,H6OAyZ60WbI,@nagalaxminagalaxmi1642,Anna Nana shichan in,2,2026-03-14T14:43:04Z,2026-03-15T09:33:50.209465
UgxuMGFj_gjGENOvJ594AaABAg,H6OAyZ60WbI,@NagalaxmiNaga-mw7cd,😂😂😂😂😢😮,3,2026-03-14T11:59:27Z,2026-03-15T09:33:50.209465
Ugz9cnN0Ds5wY8QwSp14AaABAg,H6OAyZ60WbI,@PrabhaKumari-w3q,Black  Mamaya part 5 please😢,1,2026-03-14T14:03:54Z,2026-03-15T09:33:50.209465
Ugza7MpBO-zyrolf6gN4AaABAg,H6OAyZ60WbI,@suryasurya-f6o,Black7playesprate5,1,2026-03-14T13:31:19Z,2026-03-15T09:33:50.209465
UgzzYNhLJzgZn_cyVud4AaABAg,H6OAyZ60WbI,@udayakirankunchapu2678,Black Mamaya slender man part 5😢😢😢😢😢😢❤❤❤❤❤❤ please,0,2026-03-14T16:53:41Z,2026-03-15T09:33:50.209465
Ugx93oQNgA-cPDZRoKF4AaABAg,H6OAyZ60WbI,@SHALINIGANDIVALASA,black mama slander man part5 plase,3,2026-03-14T11:35:36Z,2026-03-15T09:33:50.209465
UgzDe9qEHYcOgXduvwx4AaABAg,H6OAyZ60WbI,@naveenkumar-tu9qc,Slender man part 5 please black Mamaya,2,2026-03-14T12:58:42Z,2026-03-15T09:33:50.209465
Ugw24o_sKjJANpEBgbl4AaABAg,H6OAyZ60WbI,@dineshpasumarthy3023,Rohit Anna  black mamayya  double action video,2,2026-03-14T11:41:48Z,2026-03-15T09:33:50.209465
UgwbmFVBmWkbS8dEB1Z4AaABAg,H6OAyZ60WbI,@JunaidMohammed-o7s,Rohit anna next part please 🥺🥺🥺😢😮🙏🙏🙏🙏🙏🙏,3,2026-03-14T11:40:44Z,2026-03-15T09:33:50.209465
UgwYDe67Ce1HA1xp89x4AaABAg,H6OAyZ60WbI,@SivakuSivakumar,Black mamaya part 5 slender man 🥰🥰🥰🥰🥰🥹🥹🥹🥹😭😭😭😭😭😭😭😭🥹🥹🥹🙏🙏🙏🙏🙏🙏,2,2026-03-14T13:21:35Z,2026-03-15T09:33:50.209465
UgwA995RyUeyNIZzXwR4AaABAg,H6OAyZ60WbI,@vijaykumardasari3086,Part 5 please <br>👇,2,2026-03-14T14:52:19Z,2026-03-15T09:33:50.209465
UgzQcZ0-zfpG-YILfaV4AaABAg,H6OAyZ60WbI,@JhansiPasumarthi-o9w8e,Black mamya sleder man part 5,4,2026-03-14T11:21:30Z,2026-03-15T09:33:50.209465
UgyvCPwkOZYjnpJ1OLl4AaABAg,H6OAyZ60WbI,@rameshreddy2513,Black mamaya slender man part 5,3,2026-03-14T11:25:13Z,2026-03-15T09:33:50.209465
UgyHixXUaIBE7I2Pfl54AaABAg,H6OAyZ60WbI,@ChinnuAndra-z9k,Black  mammya part  5,1,2026-03-14T13:31:36Z,2026-03-15T09:33:50.209465
UgxfADQdB7CBg46bV5J4AaABAg,H6OAyZ60WbI,@ShobharaniHasthavaram,Rohith anna please part 5,3,2026-03-14T12:31:48Z,2026-03-15T09:33:50.209465
UgwsK06on9cbcsVQ6UB4AaABAg,H6OAyZ60WbI,@vijaykumardasari3086,Part 5. Please,1,2026-03-14T13:56:41Z,2026-03-15T09:33:50.209465
UgxnW84rxRB38Hx2LeZ4AaABAg,H6OAyZ60WbI,@kalpanavenkat1650,How many people in India.,1,2026-03-14T13:45:01Z,2026-03-15T09:33:50.209465
UgyPvUQBjCqz8nxLnuh4AaABAg,H6OAyZ60WbI,@sreevalli834,Black mama slender Man part 5 please,2,2026-03-14T12:13:39Z,2026-03-15T09:33:50.209465
UgwOx7S_xVSSoHdCBOR4AaABAg,H6OAyZ60WbI,@psrinivasulu7182,black mamaya slender man part-5 😢😢😢😢😢😢😢,0,2026-03-15T01:54:02Z,2026-03-15T09:33:50.209465
Ugz_Z7j-e63FpgC0icx4AaABAg,t5pkwVCNfnE,@Insta_Trending_reels.11,Dhyan comback with അമിട്ട് 💣💣💥💥💥,34,2026-03-14T14:30:10Z,2026-03-15T09:33:58.056245
Ugy1CFDYv7DBZlSSw_14AaABAg,t5pkwVCNfnE,@cineversemalayalam79,Next ഗജരാജാഗുണ്ട്😊,86,2026-03-14T13:37:32Z,2026-03-15T09:33:58.056245
UgynFyVPa5kHXilhFxx4AaABAg,t5pkwVCNfnE,@Aamichu1711,ധ്യാൻ ❤️❤️❤️അടിപൊളി വിജയമാകട്ടെ ഈ സിനിമ 🙏❤️,15,2026-03-14T14:11:51Z,2026-03-15T09:33:58.056245
UgwW2bhlN51R_PJjlyh4AaABAg,t5pkwVCNfnE,@MALLUMOVIEOTTOTTUPDATE-o4c,നാളുകൾക്കുശേഷം മലയാളത്തിന്റെ 💣⭐വീണ്ടും 💣,32,2026-03-14T14:02:50Z,2026-03-15T09:33:58.056245
UgwW-KcRRar8CvuhwQ14AaABAg,t5pkwVCNfnE,@A.Good.Soul.3000,Its a Comeback 👺💣💣💣💥,9,2026-03-14T14:34:57Z,2026-03-15T09:33:58.058294
UgynGXPT_hqZpKyJR2x4AaABAg,t5pkwVCNfnE,@jinoos2.0,All the best my frind ECV ഹിറ്റ്‌ ആകട്ടെ 👍trailer looks good,11,2026-03-14T14:30:27Z,2026-03-15T09:33:58.058294
UgxT3HkFHmlNt93z_4l4AaABAg,t5pkwVCNfnE,@amalshyam3287,Action hero Dhyan sreenivasan 🔥,6,2026-03-14T13:30:42Z,2026-03-15T09:33:58.058294
Ugy1YFeJ2GQB3VhCAwh4AaABAg,t5pkwVCNfnE,@ashlinbr-mx1jn,Nalla scn para gund🙌🏻👀,7,2026-03-14T14:13:18Z,2026-03-15T09:33:58.058294
UgwiBgL32kEx0j78DQB4AaABAg,t5pkwVCNfnE,@pesgamer9500,oppenheimer of mollywood dhyan is back with a gund 💣💥,3,2026-03-14T16:02:23Z,2026-03-15T09:33:58.058294
UgwVX7lAZMBnPjTOBJR4AaABAg,t5pkwVCNfnE,@aps4989,dhyan is back,6,2026-03-14T12:50:02Z,2026-03-15T09:33:58.058294
UgyZBbV1nFDp0J-wkDd4AaABAg,t5pkwVCNfnE,@Donleee.mamann,Dyan 😮,4,2026-03-14T13:32:15Z,2026-03-15T09:33:58.058294
Ugxc3PQ71BWMV-10Kgl4AaABAg,t5pkwVCNfnE,@shivanisradio3767,Best wishes.<br>പടം കിടിലനാകട്ടെ🔥,3,2026-03-14T13:29:23Z,2026-03-15T09:33:58.058294
Ugx4JKEas0qSrxXnPnV4AaABAg,t5pkwVCNfnE,@krooos1,2026 അമിട്ടുമായി തുടങ്ങാം 😌🔥,1,2026-03-14T19:21:39Z,2026-03-15T09:33:58.058294
Ugwu8gAg6u4ZGpwH5PB4AaABAg,t5pkwVCNfnE,@auracipher,Dhyan is back,2,2026-03-14T14:21:06Z,2026-03-15T09:33:58.058294
UgxWxODj9RnQuYxqay94AaABAg,t5pkwVCNfnE,@dev_padmanabhan,നല്ലയൊരു വിജയമാകട്ടെ❤️💎,2,2026-03-14T13:40:18Z,2026-03-15T09:33:58.058294
UgysdJUZwTjvP8_fgnN4AaABAg,t5pkwVCNfnE,@Vpr2255,Mollywod Oppenheimer&#39;s movie <br><br>DHYAN  💣💣💣,2,2026-03-14T17:14:47Z,2026-03-15T09:33:58.058294
Ugyv0Wll5NtGXHbVQQx4AaABAg,t5pkwVCNfnE,@ranjupnair,Dyan❤❤❤,2,2026-03-14T14:00:02Z,2026-03-15T09:33:58.058294
UgzhMcQs3Z_smKPoViJ4AaABAg,t5pkwVCNfnE,@Rockon111,ഒരു ഇടവേളയ്ക്കു ശേഷം അയാള് വരുക ആണ്.... വീണ്ടും കുലൂക്കാൻ 💣💣💣,1,2026-03-14T18:45:27Z,2026-03-15T09:33:58.058294
UgwzzD44B3JRLo37sIR4AaABAg,t5pkwVCNfnE,@veritazsriram8422,My advance wishes for block buster ❤,1,2026-03-14T13:17:11Z,2026-03-15T09:33:58.058294
UgxrNhOLbwyTp3g_yct4AaABAg,t5pkwVCNfnE,@rathishravin,Congrats 👏 🎉,2,2026-03-14T12:46:34Z,2026-03-15T09:33:58.058294
UgyjWaPBaVa-9blq4md4AaABAg,fBihGdO6b6E,@ShaKing_037,❤❤❤,4,2026-03-14T22:52:22Z,2026-03-15T09:34:02.614278
Ugw8A6Tc65mUkpE5m5p4AaABAg,fBihGdO6b6E,@Village-Farmer-TN47,Winner&#39;s 🏆 <br>Match 1=SNT<br>Match 2=MBTS<br>Match 3=MBTS<br>Match 4=KISSA<br>Match 5=Spark is live,8,2026-03-15T02:33:05Z,2026-03-15T09:34:02.614278
UgxnjCCaEXGo0VEKLaF4AaABAg,fBihGdO6b6E,@vishnuv5891,5 match winners?,2,2026-03-15T01:46:46Z,2026-03-15T09:34:02.614278
Ugzfu58zmN4pUGHK3AF4AaABAg,fBihGdO6b6E,@selvakumartivece9347,Yesterday winner yaaru bro...?,0,2026-03-15T01:57:10Z,2026-03-15T09:34:02.614278
Ugxjpf3mbXz6mnK0zy54AaABAg,QQNEKWOMtBs,@Gautam_prajapati7264,हम प्रजापति समाज का होकर भी Ashish yadav का बहुत बड़ा फैन हैं पर जीरो लाइक हैं😢😢,54,2026-03-15T01:39:14Z,2026-03-15T09:34:03.298719
UgwEUcSJQnZT_b4TSDZ4AaABAg,QQNEKWOMtBs,@NiranjanYaduvanshi-r9k,हम एक यादब समाज का लड़का हूं और मैं आशीष भैया का बहुत बड़ा फैन हूं लेकिन आज खेसारी भैया का बर्थ डे का दिन भी कोई लाइक कर दो।❤❤❤❤,36,2026-03-15T01:36:51Z,2026-03-15T09:34:03.298719
Ugyfobv8doiQID46dLB4AaABAg,QQNEKWOMtBs,@Deepak_Yadav6,Abhi tak koi badhai nahi diya khesari bhaiya ko Happy Birthday sherr ❤,11,2026-03-15T01:51:14Z,2026-03-15T09:34:03.298719
UgydpimV1kMt8VbfMll4AaABAg,QQNEKWOMtBs,@Sknishadrdx-q8t,"आज देखते हैं हनुमान जी को कितने लाइक मिलते हैं❤🎉🎉🎉 <a href=""https://www.youtube.com/watch?v=QQNEKWOMtBs&amp;t=16"">0:16</a> <a href=""https://www.youtube.com/watch?v=QQNEKWOMtBs&amp;t=16"">0:16</a> <a href=""https://www.youtube.com/watch?v=QQNEKWOMtBs&amp;t=16"">0:16</a> <a href=""https://www.youtube.com/watch?v=QQNEKWOMtBs&amp;t=16"">0:16</a>",13,2026-03-15T02:07:28Z,2026-03-15T09:34:03.298719
UgxRZB2y0mXQWPtCBkp4AaABAg,QQNEKWOMtBs,@BinodTiwari-d6e,"हम रात को बारात आए थे तो पता चला आशीष भैया का बरात का सॉन्ग आने वाला है सुबह <a href=""https://www.youtube.com/watch?v=QQNEKWOMtBs&amp;t=420"">7:00</a>❤❤",2,2026-03-15T02:44:42Z,2026-03-15T09:34:03.298719
UgxLmwsjhxpMr-LY0IF4AaABAg,QQNEKWOMtBs,@BambamBedardi,आज खेसारी लाल यादव का Birthday है <br>बधाई नहीं दोगे ❤❤🎉🎉😊😊 🥰😘,14,2026-03-15T01:43:58Z,2026-03-15T09:34:03.298719
UgyiUgE4FUnxbKVgLMd4AaABAg,QQNEKWOMtBs,@KumarYadavSonu-n8b,आज फिर से रोहिया डिफरेंस में जाएंगे 😂,9,2026-03-15T01:50:08Z,2026-03-15T09:34:03.298719
Ugx-Pt7XkBS0jGmUb9N4AaABAg,QQNEKWOMtBs,@kajalYadav011,आशीष यादव और खेसारी लाल यादव जी के फैन कौन कौन है ❤🎉🎉🎉🎉,18,2026-03-15T01:44:17Z,2026-03-15T09:34:03.298719
UgxC0KgEFYUG3IRDXc54AaABAg,QQNEKWOMtBs,@Rameshkumar-y2d6o,Mera Bhaiya ka sadi me 10 बार डीजे पर गाना बजाऊंगा बस बाराती का इंतजार है आने तो दो माहौल बना दूंगा मत पड़ो चक्कर में कोई नहीं है आशीष भईया का टकर में...,5,2026-03-15T01:53:00Z,2026-03-15T09:34:03.298719
UgwuBD5V2X54tnKF9CZ4AaABAg,QQNEKWOMtBs,@Satishkumar-u1h8g,Jio mere Ashish yadav 👑💖💫💫💫💫💫💫❤❤❤❤❤❤❤❤❤❤❤❤❤ rangdari song lagye Ashish bhaiya ❤❤❤❤❤❤❤❤ king 👑👑👑👑👑,2,2026-03-15T01:49:38Z,2026-03-15T09:34:03.298719
Ugw0tu6C65v4t4JO1f54AaABAg,QQNEKWOMtBs,@Ahirvolgs3,यादव समाज से कौन कौन देख रहे हैं जरूर कमेंट बॉक्स में बताएं ❤🎉❤🎉,6,2026-03-15T01:44:19Z,2026-03-15T09:34:03.298719
UgwpChhw0rab_ikEZAt4AaABAg,QQNEKWOMtBs,@ersachinkumar1998,2026 में ओन्ली फॉर आशीष भैया राज करेगा❤❤,3,2026-03-15T02:03:19Z,2026-03-15T09:34:03.298719
UgwtxNz9_0QLwS6PpwB4AaABAg,QQNEKWOMtBs,@armykhesari,आज खेसारी भैया का बर्थडे है बट जीरो लाइक 😢,4,2026-03-15T02:05:37Z,2026-03-15T09:34:03.298719
UgwQsi5MfOgmKsLCP1R4AaABAg,QQNEKWOMtBs,@NiranjanYaduvanshi-r9k,यादव खानदान से कितने लोग गाना सुनने आया है। 💪💪💪💪,7,2026-03-15T01:33:21Z,2026-03-15T09:34:03.298719
Ugy5wBKhwzlc2-bUmql4AaABAg,QQNEKWOMtBs,@RahulKumar-c2u9w,Jio Ashish bhaiya aise hi aap blast blast song late rahiye or pura maghi hilate rahiye ❤️❤️🔥🔥🤗🤗🥰🥰😇😇,3,2026-03-15T02:02:11Z,2026-03-15T09:34:03.298719
UgyXWygRnQYuvhMfLZN4AaABAg,QQNEKWOMtBs,@kajalYadav011,आज खेसारी लाल यादव जी के बर्थडे है तब पर भी जीरो लाइक है ❤🎉🎉🎉🎉🎉🎉,4,2026-03-15T01:40:53Z,2026-03-15T09:34:03.298719
Ugx8R11O1IiQH5Ap2Ep4AaABAg,QQNEKWOMtBs,@DhirajYadav-r9l6t,जब जब आशीष यादव का सॉन्ग आता है  सिस्टम हैंग कर देता है ❤ अह बात कर कौन कौन सहमत है 👍,6,2026-03-15T02:09:35Z,2026-03-15T09:34:03.298719
UgwnkW4jK5XQkrmZD494AaABAg,QQNEKWOMtBs,@SantoshKumar-dw3bk,हम यादव समाज का एक लड़का हूं और आशीष भैया का बहुत बड़ा फैन हूं लेकिन आज मेरा कॉमेंट पर जीरो लाइक 😢😢😢😢,3,2026-03-15T01:45:24Z,2026-03-15T09:34:03.298719
UgyfIXu0g1qLtEkY1QJ4AaABAg,QQNEKWOMtBs,@NiranjanYaduvanshi-r9k,क्यों पड़े हो किसी के चक्कर में कोई नहीं है आशीष भैया के टक्कर में 💪💪💪,1,2026-03-15T01:42:27Z,2026-03-15T09:34:03.298719
Ugxn1K_afWVS-tNl4Kd4AaABAg,QQNEKWOMtBs,@milangop-ydv,आज खेसारी भईया का जन्मदिन है देखते है कितने लोग विश करते है❤❤❤,1,2026-03-15T01:34:40Z,2026-03-15T09:34:03.298719
UgxFFZFCo7c69qyuKlR4AaABAg,jET70yD3C_8,@Flickverseyt,Vadhusur hai... sorry bhai log😅,779,2026-03-12T08:52:44Z,2026-03-15T09:34:05.233739
UgxHv3BZLrla3UKBN3B4AaABAg,jET70yD3C_8,@nahakulbhatta3674,I am 100% sure; Bhoot Bangala is far better than Raja Saab😂😂😂,487,2026-03-12T10:54:09Z,2026-03-15T09:34:05.233739
Ugxazayegazp2wOWCmd4AaABAg,jET70yD3C_8,@kingstonlaviston6824,Stree 2 was very funny i totally relate to your humour and for me bhooth Bangla teaser was funny I am excited for this movie,49,2026-03-12T16:50:43Z,2026-03-15T09:34:05.233739
UgwNgpkMkH4FIqGtJ-F4AaABAg,jET70yD3C_8,@brahmmastra,i think you missed out on the most important easter egg…<br>the “haveli” shown is the same as shown in the original Bhool Bhulaiyaa ..,217,2026-03-12T11:32:31Z,2026-03-15T09:34:05.233739
Ugy_JQw6x4P6_LKRvZh4AaABAg,jET70yD3C_8,@Theknown97,"<a href=""https://www.youtube.com/watch?v=jET70yD3C_8&amp;t=221"">3:41</a> piche ka background band karde yaar😢",16,2026-03-12T20:38:16Z,2026-03-15T09:34:05.233739
Ugy6V8qJnXvlmWKxCxN4AaABAg,jET70yD3C_8,@MIXYNK,RIP Legend Asrani 💐,189,2026-03-12T12:42:16Z,2026-03-15T09:34:05.233739
UgzQzQ7kGYuqIjmCjWV4AaABAg,jET70yD3C_8,@DhruvPanday-zt9zj,Better than Paadasaab 💩 💩 💩,110,2026-03-12T10:35:38Z,2026-03-15T09:34:05.233739
Ugy_gXdWoAsSnkEnIhh4AaABAg,jET70yD3C_8,@vedansh_peepre,"<a href=""https://www.youtube.com/watch?v=jET70yD3C_8&amp;t=293"">4:53</a> mephisto yaad hai humein -_-",9,2026-03-12T17:18:39Z,2026-03-15T09:34:05.233739
UgwvNM8xRJpFMq6Eeip4AaABAg,jET70yD3C_8,@abhirajsen1791,Ek pura video english mein sunke abhi accha lag raha hai wapas hindi mein aapki video sunne mohit bhaiya,5,2026-03-12T18:12:33Z,2026-03-15T09:34:05.233739
UgwhBiDhDCoCwYMPMNt4AaABAg,jET70yD3C_8,@bumblebee2956,This movie will do business just for the nostalgia factor 😅really hope it’s delivered. But looks nonsensical,13,2026-03-12T17:30:54Z,2026-03-15T09:34:05.233739
UgxutvgXPAticEqyE194AaABAg,jET70yD3C_8,@CuriousCinephile,The only thing that&#39;s missing from this movie other than Priyadarshan and Akshay is the inclusion of Neeraj Vora.,94,2026-03-12T11:34:40Z,2026-03-15T09:34:05.233739
Ugzdt5egZgki3BRfomh4AaABAg,jET70yD3C_8,@ShivamTyagi-1,Bhoot Bangla 🎥<br>Actors 🗿<br>Director 🗿 <br>Musician 🗿,90,2026-03-12T12:32:08Z,2026-03-15T09:34:05.233739
UgwoMRjgAQl7bk8OtRN4AaABAg,jET70yD3C_8,@adityagrrakshaskar1621,There used to be a serial called Brhamarakshas which aired on zee TV I think for some reason this teaser reminds me of that,2,2026-03-12T17:35:43Z,2026-03-15T09:34:05.233739
Ugxu5PMOog3jJ2oZ9LB4AaABAg,jET70yD3C_8,@XNothingxx,bhai kalki pe koi video banao,1,2026-03-12T17:07:50Z,2026-03-15T09:34:05.233739
Ugwt2dWzsOx8QYT-NgV4AaABAg,jET70yD3C_8,@geetikasingh1937,Apke video bahut ache lgte h ❤❤❤,1,2026-03-12T11:04:01Z,2026-03-15T09:34:05.233739
Ugxk3Zs_Vo7g9cuv5LR4AaABAg,jET70yD3C_8,@skprofessionals2324,Haveli same lg rhi hai Bhool Bhulaiyaa wali.,0,2026-03-15T01:05:50Z,2026-03-15T09:34:05.233739
UgxXTcX4aboe0ZzLFsB4AaABAg,jET70yD3C_8,@deepaksaini-q5g6z,"I think mohit bhai ko jyada knowledge hai , as compared to badal😅,kaafi saal se mohit bhai ki videos dhekh rha hu, so mujhe inke review jyada sahi lagte hai ❤",7,2026-03-12T11:19:27Z,2026-03-15T09:34:05.233739
UgwJfnB2fmwaGqJWnPt4AaABAg,jET70yD3C_8,@pratikthorat3213,"bhoot bangla is going crazy , i love teaser😄",0,2026-03-14T20:58:09Z,2026-03-15T09:34:05.233739
Ugya3jJ_W_HBPmgXn-Z4AaABAg,jET70yD3C_8,@editingfreak10,"A lot of chances for  vampire and also look that song they released ram ji aake bhala karenge , it&#39;s all vampire theme, also few lyrics they mentioned vampire and sucking blood too. <br>Too early to say but......",1,2026-03-12T19:17:05Z,2026-03-15T09:34:05.233739
UgxMN2r7JOfUX0Ywd3d4AaABAg,jET70yD3C_8,@vikramdevkhosla999,Thumbnail is intresting too😂,31,2026-03-12T10:30:47Z,2026-03-15T09:34:05.233739
Ugz09WSuTae0yK4XSNp4AaABAg,YwtvQ23_-34,@diljitdosanjh,Yooo.. I’m The DEALER 💀,5736,2026-03-10T23:08:50Z,2026-03-15T09:34:12.656629
UgzTN22Zxz6-bUV8FTN4AaABAg,YwtvQ23_-34,@khikhisaitama,Singers on normal days🤡<br>Singers on exam days ☠️,2322,2026-03-11T08:48:12Z,2026-03-15T09:34:12.656629
Ugz5mlqJnRQ6IAmiykh4AaABAg,YwtvQ23_-34,@AMAZINGFLOORSHORTS,Singer on normal days 🥵<br>Singer on exam days 😈,21,2026-03-15T00:25:25Z,2026-03-15T09:34:12.656629
UgxXWX3VtjGxw0vRviZ4AaABAg,YwtvQ23_-34,@YouTubeIndia,punjabi aagaye oyeeeee with another banger 🔥🔥,2068,2026-03-11T09:10:11Z,2026-03-15T09:34:12.656629
Ugz7AO7__H-cgUx36O94AaABAg,YwtvQ23_-34,@sayimbhagat,"Bro , apka loan nikla hai was epic",12,2026-03-14T16:07:46Z,2026-03-15T09:34:12.656629
UgwiZgYipdOa50_vl454AaABAg,YwtvQ23_-34,@DeepakSajjan-x8u,Thaanedar uncle gall ki aaa❤❤❤😅😅😅😅😅😅,6,2026-03-14T23:07:05Z,2026-03-15T09:34:12.656629
Ugz2XpQdruOFxuxV8fB4AaABAg,YwtvQ23_-34,@150GAMING-x7v,Diljit back to his fun era,1153,2026-03-11T03:38:13Z,2026-03-15T09:34:12.656629
UgyaGgED6nHbHBfwL-F4AaABAg,YwtvQ23_-34,@n_avneet17,OLD DILJIT IS BACK FINALLY!🎉,14,2026-03-14T14:28:31Z,2026-03-15T09:34:12.656629
Ugw3_qv4EjAnzNZauGt4AaABAg,YwtvQ23_-34,@ramchauhan4232,OG diljit dosanjh back from the past 👍🏻💪🏻,201,2026-03-12T19:20:29Z,2026-03-15T09:34:12.656629
Ugwaf59zvPBXGR17mq94AaABAg,YwtvQ23_-34,@momento07,Ki gll hogi Heisenberg uncle,406,2026-03-11T06:09:04Z,2026-03-15T09:34:12.656629
UgzyxepkL98HuVJfsIl4AaABAg,YwtvQ23_-34,@manpreetsaini6935,Am I the only one feeling like the song finished before it even started?❤,342,2026-03-12T05:21:39Z,2026-03-15T09:34:12.656629
UgxH2iq8ppQeIQrwlKF4AaABAg,YwtvQ23_-34,@aishwaryawasthi3601,We want Hardy Sandhu X Diljit pajiii...❤,0,2026-03-15T03:35:16Z,2026-03-15T09:34:12.656629
Ugwm394OyWoJbcyZTs94AaABAg,YwtvQ23_-34,@Dishita_Sahu17.11,Want Diljit and Aujla collab 💀 🔥 😁,1069,2026-03-11T04:11:46Z,2026-03-15T09:34:12.656629
UgzodJV2_9ad428oJDJ4AaABAg,YwtvQ23_-34,@notoriusbuntyvlogs,"<a href=""https://www.youtube.com/watch?v=YwtvQ23_-34&amp;t=55"">0:55</a> ਥਾਣੇਦਾਰ ਅੰਕਲ ਗੱਲ ਕੀ ਆ 😂😂😂 ❤❤❤ ਇਹੇ ਨੀ ਟਲਦਾ 22  😂😂❤❤❤",166,2026-03-11T03:41:54Z,2026-03-15T09:34:12.656629
UgxbSACRVAP0BuQvJ5F4AaABAg,YwtvQ23_-34,@jass_kkr,“Paaji rap mode ch… industry silent mode ch 🔥👑”,193,2026-03-11T04:43:08Z,2026-03-15T09:34:12.656629
Ugy2-loGJaSlIpt3EDl4AaABAg,YwtvQ23_-34,@Neo_on_op,Vibe wapas agyeie veeray ❤️💖😍😍🙏🤗,7,2026-03-13T08:01:39Z,2026-03-15T09:34:12.656629
Ugwa2OIfMcF5iykMWZh4AaABAg,YwtvQ23_-34,@jagjitsingh809,Finally after so many pop songs bro dropped an actual hip hop banger🔥,491,2026-03-11T05:06:39Z,2026-03-15T09:34:12.656629
Ugwo51VFh3cQxvbeYKR4AaABAg,YwtvQ23_-34,@ajaytanwar452,Mankirat Aulakh must be listening to this on loop.,183,2026-03-11T16:01:42Z,2026-03-15T09:34:12.656629
UgzcKaJwm4gkxzMkGHB4AaABAg,YwtvQ23_-34,@abhijitsingh1889,Thanedaar uncle ki gl hogi🤔,226,2026-03-11T03:31:49Z,2026-03-15T09:34:12.656629
UgxHko7F9SDxxjrGULV4AaABAg,YwtvQ23_-34,@manrajkaur7507,Same to you,0,2026-03-15T03:56:39Z,2026-03-15T09:34:12.656629
UgxVx6BLsHKfeHJOvZ94AaABAg,CD-kNjIw85E,@galib_khan,সিয়াম ভাইতো এইবার সত্যিই খাইয়া দিবে ❤️😜,218,2026-03-13T19:04:14Z,2026-03-15T09:34:20.262559
UgyX6WdguaxzkxornDp4AaABAg,CD-kNjIw85E,@SkJoY-n3r,power of director <br>Prince ❎🤡<br>Rakkhos ✅💀,57,2026-03-14T13:06:33Z,2026-03-15T09:34:20.262559
UgwoMmWfgxVr71rQmDZ4AaABAg,CD-kNjIw85E,@RezaulKarim-h5k,এই মুভিটা রেকর্ড পরিমান বিজনেস করবো <br> সিয়ামের ক্যারিয়ার দাঁড়াইয়া গেল <br> মেহেদী হাসান হৃদয় একটা জিনিসই,33,2026-03-14T11:59:49Z,2026-03-15T09:34:20.262559
Ugx5Pnyeh7CsRYDs-fx4AaABAg,CD-kNjIw85E,@RGRuhan-d4x,প্রিন্স এর চেয়ে অনেক ভালো হয়েছে রাক্ষস❤❤❤❤🎉🎉🎉,15,2026-03-14T13:44:27Z,2026-03-15T09:34:20.262559
UgxV0Z92r7QUK8TiQIh4AaABAg,CD-kNjIw85E,@TIMESTRA2050,Finally Rakkhosh 🎉😮,132,2026-03-13T17:51:48Z,2026-03-15T09:34:20.262559
UgxO3E-VmD_q4of9aj94AaABAg,CD-kNjIw85E,@Asadahmed-ag,কোপা রাক্ষস আগুন ভাই আগুন🎉🎉,77,2026-03-13T18:32:09Z,2026-03-15T09:34:20.262559
UgzmXyrDJc2a7SocSnh4AaABAg,CD-kNjIw85E,@hasibsanto54,"এই জিল্লু, খাইয়া দে🗡️🗡️🪓🪓<br>পুরাই জমে গেসে 💪",676,2026-03-13T18:29:40Z,2026-03-15T09:34:20.262559
UgxhTfB1tBc7QRHj0qR4AaABAg,CD-kNjIw85E,@siyamrahman8244,সিয়াম ভাই পুরা কাপায়া দিছেন❤️‍🔥❤️‍🔥,11,2026-03-14T12:48:28Z,2026-03-15T09:34:20.262559
UgxZH__-EtiFUm8P6Lx4AaABAg,CD-kNjIw85E,@riashat_alam,"<a href=""https://www.youtube.com/watch?v=CD-kNjIw85E&amp;t=92"">1:32</a> এই জিল্লু খাইয়া দে🔥🔥🔥",100,2026-03-13T18:28:08Z,2026-03-15T09:34:20.262559
UgzYr9bFaZATAuQcKDJ4AaABAg,CD-kNjIw85E,@subahan_nill_170,100% sure rakkhos &amp; borbaad connected 🎉❤,952,2026-03-13T17:54:28Z,2026-03-15T09:34:20.262559
UgxqflgUPAWzzDGerod4AaABAg,CD-kNjIw85E,@Fa__Sagor,"মেহেদী হাসান হৃদয় ভাইয়ের এন্ট্রিটা সেই ছিল,পুরাই🔥🔥",102,2026-03-14T00:57:35Z,2026-03-15T09:34:20.262559
UgwIQWAi4BiZ90Yw4B14AaABAg,CD-kNjIw85E,@AfiaBegumJudge,"Jillu once again <br>Previous , ei jillu mal de <br>Now , ei jillu khaiya de <br>😂😂😂😂<br>You can make jillu universe<br>😂😂😂😂",10,2026-03-14T13:09:15Z,2026-03-15T09:34:20.262559
UgxoUrbMIQ2ske1kGxZ4AaABAg,CD-kNjIw85E,@SaifZohan,এবারের ঈদ রাক্ষসের ❤️ What a Trailer...  Bdw আলীরাজ কে অনেক বছর পর দেখে ভালো লাগলো। এখানে মে বি বাবার ক্যারেক্টার করেছে৷ বাট ভিলেন হিসেবে উনি দুর্দান্ত৷,118,2026-03-13T19:26:27Z,2026-03-15T09:34:20.262559
UgyCx6k7KdLJdqock6l4AaABAg,CD-kNjIw85E,@MRahman-z2g,ভাইরে ভাই এইটা কি<br>সিয়ামের মুভি একটা ও দেখিনাই<br>কিন্তু এবার মনে হয় ফ্যান হতে হবে তার,162,2026-03-13T18:15:57Z,2026-03-15T09:34:20.262559
UgwT_DuQtjsfDy7fkZt4AaABAg,CD-kNjIw85E,@Fa__Sagor,এই &quot;রাক্ষস&quot; মুভি দিয়েই সিয়াম সুপারস্টার খ্যাতি অর্জন করবে❤,261,2026-03-14T01:20:22Z,2026-03-15T09:34:20.262559
UgzsTZ8ImwO_Dr8W7fd4AaABAg,CD-kNjIw85E,@MDIsmail-gp7rb,এবার ঈদ ডেন্ডিং কাপাবে জিল্লু খাইয়া দে,3,2026-03-14T19:14:13Z,2026-03-15T09:34:20.262559
UgymfrqQroI9n7bCzY14AaABAg,CD-kNjIw85E,@TameemShahriar-yw7oj,"রিয়েল এনার্জির ছবিগুলোতে  শক্তিশালী ভিজ্যুয়াল অনুভূতি থাকে। বড় ক্যানভাসের মতো বিস্তৃত ভিজ্যুয়াল ভাষা চোখে পড়ে। কিছু কিছু শট এমনভাবে ধরা হয় যে, শুধু সেই দৃশ্যগুলোই দর্শকের মধ্যে সিনেমার প্রতি আলাদা আগ্রহ তৈরি করে। সব মিলিয়ে বলা যায়, হৃদয় ও শাহরিন সুমি বারবার প্রমাণ করে যাচ্ছেন যে তারা সত্যিই ভালো সিনেমা নির্মাণ করতে পারেন। তাদের কাজের মধ্যে নতুন ভাবনা, সাহসী ভিজ্যুয়াল এবং গল্প বলার আলাদা একটা শক্তি আছে।",273,2026-03-13T18:13:37Z,2026-03-15T09:34:20.262559
UgymOSeC307ws5BlDix4AaABAg,CD-kNjIw85E,@MrMusafir-Raj.Pishach,"ভাই রে ভাই, কি দেখলাম😮😮😮😮😮<br>এই জিল্লু, খায়া দে🔪🔪🔪<br>Siam Ahmed ভাই, কড়া কড়া💣💣💣💣💣",54,2026-03-13T18:06:34Z,2026-03-15T09:34:20.262559
UgyvuYxps4V3m8VTPjJ4AaABAg,CD-kNjIw85E,@Basharahmed-vm9zd,সেই থেকে সেই আজকে থেকে আমি সিয়াম আহমদ এর ফ্যান,82,2026-03-13T17:57:57Z,2026-03-15T09:34:20.262559
Ugxwm769_mnSBetJv6V4AaABAg,CD-kNjIw85E,@ismailhosaain-u2v,This type of movies are good but we need some more movie like &quot;utsob&quot;,10,2026-03-14T12:27:49Z,2026-03-15T09:34:20.262559
Ugxld7q-TdhhwCGoJsV4AaABAg,-tCad7diUtc,@Ratha-x5i,Sujan Kumar,0,2026-03-13T11:15:52Z,2026-03-15T09:34:22.118577
UgzGGsKKMHIJyRiOchx4AaABAg,-tCad7diUtc,@parameshparameshwari2403,M.raja adhityaa,1,2026-03-13T11:53:23Z,2026-03-15T09:34:22.118577
UgyziMAMCQk5ImzlHmp4AaABAg,-tCad7diUtc,@navaratnampaskaran6455,Tharukshan,0,2026-03-13T10:49:19Z,2026-03-15T09:34:22.118577
UgwnpJ9QZxghD5LC9gZ4AaABAg,-tCad7diUtc,@SevalingamThiruchelvam,சூப்பர் லவ் சூப்பர் லவ்லி,0,2026-03-14T16:01:52Z,2026-03-15T09:34:22.118577
Ugz3rBESHkPO5ilLchZ4AaABAg,-tCad7diUtc,@DEVARAJGDEVARAJG-ry9ud,Kaushik raj<br>😊,0,2026-03-15T04:04:18Z,2026-03-15T09:34:22.118577
UgyochRr85W3hohAlWd4AaABAg,-tCad7diUtc,@Muthuvel7200-j5o,I❤❤❤ am today I am 9 years old I am 4th standard❤,4,2026-03-13T11:16:13Z,2026-03-15T09:34:22.118577
UgyjkbVbg1qHFMonpVp4AaABAg,-tCad7diUtc,@ManjunathanLMV.machanical,Rakshan. M,0,2026-03-13T16:28:15Z,2026-03-15T09:34:22.118577
UgxJWW5KOsh3Fgpcsb94AaABAg,-tCad7diUtc,@murugadassm-p2l,Ysa,0,2026-03-14T02:50:40Z,2026-03-15T09:34:22.118577
UgzSI6Vww1XQnXhAZEp4AaABAg,-tCad7diUtc,@VenkatesanC-d9p,😮😮😂😮🎉😅😂😅,0,2026-03-14T09:50:03Z,2026-03-15T09:34:22.118577
UgzDH6aYdftvfO8HwyJ4AaABAg,-tCad7diUtc,@smart__spark....,Save❤,0,2026-03-13T11:50:54Z,2026-03-15T09:34:22.118577
Ugw2D-l0qGxeYHgm_xR4AaABAg,-tCad7diUtc,@PuppyKumar-w8c4m,Lalit Kumar  save,0,2026-03-13T11:58:15Z,2026-03-15T09:34:22.118577
UgwvkH6kh7-pG6t91C14AaABAg,-tCad7diUtc,@EsakkiammalE-v2e,Yes,1,2026-03-13T11:41:47Z,2026-03-15T09:34:22.118577
UgwQHURDnbNyhjTSYhN4AaABAg,-tCad7diUtc,@ManiMegalai-eh3uv,Thieshitarrasan,0,2026-03-14T05:55:39Z,2026-03-15T09:34:22.118577
UgxAeuLlRbv6z9VmkCR4AaABAg,-tCad7diUtc,@KavithaNanjai,Aadhavan,0,2026-03-14T06:23:03Z,2026-03-15T09:34:22.118577
UgznJpwZTfWLfqaENnt4AaABAg,-tCad7diUtc,@msmaniragini4759,Sudalaimani,0,2026-03-14T02:18:05Z,2026-03-15T09:34:22.118577
Ugyyagdr0y96lB1IbnR4AaABAg,-tCad7diUtc,@NithyaVelu-f4m,Vikash Varma ❤❤❤❤❤❤❤❤❤❤❤❤❤❤❤❤❤❤❤❤❤❤,0,2026-03-14T00:49:51Z,2026-03-15T09:34:22.118577
Ugzd2R7-1KuO_UeafLB4AaABAg,-tCad7diUtc,@SaravananR-y4t9i,Bharani,0,2026-03-14T11:03:12Z,2026-03-15T09:34:22.118577
UgyFfD9OgQBruGp9Ni14AaABAg,-tCad7diUtc,@Ayaan-b2f5h,Ayaan<br>❤❤❤,0,2026-03-13T12:02:03Z,2026-03-15T09:34:22.118577
UgxwB9I1kiMyd0hbQNR4AaABAg,-tCad7diUtc,@vichithrakrishnaraj3749,Vishmith and nivishna,0,2026-03-13T15:27:44Z,2026-03-15T09:34:22.118577
UgziC2acKAo5xOyutxd4AaABAg,-tCad7diUtc,@sivasankari13,Aadhithya,0,2026-03-14T05:54:35Z,2026-03-15T09:34:22.118577
UgyZI243Us20m6cmCfR4AaABAg,TtSd7L7oqb0,@ManojGujjar-i9w,😅😅😅😅😊😊😊,0,2026-03-15T03:26:51Z,2026-03-15T09:34:22.582822
Ugz-woBxPCfnKdeGEBN4AaABAg,TtSd7L7oqb0,@ManharanPatel-w4p,😊😊😊,1,2026-03-14T07:53:16Z,2026-03-15T09:34:22.582822
Ugxtr3Y3WM5wFhCkhOx4AaABAg,TtSd7L7oqb0,@MukeshKumar-i6m5s,❤❤🎉🎉,11,2026-03-12T11:26:31Z,2026-03-15T09:34:22.582822
Ugxb45baTEmFvtf6r394AaABAg,TtSd7L7oqb0,@Amanyadav-p6j,❤❤❤❤❤❤❤❤❤❤❤❤❤❤❤❤❤❤❤❤😂😂😂😂😂😂😂😂😂😂😂😂😂😂😂😂Sejal❤❤❤❤,4,2026-03-13T08:53:34Z,2026-03-15T09:34:22.582822
UgwnCtsCFtwe-Rbf6BR4AaABAg,TtSd7L7oqb0,@royalrajput5843,❤❤,8,2026-03-12T07:04:41Z,2026-03-15T09:34:22.582822
Ugyqr3t_tyUJ1vLoulJ4AaABAg,TtSd7L7oqb0,@Adil_Shah_1,🎉🎉,1,2026-03-14T07:28:02Z,2026-03-15T09:34:22.582822
UgzkqVh1U3uCBpizphV4AaABAg,TtSd7L7oqb0,@ganeshnaikwade4279,😂😂😂😂😂😂😂❤❤❤🎉🎉😢😢😮😮😅😅😊😊,14,2026-03-12T06:10:57Z,2026-03-15T09:34:22.582822
UgyvQpSQIj3FVUbqoIp4AaABAg,TtSd7L7oqb0,@PriyaPrajapatinf4ph,❤❤❤❤❤🎉🎉🎉🎉,2,2026-03-12T15:24:41Z,2026-03-15T09:34:22.582822
UgxOx1krDSRlqu6JYQh4AaABAg,TtSd7L7oqb0,@DevramTopale,😂😂❤❤🍷🍷🥃🥃,2,2026-03-13T04:50:51Z,2026-03-15T09:34:22.582822
UgykwhVkmIYEBSCnN_Z4AaABAg,TtSd7L7oqb0,@pradumsingh383,SHE IS NOT BEWAFA .,34,2026-03-12T16:46:26Z,2026-03-15T09:34:22.582822
UgxzaGuZotVwrXj2FIF4AaABAg,TtSd7L7oqb0,@Soni-xg1jf,😅😅😅😂😂😂🎉❤😅,3,2026-03-13T02:22:25Z,2026-03-15T09:34:22.582822
UgyeLcOTyPfnnkth_YV4AaABAg,TtSd7L7oqb0,@RahulVerma-vk3hn,Ye gana acha hai ❤❤❤❤❤❤❤❤❤❤❤❤❤❤❤❤❤❤,15,2026-03-13T10:36:37Z,2026-03-15T09:34:22.582822
Ugxr1HrEa10yMTGlsct4AaABAg,TtSd7L7oqb0,@MukeshKumar-i6m5s,❤❤❤❤🎉🎉🎉🎉,4,2026-03-13T02:14:42Z,2026-03-15T09:34:22.582822
Ugwzyh9cIlM2ec9v3Ud4AaABAg,Q2QLjyiC_mg,@AbhiKaroDance,Waiting For Golmaal 5 Finally 😅,48,2026-03-14T15:57:38Z,2026-03-15T09:34:27.692617
Ugy5qE1n3SjEeg9ej3Z4AaABAg,Q2QLjyiC_mg,@goldgamerq6239-r2f,Golmaal returns aur 3 bhi mast movies hai aaj bhi dekho to maja aata hai,35,2026-03-14T16:02:44Z,2026-03-15T09:34:27.692617
UgyPrMMlan09sKcJozV4AaABAg,Q2QLjyiC_mg,@radiant_jugnu,"<a href=""https://www.youtube.com/watch?v=Q2QLjyiC_mg&amp;t=390"">6:30</a> first and 3rd mast hai",23,2026-03-14T15:58:44Z,2026-03-15T09:34:27.692617
Ugx-fmj_Cn_8oqAZzO54AaABAg,Q2QLjyiC_mg,@shantilaldawars.scomedy4481,Akki sir super hero comedy ❤,15,2026-03-14T16:35:03Z,2026-03-15T09:34:27.692617
UgyHfkS5TOZz27QqbqR4AaABAg,Q2QLjyiC_mg,@rpradeep3000,Akshay rocks ..... ❤,15,2026-03-14T16:30:00Z,2026-03-15T09:34:27.692617
UgzAIqvbDulgu2OV7l54AaABAg,Q2QLjyiC_mg,@munarout8931,DHURANDHAR KHA JAEGA ISKO 😂 . TELUGU MAIN DHURANDHAR KE SARE SHOWS HOUSEFULL HAIN 🔥 . DHURANDHAR 2 OPENING DAY WILL BE 300 CR + 💣,24,2026-03-14T16:31:07Z,2026-03-15T09:34:27.692617
Ugwf8hc0iXwokhEBWsR4AaABAg,Q2QLjyiC_mg,@prathamsolanki1776,Golmaal 3 is one of the best comedy movie ever.,3,2026-03-14T17:36:44Z,2026-03-15T09:34:27.692617
UgxsionRmIEoEZ0N_9h4AaABAg,Q2QLjyiC_mg,@radiant_jugnu,"<a href=""https://www.youtube.com/watch?v=Q2QLjyiC_mg&amp;t=358"">5:58</a> arey golmal ke first part me ye tha ab wapas lota hai",7,2026-03-14T15:58:16Z,2026-03-15T09:34:27.692617
Ugz4euOvbeOHvHbZFeF4AaABAg,Q2QLjyiC_mg,@KaranKumar_8655,Pawan Kalyan sir fans hajir ho,3,2026-03-14T16:39:00Z,2026-03-15T09:34:27.692617
Ugx6cK51UDsW-P1TNXx4AaABAg,Q2QLjyiC_mg,@gaddamMahendra-v9f,Pspk masss god,2,2026-03-14T16:56:38Z,2026-03-15T09:34:27.692617
Ugx8XVspf6i7psgA94x4AaABAg,Q2QLjyiC_mg,@AbhiKaroDance,Toxic - Daddy&#39;s Home <br>Dhurandhar - Ghar Par Raho Betaaaa,10,2026-03-14T15:52:12Z,2026-03-15T09:34:27.692617
UgwsbvZONKy7H7AcHbV4AaABAg,Q2QLjyiC_mg,@avimesram5917,Khiladi entry ❤😂,1,2026-03-14T17:47:43Z,2026-03-15T09:34:27.692617
UgzIezU25AII6ZoEqBF4AaABAg,Q2QLjyiC_mg,@EntertainmentCafe4664,Golmaal 1 aur 3 kaafi badiya thi but 3 aur golmaal again same thi!,4,2026-03-14T16:14:16Z,2026-03-15T09:34:27.692617
Ugz9QFGl5N5u3LTefdt4AaABAg,Q2QLjyiC_mg,@RkHQ-d7i,"my fav 1. golmaal 3, 2. golmaal 4, 3.golmaal 1",1,2026-03-14T17:45:14Z,2026-03-15T09:34:27.692617
Ugw0shahFV8ZSoIGViN4AaABAg,Q2QLjyiC_mg,@SwarajVaidya-c5m,I&#39;m in Maharashtra fan of Pawan Kalyan❤🔥🔥,0,2026-03-14T18:54:16Z,2026-03-15T09:34:27.692617
UgypK14QfuY95YeDTSZ4AaABAg,Q2QLjyiC_mg,@Yashs_introz123,❤,3,2026-03-14T15:52:18Z,2026-03-15T09:34:27.692617
UgwaOT2JggHuZUfNQEF4AaABAg,Q2QLjyiC_mg,@tariyalpiyush6699,Bala wala look hai Golmaal 5 me Akshay kumaar ka 🙌🔥💀 Akshay kumaar aa gye naa Full of comedy action hoga 🙌,2,2026-03-14T17:10:03Z,2026-03-15T09:34:27.692617
UgwHxb9dlS2GtGeDah54AaABAg,Q2QLjyiC_mg,@jagdishmohanty6576,Mantra muggdha Odia movie release Hoga 1st may 2026.Uska Teaser aaya Hai. Uski Teaser kae upar reaction kijiye.,5,2026-03-14T15:52:45Z,2026-03-15T09:34:27.692617
Ugx2WmjGsjPSACjLa7Z4AaABAg,Q2QLjyiC_mg,@anantadebhalder3224,Theri was masterpiece ❤❤🎉,5,2026-03-14T15:55:33Z,2026-03-15T09:34:27.692617
Ugwwz8p9mKVnRu7hVAZ4AaABAg,Q2QLjyiC_mg,@faaru_zoro,"Golmaal 5,6,7,8,9,10 kitna bhi banao dekh lenge",2,2026-03-14T17:31:06Z,2026-03-15T09:34:27.692617
UgxKOZNXDUVjZoRjjxV4AaABAg,kb_immw_8qw,@newbieAditya,FRENCH KISS SOUL AND GODL ONE PLAYER ON LAN,556,2026-03-14T15:40:24Z,2026-03-15T09:34:28.207438
UgxuSvKutz1RK-STI5l4AaABAg,kb_immw_8qw,@Pushpendra979,Become the cameraman for one day.🎉<br><br><br>.......Btw in the last 6 matches of wildcard  Simpp was  the igL 💛<br>And apne kal last match m roman ka (fun) banter miss kr diya,1187,2026-03-14T15:33:27Z,2026-03-15T09:34:28.207438
UgwHeMWNAm520yCO2Wh4AaABAg,kb_immw_8qw,@Allgaming97,SOUL AND GODL LAST 2 MATCHES WAS PURE CINEMA 🤷🏻‍♂️,179,2026-03-14T15:57:57Z,2026-03-15T09:34:28.207438
UgwnZ41Th1JZNF8yWjx4AaABAg,kb_immw_8qw,@lucifertechniques7605,"its peak rivalry, we should be happy to witness this and pls don&#39;t spread hate we don&#39;t know how much it will last 💛💛🚀🚀",195,2026-03-14T15:40:45Z,2026-03-15T09:34:28.207438
Ugx2L2DWPuJVJ32f9Y94AaABAg,kb_immw_8qw,@FoOl_boi,Go on stage convince jonny and goblin to do twerk with you 😂,41,2026-03-14T16:14:57Z,2026-03-15T09:34:28.207438
UgzWlmljvBvJtgPzUf54AaABAg,kb_immw_8qw,@funnyshortszzzz102,Ek rivalry match ne sb ko active kr diya youtube or insta mai that&#39;s the power of godlike vs soul rivalry 💛🚀 maja aa gya 🔥,78,2026-03-14T15:52:45Z,2026-03-15T09:34:28.207438
UgzOyCGgyMmCU5V1bmZ4AaABAg,kb_immw_8qw,@gaara_s,"<a href=""https://www.youtube.com/watch?v=kb_immw_8qw&amp;t=1961"">32:41</a> Gawk gawk gawk 😂",138,2026-03-14T15:54:54Z,2026-03-15T09:34:28.207438
Ugw4fcOO70KhJXNPwFJ4AaABAg,kb_immw_8qw,@travelwithjoy117,"IT IS NOT JUST SOUL VS GODL,, IT IS EL CLASSICO FOR IGC ❤️🚀❤️🚀",21,2026-03-14T17:18:13Z,2026-03-15T09:34:28.207438
Ugy5U-ktBzF2daoJBWV4AaABAg,kb_immw_8qw,@Buntypromax,A gya 11 sec bad he beozgar pro maxxxx,30,2026-03-14T15:32:50Z,2026-03-15T09:34:28.207438
UgwuNoyaJtCN0TkZrjV4AaABAg,kb_immw_8qw,@LEo_kiìñg,Someone trolling scout for 5 goli now we will troll 8 goli.. 😂,14,2026-03-14T17:22:20Z,2026-03-15T09:34:28.207438
UgxSdCCs6WIzsbLRAyp4AaABAg,kb_immw_8qw,@Thecomet.ty7,Bhai itne time baad goblin vs Jonathan ka 1v1 dekh ke it feels like absolute sinema🚀🚀🚀🚀<br>Also happy to see both teams playing good😊,15,2026-03-14T16:12:28Z,2026-03-15T09:34:28.207438
Ugz-0tBHVCmjkeV-2bl4AaABAg,kb_immw_8qw,@Chippin05,Perfect timing bro. Khane ke saath ka intezaam ho gaya,34,2026-03-14T15:42:05Z,2026-03-15T09:34:28.207438
UgzEoc1AB8bI2EyaXoZ4AaABAg,kb_immw_8qw,@godlzgod9872,"<a href=""https://www.youtube.com/watch?v=kb_immw_8qw&amp;t=1960"">32:40</a> 😂😂😂",30,2026-03-14T15:53:25Z,2026-03-15T09:34:28.207438
Ugwg9aysJPw3bz0k8cR4AaABAg,kb_immw_8qw,@ABHi.1323,"The hidden reality is spike getting biased towards his teams.. you gotta accept it buddy, there’s nothing wrong with it.",9,2026-03-14T17:24:05Z,2026-03-15T09:34:28.207438
UgywYRavl_fN4QgwqF54AaABAg,kb_immw_8qw,@LEo_kiìñg,"<a href=""https://www.youtube.com/watch?v=kb_immw_8qw&amp;t=1992"">33:12</a> jonny have 8 in shotgun.... Giblin have 4 ammo and out of 4 goblin connect 2 still not getting knock and then switch gun and knock...",35,2026-03-14T17:33:56Z,2026-03-15T09:34:28.207438
Ugz5Iq6v0XPunjg4jlR4AaABAg,kb_immw_8qw,@Hemant-s9h,"<a href=""https://www.youtube.com/watch?v=kb_immw_8qw&amp;t=1969"">32:49</a> le beta ..PAPA hain saamne GOBLIN hi kahde pinky tujhse na hoga🗿🗿..",16,2026-03-14T18:23:33Z,2026-03-15T09:34:28.207438
Ugx_GKAWruwzX8a_uhl4AaABAg,kb_immw_8qw,@Nani23-y1z,Goblin aur jonny do na ka giggle in 1 v 1 fight same😂❤🚀,32,2026-03-14T16:43:24Z,2026-03-15T09:34:28.207438
Ugy49-7nO0i7pdRb9EV4AaABAg,kb_immw_8qw,@rambandari8,Arey bhaai itna jaldhi 😅,5,2026-03-14T15:42:22Z,2026-03-15T09:34:28.207438
Ugzy6qTYuk29xTXewlB4AaABAg,kb_immw_8qw,@sunmeetchhabra1217,By the way goblin 27 finishes in 12 matchess🚀🚀🚀🚀<br>Absolute godlin🚀🚀🚀,148,2026-03-14T15:33:43Z,2026-03-15T09:34:28.207438
UgyBs0EX3rRwEBJO1nZ4AaABAg,kb_immw_8qw,@Akshat2k07,"Soul vs vs erangel ka 1st fight clip peak fight coordination ka example lga entry fragger ne entry create ki, igl ne flank angle bnaye rakha, filter ne charge kiya,support ne fight wrap kiya❤🥶",5,2026-03-14T18:11:02Z,2026-03-15T09:34:28.207438
UgxILrZPvV3kbn_6SHV4AaABAg,zfYi1JBonGA,@cg__sekhar____lovers,Miss    u   my. I love you. 😢😢😢😢😢😢😢😢😢😢😢😢😢😢😢😢😢😢😢😢😢,0,2026-03-14T18:29:21Z,2026-03-15T09:34:30.693036
UgxS8QluFC7DJcXQPlp4AaABAg,zfYi1JBonGA,@VinitaTiwari-b6t,I love you Shivani sambhavi❤❤❤❤❤❤,3,2026-03-13T15:33:00Z,2026-03-15T09:34:30.693036
UgyEESVgmS7Tv-FzPMx4AaABAg,zfYi1JBonGA,@ptharu7528,Nice brother 👍👌,2,2026-03-13T15:40:07Z,2026-03-15T09:34:30.693036
UgyXkJiXbT4o3HjbRfN4AaABAg,zfYi1JBonGA,@ajaykumardey2357,Super bhai,1,2026-03-13T14:25:37Z,2026-03-15T09:34:30.693036
UgzlghBlrX6yEdpE1Th4AaABAg,zfYi1JBonGA,@OPSSBHAI,"<a href=""http://mast.song/"">Mast.song</a>",3,2026-03-12T07:54:51Z,2026-03-15T09:34:30.693036
UgxAAH8Dis_5_tvPL8V4AaABAg,zfYi1JBonGA,@varunsoni1236,I love song ❤❤❤❤❤❤❤❤❤❤👌💘💔,0,2026-03-13T10:29:23Z,2026-03-15T09:34:30.693036
UgwHlISeDfjiBaHOlet4AaABAg,zfYi1JBonGA,@MdMohammad-s9r,I love song ❤️❤️❤️❤️❤️💔💔💔💔,0,2026-03-13T13:26:50Z,2026-03-15T09:34:30.693036
UgyVshUbKLhLLQsES-94AaABAg,zfYi1JBonGA,@KrishnaMishra-9,Very nice song 💞💞💞💞,0,2026-03-14T13:45:22Z,2026-03-15T09:34:30.693036
UgzhAAH5-FfAhQBeLaZ4AaABAg,zfYi1JBonGA,@Nasreen-el6bl,Good Suga ❤️,1,2026-03-13T14:02:48Z,2026-03-15T09:34:30.693036
UgyJgILFlCVVYEnhBbZ4AaABAg,zfYi1JBonGA,@MahiMrMahi-k2k,Good song ❤❤❤❤❤❤❤❤❤,1,2026-03-14T15:55:20Z,2026-03-15T09:34:30.693036
Ugy7TxiRXmO8UetK4I94AaABAg,zfYi1JBonGA,@SatrohanJoshi-e6u,Nice song🎉🎉😂😂😂❤❤❤😊😊🎉🎉🎉,0,2026-03-14T01:57:22Z,2026-03-15T09:34:30.693036
Ugz7JTNFoZwIGmZdTJ94AaABAg,zfYi1JBonGA,@PrasantaNayak-x1v,So nice ❤,0,2026-03-15T02:26:18Z,2026-03-15T09:34:30.693036
Ugz11hWwWwpWcgZYrh54AaABAg,zfYi1JBonGA,@birballohar8863,😢😢 খুব কষ্ঠের,0,2026-03-14T15:38:45Z,2026-03-15T09:34:30.693036
Ugxck7HS3BIhFaC52Ch4AaABAg,zfYi1JBonGA,@Good-y8h3u,❤❤❤❤❤❤❤❤❤❤❤❤❤❤❤❤❤❤❤❤❤❤❤,0,2026-03-14T21:10:22Z,2026-03-15T09:34:30.693036
UgzIW_Kqi4vXR7OaO8l4AaABAg,zfYi1JBonGA,@रामफल101,"11:16 pm ,13 april <br>Talking with her",1,2026-03-13T17:47:40Z,2026-03-15T09:34:30.693036
Ugy0FzOelxdrcaMqLiZ4AaABAg,zfYi1JBonGA,@veeruvk1567,😢😢😢😢😢❤❤❤❤so sad song,0,2026-03-13T12:03:07Z,2026-03-15T09:34:30.693036
UgzB2FoCunqcIQx6eLB4AaABAg,zfYi1JBonGA,@PayalSingh-h5d,❤❤❤❤❤❤❤😊,3,2026-03-12T08:27:45Z,2026-03-15T09:34:30.693036
Ugw4i2IdJKZ6ntnMiK14AaABAg,zfYi1JBonGA,@RinkuSingh-wc3lb,Nice music 🎵❤,0,2026-03-14T16:55:45Z,2026-03-15T09:34:30.693036
UgzF44WPIqIw-W9N6fd4AaABAg,zfYi1JBonGA,@kathumar_vlogr_02,Kon kon 13 march ko sun raha hai,14,2026-03-12T20:48:00Z,2026-03-15T09:34:30.693036
Ugw9ZLrit9-Sxygv6IF4AaABAg,zfYi1JBonGA,@Tumbledry_alwar,mast gana hai,0,2026-03-14T06:45:16Z,2026-03-15T09:34:30.693036
UgyMXomZG_h9xX59Qax4AaABAg,9UohrY3YtOs,@DivyaChoondal,Sagar Surya Fans 🔥❤️,5,2026-03-14T06:27:09Z,2026-03-15T09:34:31.199158
UgxAeZxHe3m7P3eS3eZ4AaABAg,9UohrY3YtOs,@sree9291_dcc,❤❤❤,2,2026-03-14T04:26:22Z,2026-03-15T09:34:31.199158
UgwNYmRiB9BTLLmR2WF4AaABAg,9UohrY3YtOs,@hibaskhan8272,tarzan,0,2026-03-14T16:48:04Z,2026-03-15T09:34:31.199158
Ugx0AmSDVsF64-hTWzV4AaABAg,9UohrY3YtOs,@dileepmone,Bad movie,6,2026-03-14T07:44:29Z,2026-03-15T09:34:31.199158
UgxVz5pYN6-AoorOdGB4AaABAg,rugB08duIRA,@RNait,Haji Kida Lagya Ainakaan Song Comments Kr k Dsyo ❤,1302,2026-03-10T05:50:35Z,2026-03-15T09:34:34.188168
UgwerPWwXi1GU-_M8jl4AaABAg,rugB08duIRA,@GillSattu,"ਮੀਰਾ ਕਰਕੇ ਕੌਣ ਕੌਣ ਦੇਖਣ ਆਇਆ ਇਹ song ❤❤,,",628,2026-03-11T14:18:22Z,2026-03-15T09:34:34.188168
UgyLzBMM1KhQ0kKxTNZ4AaABAg,rugB08duIRA,@Sanz_Recordz,ਮੀਰਾਂ ਕਰਕੇ ਗਾਣੇ ਚ ਹੋਰ ਵੀ ਜਾਨ ਪੈ ਗਈ 🤗🤗 ਕਿਆ ਬਾਤ 👌🏻👌🏻🧿,245,2026-03-11T05:50:37Z,2026-03-15T09:34:34.188168
UgygSpKF1tP6vSFABBJ4AaABAg,rugB08duIRA,@855Warga,R Nait ਬਾਈ ਦੇ ਫੈਨ ਹਾਜ਼ਰੀ ਲਵਾਓ ਜੀ ❤❤,244,2026-03-10T05:10:18Z,2026-03-15T09:34:34.188168
UgzA4YbWMkNkE4sZ6g14AaABAg,rugB08duIRA,@Chillmood108ਮਹਾਂਦੇਵ,Merra ending te❤❤<br>    R nait trending te👍👍👍,23,2026-03-13T19:16:09Z,2026-03-15T09:34:34.188168
Ugy9sCSIphiTwpB-QWd4AaABAg,rugB08duIRA,@855Warga,ਕੌਣ ਕੌਣ ਮੀਰਾ ਨੂੰ ਦੇਖਣ ਆਇਆ ❤❤,412,2026-03-10T05:12:29Z,2026-03-15T09:34:34.188168
UgxPRZWPxx27e2LK4Px4AaABAg,rugB08duIRA,@MUSKAN_PANWAR_official,देखते हैं आज मंगलवार के दिन हनुमान जी के लिए कितने लाइक आते हैं <br>घोर कलयुग में भी 😅😅😅😅<br>❤❤,233,2026-03-10T04:49:30Z,2026-03-15T09:34:34.188168
UgxGpw16cLr1jlRbScZ4AaABAg,rugB08duIRA,@BalramSingh-c8o,Attttttttttttt Veera ❤❤,3,2026-03-14T16:12:49Z,2026-03-15T09:34:34.188168
UgwCml1R49XDkMRfDBp4AaABAg,rugB08duIRA,@vijajmahey693,ਫ਼ਕੀਰ ਆਪ ਤਾ ਫ਼ਕੀਰ ਹੀ ਰੰਦੇਂ ਨੇ ਉੱਨਾ ਦੀ ਮਸਤੀ ਹੀ ਉਨਾ ਦੀ ਦੌਲਤ ਹੁੰਦੀ ਐ <br>ਓ ਮਸਤੀ r nait ਵੀਰ ਨੇ meera ਵਿੱਚ ਦੇਖ ਲ਼ੀਏ ਐ <br>ਬਾਕੀ meera ਨਾਲ਼ ਮੇਰੀ ਐ ਪੁਰਾਣੀ ਸਾਂਝ ਨੀ 👏👏👏👏👏,27,2026-03-10T21:30:03Z,2026-03-15T09:34:34.188168
UgyryUZJ1jTbD2nN1_x4AaABAg,rugB08duIRA,@855digital,"ਤੇਰਾ R Nait ਵਿਕਦਾ ਕਰੋੜਾ ਵਿੱਚ ਨੀ ਬਾਕੀ Meera ਨਾਲ ਮੇਰੀ ਆ ਪੁਰਾਣੀ ਸਾਂਝ ਨੀ Love U Y Dilo Respect ❤⛳🚀 Khich Ke Rakho Babeooo.....  <a href=""https://www.youtube.com/watch?v=rugB08duIRA&amp;t=151"">2:31</a>",133,2026-03-10T04:38:57Z,2026-03-15T09:34:34.188168
Ugw0o9flc0R7NmdEUnZ4AaABAg,rugB08duIRA,@PB23SATNAMSINGHBRAR,ਤੇਰਾ R Nait ਵਿਕਦਾ ਕਰੋੜਾਂ ਵਿਚ ਨੀ <br>ਬਾਕੀ Meera ਨਾਲ ਮੇਰੀ ਆ ਪੁਰਾਣੀ ਸਾਂਝ ਨੀ<br>I Salute R Nait veer ਤੇ Meera ਭੈਣ ਨੂੰ <br>🎉🎉🎉🎉🎉🎉🎉🎉🎉🎉🎉🎉<br>ਪ੍ਰਮਾਤਮਾ ਤੁਹਾਨੂੰ ਚੜ੍ਹਦੀ ਕਲਾ ਚ ਰੱਖੇ ਹਮੇਸ਼ਾਂ,81,2026-03-10T08:29:57Z,2026-03-15T09:34:34.188168
UgxKkybF3Zir8A7Z4ll4AaABAg,rugB08duIRA,@Big.man.music855,Vote for chapter 5 of big men and chapter 2 of homeless,62,2026-03-10T04:47:22Z,2026-03-15T09:34:34.188168
UgwV8YxzlQHNeqR7dgV4AaABAg,rugB08duIRA,@KashmirlalDhot-n4b,Meera😊 r nait veere  bahut vdiya song ainkaan   I am big fan r nait and meera,1,2026-03-11T06:59:07Z,2026-03-15T09:34:34.188168
UgxBzxL3GBUdyh8b_sV4AaABAg,rugB08duIRA,@JagtarSingh-l7q1s,Mera very nice,4,2026-03-14T09:58:05Z,2026-03-15T09:34:34.188168
UgxzC3PSKPXSflP8iFh4AaABAg,rugB08duIRA,@MehekMaan,ਮੇਰਾ ਵੀਰ ਜਦੋਂ ਗਾਣਾ ਕੱਢਦਾ ਨਾ ਤਾਂ ਸਿਰਾ ਹੀ ਲਾ ਦਿੰਦਾ ਇਹ ਉਮਰਾ ਬਖਸ਼ੇ ਮੇਰੇ ਵੀਰ ਨੂੰ ਬਹੁਤ ਕੁਝ ਸਿੱਖਿਆ ਮੈਂ ਇਹਨਾਂ ਤੋਂ ਇਹ ਤਾਂ ਮੈਂ ਸ਼ਾਇਰੀ ਸਿੱਖੀ ਆ ਬਾਈ ਯਾਰ ਨੇ ਦਤਾ ਬਹੁਤ ਬਹੁਤ ਧੰਨਵਾਦ,56,2026-03-10T08:08:50Z,2026-03-15T09:34:34.188168
UgzC8mp2gB2u6fQZjVx4AaABAg,rugB08duIRA,@cute-jassu6221,Kon kon meera te rnait nu pyar karda❤️❤️❤️❤️😍😍😍😍,32,2026-03-10T06:37:44Z,2026-03-15T09:34:34.188168
UgzPuVoV_7eWqxYwcv94AaABAg,rugB08duIRA,@Bittusaidoke,"ਕੌਣ ਕੌਣ ਇਸ ਗੱਲ ਨਾਲ ਸਹਿਮਤ ਆ ਕਿ ਆਰ ਨੇਤ ਦੇ ਹੁਣ ਵਾਲੇ ਗੀਤ ਮੀਰਾ ਕਰਕੇ ਲੋਕ ਜਿਆਦਾ  ਸੁਣ ਰਹੇ ਤੇ ਪਸੰਦ ਵੀ ਕਰਦੇ ਨੇ, ਵੈਸੇ ਪਹਿਲਾਂ ਵਾਲੇ ਗੀਤ ਵੀ ਸੁਪਰ ਹਿੱਟ ਨੇ",189,2026-03-11T20:05:33Z,2026-03-15T09:34:34.188168
Ugx-JyKA4qE2EDxLfhJ4AaABAg,rugB08duIRA,@AnkushSharma-sl9ew,Suberb Punjabi song mam and sir g ❤❤❤,1,2026-03-11T03:56:07Z,2026-03-15T09:34:34.188168
Ugwq8c1q4MUnyDuEtVF4AaABAg,rugB08duIRA,@AsadJutt-o8e,"R nait come back ❤❤ <a href=""https://www.youtube.com/watch?v=rugB08duIRA&amp;t=24"">0:24</a>",32,2026-03-10T05:22:26Z,2026-03-15T09:34:34.188168
UgyecfCZhuWF6FeRlER4AaABAg,rugB08duIRA,@SandeepSingh-n7i8j,ਮੂਸੇ ਵਾਲੇ ਦੇ ਫੈਨ ਜਰਾ ਹਾਜਰੀ ਲਵਾਓ❤❤❤,29,2026-03-10T04:47:02Z,2026-03-15T09:34:34.188168
UgyMEDk1klecxpP_8i14AaABAg,ZNgYOahlYmA,@sudhanism_,MC&#39;s  1426th video about Brand new day leaked trailer 😂,127,2026-03-13T06:05:37Z,2026-03-15T09:34:34.962849
UgybqHslh2-BksYLHJN4AaABAg,ZNgYOahlYmA,@sriganesh606,Thumbnail: Suma iruganda<br><br>Me to MC: suma iru bro,79,2026-03-13T06:10:06Z,2026-03-15T09:34:34.962849
UgzMeBEQ1RXGGnvYAXR4AaABAg,ZNgYOahlYmA,@saravanaa9398,"<a href=""https://www.youtube.com/watch?v=ZNgYOahlYmA&amp;t=112"">1:52</a> padathukku apparam thaan trailer 😂😂😂😂",17,2026-03-13T10:26:28Z,2026-03-15T09:34:34.962849
UgwJ4snDD56sk_C75MV4AaABAg,ZNgYOahlYmA,@lee_me_vijay,Waiting for Onepiece S2 Review 😤,24,2026-03-13T08:24:12Z,2026-03-15T09:34:34.962849
UgzW8352TCZ_-N9Dbop4AaABAg,ZNgYOahlYmA,@sanjay-ey4bu,We Want The Amazing Spider-man 3 in same darker theme like Amazing Spider-man 1(2012),16,2026-03-13T08:33:09Z,2026-03-15T09:34:34.962849
UgwwDss5NXYvzV4iuqx4AaABAg,ZNgYOahlYmA,@Mystic_flikcs007,Bro review for one piece season 2,18,2026-03-13T06:00:28Z,2026-03-15T09:34:34.962849
UgwwGpyAEQn4vaj3wx94AaABAg,ZNgYOahlYmA,@tskbeats1,The trailer is in reddit,12,2026-03-13T07:09:25Z,2026-03-15T09:34:34.962849
UgzpnH-npaNGFguMabR4AaABAg,ZNgYOahlYmA,@dhilipsrihari3098,Oru official poster kuda release pana matranga .oru spiderman fan aah romba verupethuranga😂.no way home kum idhae dhan pannan😅,19,2026-03-13T06:03:52Z,2026-03-15T09:34:34.962849
Ugx5POERpvRbhbLyz1Z4AaABAg,ZNgYOahlYmA,@balajikumar6158,"Avatar Legends, First look picture vasndhurukku, Breakdown podu bro.",7,2026-03-13T12:50:58Z,2026-03-15T09:34:34.962849
UgyvKqrYJf8fnL2Yn7R4AaABAg,ZNgYOahlYmA,@kpakeditz,Reddit la trailer pathavanga 🌝🌝,5,2026-03-13T06:26:30Z,2026-03-15T09:34:34.962849
UgwcxPYfUeC9TICmjT94AaABAg,ZNgYOahlYmA,@ananthikumar215,bro i think spiderman is one of the reason for doomsday because he cured the other universal villans,7,2026-03-13T06:31:40Z,2026-03-15T09:34:34.962849
UgxtukaC4mdyJlvwVmJ4AaABAg,ZNgYOahlYmA,@paranthamanmadhana5605,Dc fans ❤🎉,12,2026-03-13T05:56:45Z,2026-03-15T09:34:34.962849
UgyUofYqzh0BbV_Gh5B4AaABAg,ZNgYOahlYmA,@dhilipsrihari3098,"<a href=""https://www.youtube.com/watch?v=ZNgYOahlYmA&amp;t=199"">3:19</a> Pratical swinging minimal la dha bro panna mudiyum . pendulum swinging matum dha pratical aah eduka mudiyum.adhudha eduthanga .mostly cgi dha povanga.because spiderman alavuku endha stunt double nalayum agile aah move aga mudiyadhu. Stable equilibrium nu spiderman ku power eh Iruku .evoloe fast ah swing panalum spiderman ku thala suthadhu.but normal humans nala panna mudiyadhu.",9,2026-03-13T06:17:44Z,2026-03-15T09:34:34.962849
UgyuRd0S_03thxylxu54AaABAg,ZNgYOahlYmA,@pavanwarner5838,Evalo nall tha bro sonathiyea solitrupa 🫡🫡,222,2026-03-13T05:56:18Z,2026-03-15T09:34:34.962849
Ugz1QPnFt8s_NNUXLqt4AaABAg,ZNgYOahlYmA,@Ashwin-u8g,Waiting  for tralier❤❤❤❤,4,2026-03-13T06:00:01Z,2026-03-15T09:34:34.962849
Ugx3KTYBHEGBH5WjfBx4AaABAg,ZNgYOahlYmA,@Meoww-n5n,My 297th Turn -: Attack On Titan Review MC Broooooooo 😂❤,23,2026-03-13T05:55:51Z,2026-03-15T09:34:34.962849
UgzX7_uVpc28KaiDzwt4AaABAg,ZNgYOahlYmA,@MrPotato-tar67,ella ok ana padam hype ah satisfy pannuma 🤔,3,2026-03-13T11:52:06Z,2026-03-15T09:34:34.962849
UgwiKP47Y45_YuoZBNZ4AaABAg,ZNgYOahlYmA,@MJERaman459,"<a href=""https://www.youtube.com/watch?v=ZNgYOahlYmA&amp;t=195"">3:15</a> குண்டில இருந்‌து விடுவாரோ😅",3,2026-03-13T13:25:51Z,2026-03-15T09:34:34.962849
UgwvM8uF_H6b5KKbet94AaABAg,ZNgYOahlYmA,@Sabari-4321,Bro DMK ads  saa varuthu bro,3,2026-03-13T07:20:23Z,2026-03-15T09:34:34.962849
UgwMGWQhPs3bmHb5WV54AaABAg,ZNgYOahlYmA,@deagle6030,Remember Jackie Chan made the stunts of this movie,2,2026-03-13T06:05:31Z,2026-03-15T09:34:34.962849
Ugz9IrMG3z3o7CYN0uR4AaABAg,P2Fcck7DML0,@Dream_visuals01,Flight gamer old subscriber attendance here <br>👇🏻,139,2026-03-14T07:36:02Z,2026-03-15T09:34:38.175004
Ugx6X8cc3OKTXx8o3fR4AaABAg,P2Fcck7DML0,@narayangupta4231,Kon kon sinchan pinchin and chap ko miss karta hai ❤❤,139,2026-03-14T07:36:35Z,2026-03-15T09:34:38.175004
UgzLZgMxGGhApD7R2f54AaABAg,P2Fcck7DML0,@OFFICIAL_BLACK_444-s6s,Kon Kon SHINCHAIN Phinchain And Chop Ko Miss Karta Hai🥹🥹🥹🥹🥹🥹🥹🥹🥹🥹🥹🥹🥹🥹🥹🥹🥹🥹🥹🥹🥹🥹🥹🥹🥹🥹🥹😭😭😭😭😰😭😭😭😭😰😰😰😰,73,2026-03-14T07:35:49Z,2026-03-15T09:34:38.175004
UgzTK_xcmrHZlcyMA254AaABAg,P2Fcck7DML0,@SuchaSingh-m6c,I Hope all of you score 99% marks in final exam ❤😊,23,2026-03-14T07:54:27Z,2026-03-15T09:34:38.175004
UgwmAtDv5ynfgCHwsbt4AaABAg,P2Fcck7DML0,@gurnishan-x7m,Bhai shichan pinchin or chop ko lakar ho nahi tho ma unsubscribe kar du ga,9,2026-03-14T07:59:24Z,2026-03-15T09:34:38.175004
Ugw5OJmNwLs2B76CNYZ4AaABAg,P2Fcck7DML0,@GamingWithhamza786,Blue Gang attendence here 👇💙💙💙💙💙,32,2026-03-14T08:08:51Z,2026-03-15T09:34:38.175004
Ugx8wWWj8nIYpXrv4mZ4AaABAg,P2Fcck7DML0,@NOOB-OP-22,Kaun-kaun blue gang aur green gang ko mis karta hai😢😢😢😢😢❤❤❤,24,2026-03-14T07:36:46Z,2026-03-15T09:34:38.175004
UgzkpZiKDgsUhLHU3w54AaABAg,P2Fcck7DML0,@priyankabarmaiya6826,Flight gamer real fan attendance here ❤❤,1,2026-03-14T10:58:37Z,2026-03-15T09:34:38.175004
UgxOZ74o9T-SLyjptEp4AaABAg,P2Fcck7DML0,@PoojaKanojiya-v5f,Maa kasam jisne subscribe nhi kiya wo exam mein fail😂😂,9,2026-03-14T07:42:49Z,2026-03-15T09:34:38.175004
UgzjwQjwZmST2tswBnp4AaABAg,P2Fcck7DML0,@PinkiDevi-d3k7y,Flight gamer i love you,1,2026-03-14T12:11:30Z,2026-03-15T09:34:38.175004
UgwAAZJKla9gj9n7TC54AaABAg,P2Fcck7DML0,@aara.v5Sb,sinchan pincan ko vapas lao flight gamer please 😭😭😭😭😭😭😭😭😭😭,1,2026-03-14T07:52:13Z,2026-03-15T09:34:38.175004
UgzcZ_QB_r-F4qJumyl4AaABAg,P2Fcck7DML0,@dollyandotra9223,Kon kon flight gamer ki video ko 2x speed me dekhta hai,0,2026-03-14T07:38:25Z,2026-03-15T09:34:38.175004
UgwSyCICIsQpSHUjivF4AaABAg,P2Fcck7DML0,@quicksilverytff543,Kon kon blue gang green gang ko miss krta ha <br>👇🏻,2,2026-03-14T11:57:13Z,2026-03-15T09:34:38.175004
UgxNdm_7ipvBxdUoFnF4AaABAg,P2Fcck7DML0,@Ankit-you7770-z2u,GTA V real mein tum adventure Se bnao movie GTA game,0,2026-03-14T07:41:10Z,2026-03-15T09:34:38.175004
UgysrslgpXkzAwbFtzx4AaABAg,P2Fcck7DML0,@Gamingzone_066,Flight gamer old subscriber like<br>👇,0,2026-03-14T15:20:24Z,2026-03-15T09:34:38.175004
Ugw-DezBNmdgoJuWJJN4AaABAg,P2Fcck7DML0,@ChandraRawat-q5m,👇 blue gang attendance here,13,2026-03-14T07:35:57Z,2026-03-15T09:34:38.175004
Ugx4vm7Aj1JKxtrjrtl4AaABAg,P2Fcck7DML0,@LakhmiChand-j5i,Flight bhaiya please blue game ko wapas lao please 🙏🙏🙏,1,2026-03-14T17:23:59Z,2026-03-15T09:34:38.175004
UgwFDe9P_okOO8nG42x4AaABAg,P2Fcck7DML0,@SamadTade,Bhojpuri gana Bhojpuri video gana Bhojpuri,0,2026-03-14T07:41:25Z,2026-03-15T09:34:38.175004
UgyK5Zccyhu5sqzJ0o94AaABAg,P2Fcck7DML0,@NiranjanThakurNiranjanThakur,Franklin i miss blue gang💙💙 and green gang💚💚,1,2026-03-14T09:32:36Z,2026-03-15T09:34:38.175004
UgxMBVehGx75UTOcxbZ4AaABAg,P2Fcck7DML0,@Gamerxero9888,Hello flight gamer ke subscribers kia hal hai,4,2026-03-14T07:51:05Z,2026-03-15T09:34:38.175004
UgyTw_W9S2DWhPClGXZ4AaABAg,iBqvvwFQz68,@ShivaKumar-o3p8d,🖖💌💔👏,2,2026-03-14T01:10:56Z,2026-03-15T09:34:38.592479
UgwrBCyaTQ7Q8mAeGKx4AaABAg,iBqvvwFQz68,@DeepakPaswan-z5g8u,❤,0,2026-03-14T00:53:49Z,2026-03-15T09:34:38.592479
Ugzc5XuKh99D3yLBW-B4AaABAg,iBqvvwFQz68,@janmejaysingh421,Jay shanidew vhagwan,2,2026-03-07T00:56:26Z,2026-03-15T09:34:38.592479
UgxmnCvWhPBSpnWEBG14AaABAg,iBqvvwFQz68,@manishkumardas6131,Sanatan garima.,5,2026-03-07T00:35:22Z,2026-03-15T09:34:38.592479
Ugz8TMyggtjcgbNFxvV4AaABAg,iBqvvwFQz68,@SandeepNishad-i2j7d,Om namah Shivay har har Mahadev Jay Shri Shri Shani Dev Maharaj ji,0,2026-03-14T02:46:04Z,2026-03-15T09:34:38.592479
UgzFTQDbSJ_9DBrassZ4AaABAg,iBqvvwFQz68,@GaneshPrasad-l3t3o,Jay Shani Dev natak pranam karta hun mera sanket hai,2,2026-03-14T00:41:58Z,2026-03-15T09:34:38.592479
Ugyw-ZGAg535vJqLoRF4AaABAg,iBqvvwFQz68,@SanjayaNayak-c9x,Jay shanidev ki Jay sanichara rahu ketu❤❤❤❤❤❤❤❤❤❤❤❤❤❤❤❤❤❤❤❤❤❤❤❤❤❤❤❤❤,2,2026-03-14T00:10:56Z,2026-03-15T09:34:38.592479
UgzMnJJZlwfGSVtVrqx4AaABAg,iBqvvwFQz68,@SajanSajan-p2b,🥹🥹🥹🥹🙏🙏🙏🙏🙏🙏🙏🙏🙏🚩🚩🚩🚩🚩🚩🚩,3,2026-03-07T01:03:57Z,2026-03-15T09:34:38.592479
Ugw4_SQma4yGbIOV-2x4AaABAg,iBqvvwFQz68,@SunilKumar-r4i9c,Maa,1,2026-03-13T23:43:02Z,2026-03-15T09:34:38.592479
UgzqumEd0b--h5GYW-p4AaABAg,iBqvvwFQz68,@dharmiksangeet4955,jai shree shani dev ji ki,2,2026-03-07T07:09:14Z,2026-03-15T09:34:38.592479
UgwOh4DBxBxqklt3-DB4AaABAg,iBqvvwFQz68,@pradeeppaswan8127,"Jai Shni Bhagwan ki jay ho,/🙏",1,2026-03-14T00:38:09Z,2026-03-15T09:34:38.592479
UgwOcpaLsVCivpGBnU14AaABAg,iBqvvwFQz68,@RamlalKohar-x7u,❤❤❤❤❤❤🌺🌺🌺🌺🥀🥀🥀🌹🌹🌹🪷🪷🌷🌷🌷🌸🌸,0,2026-03-14T02:08:28Z,2026-03-15T09:34:38.592479
UgzMvOCZdg3BQC4vxcl4AaABAg,iBqvvwFQz68,@dharmiksangeet4955,jai shree shani dev ji ki,2,2026-03-07T07:09:31Z,2026-03-15T09:34:38.592479
Ugy97CDqH1669Va8ohR4AaABAg,iBqvvwFQz68,@dharmiksangeet4955,jai shree shani dev ji ki,2,2026-03-07T07:09:53Z,2026-03-15T09:34:38.592479
Ugwy3YXN58AAlR-nkKp4AaABAg,iBqvvwFQz68,@sagungaming,Jay sani dev❤❤,0,2026-03-14T02:35:51Z,2026-03-15T09:34:38.592479
UgwDDzILtsE02yMdFqB4AaABAg,iBqvvwFQz68,@dharmiksangeet4955,jai shree shani dev ji ki,2,2026-03-07T07:10:14Z,2026-03-15T09:34:38.592479
UgzRdQhUqNwxxCl6Chx4AaABAg,iBqvvwFQz68,@dharmiksangeet4955,jai shree shani dev ji ki,2,2026-03-07T07:10:45Z,2026-03-15T09:34:38.592479
UgzRQ6Y_Dql-5skXndV4AaABAg,iBqvvwFQz68,@dharmiksangeet4955,jai shree shani dev ji ki,2,2026-03-07T07:11:15Z,2026-03-15T09:34:38.592479
UgwBqpbgwikbjIGOCD94AaABAg,iBqvvwFQz68,@SunilKumar-r4i9c,Jay.shanidew.vhagwan❤❤❤,2,2026-03-13T23:44:10Z,2026-03-15T09:34:38.592479
UgyiaKWGKBgsIGAip014AaABAg,iBqvvwFQz68,@dharmiksangeet4955,jai shree shani dev ji ki,2,2026-03-07T07:11:46Z,2026-03-15T09:34:38.592479
UgxRomludrcPzkMJV4V4AaABAg,vMc_pWm7G7o,@Rita-vy3ts,Maybe fewer bad things would happen if they’d turn a damn light on,2161,2026-03-14T03:25:43Z,2026-03-15T09:34:43.128368
Ugyeq3I_Qrkkd48A3T14AaABAg,vMc_pWm7G7o,@sadoklajmi,once again Netflix is pushing the boundary of how dark can we make this look until u can&#39;t see what&#39;s on the screen,1959,2026-03-13T19:58:48Z,2026-03-15T09:34:43.128368
UgxAJRC6T8F1ebwYWJ14AaABAg,vMc_pWm7G7o,@roni9275,Director : camera action<br>Lightman : sir lights?<br>Director : we don&#39;t have budget for this,375,2026-03-14T14:15:55Z,2026-03-15T09:34:43.128368
UgxEHC-_umIr7tkW5vZ4AaABAg,vMc_pWm7G7o,@michellehaag3,"Since Netflix doesn&#39;t like to share: This one is a show, not a movie. Limited series, 8 episodes.",3646,2026-03-13T15:32:44Z,2026-03-15T09:34:43.128368
Ugyqpy4mK2ngGXjLNId4AaABAg,vMc_pWm7G7o,@reginaldcobbina,What in the Ready or Not😭,2016,2026-03-13T15:04:38Z,2026-03-15T09:34:43.128368
UgxkrpG3dM7TqPtNMvR4AaABAg,vMc_pWm7G7o,@raulkebi7270,&quot;Get Out&quot; meets &quot;Ready or Not&quot; meets &quot;Together&quot;,779,2026-03-13T16:30:55Z,2026-03-15T09:34:43.128368
UgwmAF4tc0BpuCUALMp4AaABAg,vMc_pWm7G7o,@bcjammer00,Glad they put so much thought into the title,409,2026-03-13T15:47:05Z,2026-03-15T09:34:43.128368
UgxfiqhAwBlwsOigmQN4AaABAg,vMc_pWm7G7o,@bagman817,Feels like &quot;Ready Or Not&quot; without a sense of humor.,981,2026-03-13T15:07:26Z,2026-03-15T09:34:43.128368
UgzQgq0DqEw0WKhtt6B4AaABAg,vMc_pWm7G7o,@hernamekailah,it&#39;s giving &quot;i&#39;m thinking of ending things&quot; mixed with &quot;get out&quot;,42,2026-03-13T22:54:57Z,2026-03-15T09:34:43.128368
Ugzp-h6r3WnOkiUj4et4AaABAg,vMc_pWm7G7o,@effectivequ0tes,Something tells me this movie is giving &quot;GET OUT &quot; vibes,539,2026-03-13T15:35:59Z,2026-03-15T09:34:43.128368
Ugx-VD1eD8l2JrHUAWl4AaABAg,vMc_pWm7G7o,@rachelflower8826,"I don&#39;t know why but I was expecting it to be a movie.... instead, it&#39;s an eight episode limited series. So looking forward to binge watching it!",225,2026-03-13T15:11:20Z,2026-03-15T09:34:43.128368
Ugy-H5u1b5ENSza9tsZ4AaABAg,vMc_pWm7G7o,@skeldare,"I really wish Netflix would put if something is a movie or a show, since apparently this is a miniseries.",109,2026-03-13T16:17:22Z,2026-03-15T09:34:43.128368
UgwNu1rOo8VlsTY9gap4AaABAg,vMc_pWm7G7o,@CameronL4547,this is how you do a trailer with no spoilers,501,2026-03-13T16:15:35Z,2026-03-15T09:34:43.128368
UgxLwB_f554MoWVnLJ94AaABAg,vMc_pWm7G7o,@mikan3772,I thought my brightness was low😭 it was 100%🙂✌️,22,2026-03-14T13:01:27Z,2026-03-15T09:34:43.128368
UgworV4BLvRsJZYLBqt4AaABAg,vMc_pWm7G7o,@uncleremus64,I just recognized Albie from White Lotus Season 2.,29,2026-03-13T16:54:50Z,2026-03-15T09:34:43.128368
UgysFXa2rtn5HFMr8Xt4AaABAg,vMc_pWm7G7o,@balochzone9680,She from the &quot;the night manager&quot;! I&#39;m not going to miss this one ahh,38,2026-03-13T16:23:38Z,2026-03-15T09:34:43.128368
Ugx7TnyoxnL-uGRSyQ54AaABAg,vMc_pWm7G7o,@Spiqaro,It would be hilarious if he and his family were totally normal and she was just crazy and imagining this in her head.,11,2026-03-13T23:17:27Z,2026-03-15T09:34:43.128368
UgyUHuKkYHbUC4mhyFZ4AaABAg,vMc_pWm7G7o,@FelipeKana1,Feels like there are dozens of movies like this now. <br>Maybe the plot twist in this one is that nothing terrible happens and it would be actually something new for the genre.,27,2026-03-13T18:14:18Z,2026-03-15T09:34:43.128368
UgxU0sHdaLfw6O_r6ol4AaABAg,vMc_pWm7G7o,@Mediabroe405,Cast looks good &amp; good creatives on this,13,2026-03-13T15:10:39Z,2026-03-15T09:34:43.128368
UgwNuf3-bWIvF5oSC0V4AaABAg,vMc_pWm7G7o,@Lets_Make_Stuff_With_Jeremy,Was lighting used in this production?,9,2026-03-13T18:05:08Z,2026-03-15T09:34:43.128368
UgzX8qEyca-swkGOMgl4AaABAg,dqgU3H6_gE0,@junkeyy,SCARY MOBS~!💥,318,2026-03-12T12:46:21Z,2026-03-15T09:34:50.323485
UgzX-650LG2_0h6CxAJ4AaABAg,dqgU3H6_gE0,@Game_zone_official22k,Kisko monster school yaad hai,45,2026-03-12T13:05:29Z,2026-03-15T09:34:50.323485
UgyBFhP-eL0Bn7PUgaV4AaABAg,dqgU3H6_gE0,@SachinMehta-j8k,pass button <br>👇,46,2026-03-12T12:50:05Z,2026-03-15T09:34:50.323485
UgwpYDiGyGnW22I2oLd4AaABAg,dqgU3H6_gE0,@cool_vatsal,People who miss monster school <br>👇 😢😢,5,2026-03-13T04:24:59Z,2026-03-15T09:34:50.323485
UgyJUz1tK9Lv0JjBuet4AaABAg,dqgU3H6_gE0,@Shlok.gaming6,Vote for darkherose<br>👇,5,2026-03-12T13:52:10Z,2026-03-15T09:34:50.323485
UgwbXxuIRN_NvObmkj14AaABAg,dqgU3H6_gE0,@glowup-h8n,Herobrine mobs school yaad hai 😢,4,2026-03-13T09:53:45Z,2026-03-15T09:34:50.323485
UgyBe11peKiB5-Jv2VN4AaABAg,dqgU3H6_gE0,@syedfarhanuddin7655,Escape granny house with proboiz❤❤❤❤😊,1,2026-03-13T02:09:40Z,2026-03-15T09:34:50.323485
UgzvyIIImMCA3tVzuvx4AaABAg,dqgU3H6_gE0,@Nasrin-h2j8p,Bhaiya aap cricket academy bnao Minecraft mein,0,2026-03-12T16:33:52Z,2026-03-15T09:34:50.323485
Ugzj-XPIoqCKpVvbZ4Z4AaABAg,dqgU3H6_gE0,@AbdulShekh-r4g,make big boss parody video pls,0,2026-03-12T14:30:43Z,2026-03-15T09:34:50.323485
UgxaY_fobUwucRlPMNt4AaABAg,dqgU3H6_gE0,@mycuties28,Drawing competition video please ❤❤❤,0,2026-03-12T16:30:21Z,2026-03-15T09:34:50.323485
UgzKGwgdkPEWcanQNZ14AaABAg,dqgU3H6_gE0,@RamjitKumar-z2x,Junkeyy vs proboiz please 😢😢,45,2026-03-12T12:47:54Z,2026-03-15T09:34:50.323485
UgwmSUzCcguuDQLs5Dt4AaABAg,dqgU3H6_gE0,@AUH331,Agali video pro boys ke sath :),0,2026-03-12T13:27:43Z,2026-03-15T09:34:50.323485
Ugxve_59oHqEozo0nHJ4AaABAg,dqgU3H6_gE0,@SaurabhDeka-k9h6i,Hi,1,2026-03-12T12:48:26Z,2026-03-15T09:34:50.323485
Ugx2RCflkD3Uc8I8zCB4AaABAg,dqgU3H6_gE0,@farishaakter-yu5pc,Junkeyy ভাই proboiz,0,2026-03-12T19:13:35Z,2026-03-15T09:34:50.323485
UgzD5KPk8GrzHcs6ejZ4AaABAg,dqgU3H6_gE0,@FunboxGod,Minecraft <br>accident video <br>alpha<br>bakrooms😊😊,2,2026-03-12T12:55:22Z,2026-03-15T09:34:50.323485
UgwYWMyQgWfnaBczTtd4AaABAg,dqgU3H6_gE0,@mafiauzr933,Dark heros season 4 button<br>👇,0,2026-03-12T18:44:08Z,2026-03-15T09:34:50.323485
UgyWY3aLc84zoFzwxKN4AaABAg,dqgU3H6_gE0,@brrbrrpatap299_11,Under 10 minute team<br>👇🏼,7,2026-03-12T12:58:35Z,2026-03-15T09:34:50.323485
UgxI3VxO89B7DGAMe-h4AaABAg,dqgU3H6_gE0,@ShahedaBanu-u8t,Face reveal kar do aapki bahut badi fan Hun Main,1,2026-03-14T10:45:14Z,2026-03-15T09:34:50.323485
UgwFs3v60yVDEMz8RWp4AaABAg,dqgU3H6_gE0,@Ayanlive-u7h9e,Kon kon notification dekh kar aaya hai,36,2026-03-12T12:49:43Z,2026-03-15T09:34:50.323485
UgzumlKDQFiWRPiiFMZ4AaABAg,dqgU3H6_gE0,@নীলআকাশ-দ৪ঢ,Junkeyy vai please face reveal please Proboiz95 Vai ka face reveal dhakha hu thumari Baki ha😊😊😊❤❤❤,0,2026-03-12T17:17:39Z,2026-03-15T09:34:50.323485
Ugz_1B1rZXJpxUo7xdR4AaABAg,4_JzO8Fa3lE,@MaaTaraRecords,"हमारे चैनल पे नए गाने सबसे पहले सुनने के लिए हमारे Whatsapp Channel को जरूर <br>फॉलो कर लीजिये 👇👇<br><a href=""https://whatsapp.com/channel/0029VbBegfAFnSz7DhV8g50C"">https://whatsapp.com/channel/0029VbBegfAFnSz7DhV8g50C</a>",66,2026-03-13T02:53:04Z,2026-03-15T09:34:52.737434
UgwUjIv5z_lT4ST1Emt4AaABAg,4_JzO8Fa3lE,@rohankingmafiya,MAGHI rangader hai Roshan rohi bhai All fan&#39;s like 👍🏻 kijiye ❤,1,2026-03-13T13:53:02Z,2026-03-15T09:34:52.737434
Ugx8N6ite4GiP9c-nOR4AaABAg,4_JzO8Fa3lE,@ShashiShekhar-9647,हम भुमिहार समाज के लड़का हो कर भी रौशन रोही का बहुत बड़ा फैन हैं पर जीरो लाईक देखते हैं😢🎉,32,2026-03-13T01:32:57Z,2026-03-15T09:34:52.737434
UgwY7Pwk13Pso37mUxh4AaABAg,4_JzO8Fa3lE,@RoushanKumar-q8c2d,👿😈💪💪रौशन नाम के  लड़का तो जन्म से रंगदार होते हैं🙋🙋💪😈👿🙋👬👭,2,2026-03-13T04:48:35Z,2026-03-15T09:34:52.737434
UgxqjhdmqXXltuaWdmh4AaABAg,4_JzO8Fa3lE,@rolexraushan-f8s,रौशन रोही कटृर फैन हाजिरी लगा दो 😈☠️😎,1,2026-03-14T01:23:41Z,2026-03-15T09:34:52.737434
Ugx66L3YjL7BlVd6LBx4AaABAg,4_JzO8Fa3lE,@Rkofficeentertainment,पूरा इंडस्ट्री हल जाना चाहिए मगही में,1,2026-03-13T03:14:36Z,2026-03-15T09:34:52.737434
UgwAN8gkbIwVfcyTpw94AaABAg,4_JzO8Fa3lE,@Mantuchandarvanshi-fs6ch,रोशन रोही ब्रांड मगही किंग है ❤❤❤❤,2,2026-03-13T01:58:20Z,2026-03-15T09:34:52.737434
UgwkIQl5qZnPw5-PMu94AaABAg,4_JzO8Fa3lE,@Rajankumaryadav1,देखते है कृष्ण भगवान को कलयुग में कितने like milate hai,2,2026-03-13T10:42:10Z,2026-03-15T09:34:52.737434
Ugx5OtcF93Md09c94WJ4AaABAg,4_JzO8Fa3lE,@ShubhamKumar-z2b,Raushan rohi ka Katar fan hajir ho bhai 😈🔥🔥😈💪💪💪💪💪😈🔥🔥🔥😈😈💪💪🔥,1,2026-03-13T03:02:32Z,2026-03-15T09:34:52.737434
UgyzRmvGIwPmhDT-kot4AaABAg,4_JzO8Fa3lE,@GautamKumar-g3l3q,Super song video hai Bhaiya love you too ❤❤❤❤❤🎉🎉🎉🎉😮😮😮😮,0,2026-03-13T02:19:24Z,2026-03-15T09:34:52.737434
Ugx15BKBm2dble2n-1h4AaABAg,4_JzO8Fa3lE,@rampravesh4554,Hit hai bhai❤❤❤❤❤❤❤❤❤,1,2026-03-13T04:25:06Z,2026-03-15T09:34:52.737434
UgyUbuWh4PM74XiW9t54AaABAg,4_JzO8Fa3lE,@Akash_Kumar-11-k4t,कौन कौन रौशन रोही भैया का गाना रोज सुनते है ❤❤,3,2026-03-13T01:07:24Z,2026-03-15T09:34:52.737434
Ugxn28Xv2ZBYstEvT9d4AaABAg,4_JzO8Fa3lE,@AnkitBhai2024-ik6bt,एक नंबर पर गाना ट्रेंड होना चाहिए 🙏❤️,1,2026-03-14T15:30:36Z,2026-03-15T09:34:52.737434
UgzxqQxlYaWaSF2DhN94AaABAg,4_JzO8Fa3lE,@kajalYadav011,यादव खनदान से कौन कौन है 🎉🎉🎉,3,2026-03-13T01:14:03Z,2026-03-15T09:34:52.739832
UgxHfd8MIL_S4IZKD0B4AaABAg,4_JzO8Fa3lE,@KaranRawanivlogger,"Roshan bhaiya ka hit song hai yes wala like kara❤ <a href=""https://www.youtube.com/watch?v=4_JzO8Fa3lE&amp;t=70"">1:10</a>",2,2026-03-13T01:14:31Z,2026-03-15T09:34:52.739832
Ugxc7jqB-TuEa8w4ezR4AaABAg,4_JzO8Fa3lE,@AnnaRohiya,जेल स्टार रौशन रोही भैया i love you bhaiya ❤❤❤❤❤❤,4,2026-03-13T01:04:56Z,2026-03-15T09:34:52.739832
Ugzi4cEvjLpvMmuYcht4AaABAg,4_JzO8Fa3lE,@SOFARTOONS,Super hit  song rosan rohi naes ❤❤❤❤❤❤❤❤❤❤❤❤❤❤❤❤❤❤❤❤❤❤😂❤❤❤❤❤❤❤❤❤❤🎉🎉🎉🎉🎉🎉🎉🎉🎉🎉🎉🎉🎉🎉🎉🎉🎉🎉🎉🎉🎉😢🎉🎉🎉🎉🎉,0,2026-03-13T03:06:21Z,2026-03-15T09:34:52.739832
Ugy4yg13yXVnsno_JBF4AaABAg,4_JzO8Fa3lE,@puravloger,Ashish gaya dipression me😅😅😅😅,1,2026-03-13T05:42:19Z,2026-03-15T09:34:52.739832
UgyCroKHJ0_85ODGfcN4AaABAg,4_JzO8Fa3lE,@pintupolicepublic,Trending ❤️star roushan,2,2026-03-13T02:02:25Z,2026-03-15T09:34:52.739832
Ugxbc2DArz3o734TRrF4AaABAg,4_JzO8Fa3lE,@BLOK_NEERAJ,Roshan Ravi aapka fan Hai ❤❤❤❤,2,2026-03-13T02:02:59Z,2026-03-15T09:34:52.739832
Ugz898F2qt2uAjvGiCd4AaABAg,oxzATs5etYA,@Mnjspidey,"Liked the trailer, Comedy might work out, Decent songs,Good movie length too. Enough for an entertainer.",27,2026-03-14T13:37:44Z,2026-03-15T09:34:54.239438
UgxCTJPZSrFxVRxEPCd4AaABAg,oxzATs5etYA,@godasusrinivasrao,Babu trailer chustunnav movie chusi nantha chestunnav.,24,2026-03-14T13:26:09Z,2026-03-15T09:34:54.239438
UgyJZwrVPkiioW3cuzF4AaABAg,oxzATs5etYA,@gaddesai66,Manofictionreacts❌❤da reaction channel ✅,11,2026-03-14T13:49:31Z,2026-03-15T09:34:54.239438
Ugw3eSqHXoXWKcTzm9p4AaABAg,oxzATs5etYA,@arunkumar-u3v7c,Mana shankara Vara Prasad ki alage anav but hit kotesindi 😂,6,2026-03-14T14:31:36Z,2026-03-15T09:34:54.239438
UgxvgvECRO881oqbdFt4AaABAg,oxzATs5etYA,@mohansai2550,Cine dengesthundhi na pandhem  lachaa 😂😂😂😂,17,2026-03-14T13:18:33Z,2026-03-15T09:34:54.239438
UgymEC1tnEMQPZI6eqZ4AaABAg,oxzATs5etYA,@VishnuVardan-n1m,Trailer 🔥🔥🔥,1,2026-03-14T13:45:17Z,2026-03-15T09:34:54.239438
UgxRIbBBXaYR-G8oUNR4AaABAg,oxzATs5etYA,@tannirram7910,💥❤️✊🔯,2,2026-03-14T13:31:54Z,2026-03-15T09:34:54.239438
Ugzj4bAmXWJfUxTNn4d4AaABAg,oxzATs5etYA,@tannirram7910,Jai pspk ✊🔯💥,2,2026-03-14T13:32:26Z,2026-03-15T09:34:54.239438
UgytHKjwwsDwQm2UMe14AaABAg,oxzATs5etYA,@LalkotaPraveen,🎉🎉🎉🎉🎉🎉🎉🎉🎉🎉 excellent performance 💯💯👏💯💯👏👏💯👏👏💯👏,0,2026-03-14T14:05:23Z,2026-03-15T09:34:54.239438
UgyjkxOaQaRa7zKPY9h4AaABAg,oxzATs5etYA,@VijayMAKAMALLA,God pspk🙏🙏🙏,1,2026-03-14T13:49:22Z,2026-03-15T09:34:54.239438
Ugz-md2__wXngeVsZPx4AaABAg,oxzATs5etYA,@sais1256,Yes,1,2026-03-14T13:16:55Z,2026-03-15T09:34:54.239438
UgyCkDuMHME8wTwUOYp4AaABAg,oxzATs5etYA,@Vk_yt.1,Trailer super bro ticket booked for Dhurandhar 2 ✅💥,14,2026-03-14T13:19:50Z,2026-03-15T09:34:54.239438
UgzJRdQr7MkPmuyMYG14AaABAg,oxzATs5etYA,@intitejamanikantachintu3221,But to be frank trailer aythe bhogundhi bro,9,2026-03-14T13:31:01Z,2026-03-15T09:34:54.239438
UgyyuCV9DWTT64ODf4d4AaABAg,oxzATs5etYA,@sais1256,"Broo <a href=""https://www.youtube.com/watch?v=oxzATs5etYA&amp;t=390"">6:30</a> ki annaru but inka release avvaledhu enti trailer",2,2026-03-14T13:17:27Z,2026-03-15T09:34:54.239438
UgyoEOk2W-k6Wgwg4-14AaABAg,oxzATs5etYA,@gaddamMahendra-v9f,Jai pspk,0,2026-03-14T13:43:15Z,2026-03-15T09:34:54.239438
UgwkiyGLRtfwEAFz1od4AaABAg,oxzATs5etYA,@Paramesh40,Bro nuvuu koncham extra chestunavu chala yekuvuga feel avuthunavu,1,2026-03-14T14:01:09Z,2026-03-15T09:34:54.239438
UgxQYXBDeYEVztWtrXp4AaABAg,oxzATs5etYA,@chaitugamer4617,Nv ne channel just 10 k flowers 🌹,0,2026-03-14T16:24:28Z,2026-03-15T09:34:54.239438
UgzSvyiegwl51nUbvSJ4AaABAg,oxzATs5etYA,@kowshikgoriparthi6569,I’m a power star fan but Harish Shankar andhuku Anna why ah why ah athi dialogue,1,2026-03-14T13:39:03Z,2026-03-15T09:34:54.239438
Ugx31-Bw6jW56SkdYih4AaABAg,oxzATs5etYA,@bala_18Mk,Nuvvu pedda EP gadi la unnavu bro,3,2026-03-14T13:39:07Z,2026-03-15T09:34:54.239438
UgyqV1XaeBlqkwnchQB4AaABAg,oxzATs5etYA,@tenma_liebert,"sagam paina trailer previous teasers, promos and songs loni ve unnai..underplay na ento em ardham kaatla..",2,2026-03-14T13:22:30Z,2026-03-15T09:34:54.239438
UgyYCZt_wNyNiG-6meN4AaABAg,5x4PMlXqDzw,@sudhirabhang5112,Today my mom birthday but 0<br>Like 😢<br>😢😢😢,56,2026-03-14T08:18:30Z,2026-03-15T09:34:54.807002
UgzH7FKQoVBd2cp0wkJ4AaABAg,5x4PMlXqDzw,@sanpaispiderofficial,Face reveal <br>👇🏽,59,2026-03-14T08:19:26Z,2026-03-15T09:34:54.807002
UgwHghZ1BTcrnYVWQWh4AaABAg,5x4PMlXqDzw,@kabir2474,Bhai poppy playtime chapter 1 2 3 4 5 khelo poppy playtime bahut scary game hai mere ko tumhara reaction dekhna hai,8,2026-03-14T10:55:19Z,2026-03-15T09:34:54.807002
UgwkukqcUO_WtxvE4oV4AaABAg,5x4PMlXqDzw,@MuhammadShahzad-my5fx,liliy love bhirds<br>mujhe pasnd ha ya liliy love bhirds,2,2026-03-14T08:55:06Z,2026-03-15T09:34:54.807002
UgzMMw4sLi8TMbBTSQl4AaABAg,5x4PMlXqDzw,@YTX444_BRO1,Hello vote poppy playtime chapter 5 gameplay video,3,2026-03-14T14:03:33Z,2026-03-15T09:34:54.807002
Ugw_xRbfuq8ZqCel7b94AaABAg,5x4PMlXqDzw,@shirishaambi6827,Lily love breeds kahan hai,2,2026-03-14T10:49:17Z,2026-03-15T09:34:54.807002
UgxwwNWFYdNo5VeokoJ4AaABAg,5x4PMlXqDzw,@SjkaakJajqj,Hi i am hasib from Bangladesh  jo jo bhi h Bangladesh ka reply do,2,2026-03-14T15:50:56Z,2026-03-15T09:34:54.807002
UgwuQyZxwFPKSPHuH-p4AaABAg,5x4PMlXqDzw,@Zavian0631,Catnap hai Bhai poppy kissy kissy prototype bhi,2,2026-03-14T08:46:03Z,2026-03-15T09:34:54.807002
Ugz1qElEEP1wV4eWS-R4AaABAg,5x4PMlXqDzw,@MouMita-j5p5s,Wo mommy nahi aur jise tum mommy bole rahe ho wo kissi missi aur kandhe pe poppy hai wo dono ache hai buri nahi hai,1,2026-03-14T10:43:40Z,2026-03-15T09:34:54.807002
Ugz4NEmhilra8xD_jsN4AaABAg,5x4PMlXqDzw,@BikashKumar-o4l8e,Hello Alpha please help me real Minecraft download,0,2026-03-14T16:34:44Z,2026-03-15T09:34:54.807002
UgycpSiB_N8-DGpK8cZ4AaABAg,5x4PMlXqDzw,@du4x._ie,"अल्फा तूने यह आज सुबह <a href=""https://www.youtube.com/watch?v=5x4PMlXqDzw&amp;t=120"">2:00</a> बनाया है ना वीडियो 14 मार्च",2,2026-03-14T14:22:45Z,2026-03-15T09:34:54.807002
UgyHbcAiIun0x4VaN2B4AaABAg,5x4PMlXqDzw,@maryamfatima6937,Alpha Bhai please Mere Lia poppy playtime chapter 5 kahalo,0,2026-03-15T04:01:43Z,2026-03-15T09:34:54.807002
UgxI4dgEPRT1u_bdND94AaABAg,5x4PMlXqDzw,@Haya_fahim,prototype<br>i like this poppy playtime monster,2,2026-03-14T08:27:51Z,2026-03-15T09:34:54.807002
UgxW2YHXHw-jAXSzIPd4AaABAg,5x4PMlXqDzw,@mkumarroy2393,Bhai tu please poppy playtime ka video la,2,2026-03-14T11:51:39Z,2026-03-15T09:34:54.807002
UgypFUFdWPlQcUM7bnZ4AaABAg,5x4PMlXqDzw,@Mdafnan-p8e,Discord me tumare sate bate karunga,3,2026-03-14T08:04:30Z,2026-03-15T09:34:54.807002
UgwT2h_CVHymQVyCrA94AaABAg,5x4PMlXqDzw,@SumaiyaShakaib,Bhai Roblox main Minecraft khelo bohat hard ha,0,2026-03-14T15:23:20Z,2026-03-15T09:34:54.807002
Ugwabs9IVqLQjFf58AN4AaABAg,5x4PMlXqDzw,@AmitBasfor-z7z,Poppy printing 5 khelo Tum,1,2026-03-15T02:21:26Z,2026-03-15T09:34:54.807002
UgylYzkqnoQZ93BRmmZ4AaABAg,5x4PMlXqDzw,@AdarshkumarYadav-j3j,Mera naam hai Aadarsh Kumar main tumhari rels dekhta huo main tumhara friend ban sakta hun bhoot ka naam hai poppy,1,2026-03-14T15:52:21Z,2026-03-15T09:34:54.807002
UgwnGiPEP5RBUp5MAS94AaABAg,5x4PMlXqDzw,@DEBARATIROY-i6e2k,Bhaiya mujhe huggy wuggy aur Pink huggy wuggy aur bhaiya main aapki bahut badi fan hun😊😊😊😊😊😊🎉🎉🎉🎉🎉🎉🎉❤❤❤❤❤❤❤,1,2026-03-14T08:10:01Z,2026-03-15T09:34:54.807002
UgzqNOsY6IyWQHkm-K14AaABAg,5x4PMlXqDzw,@DamberKumari-m5z,Alpha bhai.kya ap na Mera ko peha chana???,2,2026-03-14T17:33:30Z,2026-03-15T09:34:54.807002
Ugx2fvoIX1FZsdhFVI14AaABAg,I-sRZ1fisuU,@SeemaDevi-e2v5s,❤❤❤❤❤❤❤❤❤❤❤🎉🎉,4,2026-03-13T10:44:45Z,2026-03-15T09:34:55.756654
UgyUZIx8v1zj0S20qJp4AaABAg,I-sRZ1fisuU,@kajalLofi-s1b,भाई सॉन्ग यूज कर रहा हूं प्लीज़ 🙏 कॉपी राइट मत देना 😢 प्लीज  प्यारे भईया 😢,7,2026-03-13T12:56:59Z,2026-03-15T09:34:55.756654
Ugyub0kaV3Hcd_MIVjV4AaABAg,T2hNe9z4nH8,@The_Great_Fajils,এত কোটি টাকা বাজেটের সিনেমা বানাইছি AI 😂দিয়ে,70,2026-03-13T07:41:25Z,2026-03-15T09:34:57.277047
UgxnG37CAu0DEfo1xgJ4AaABAg,T2hNe9z4nH8,@sabbirahmed75752-d,হারা বছর স্ক্রিপ্ট লেইখা এই হইছে!!<br>ধন বানাইছো ভাইয়া তুমি সেই হইছে!√,174,2026-03-12T18:28:40Z,2026-03-15T09:34:57.277047
UgwXCuRABcKTMXoY58J4AaABAg,T2hNe9z4nH8,@mdsayed4497,VFX এ হতাশ হলাম <br>কে কে আমার সাথে এক মত <br>👇,1052,2026-03-12T07:08:00Z,2026-03-15T09:34:57.277047
Ugyu6r3ihIQqIje5kS54AaABAg,T2hNe9z4nH8,@asmit-rahman,"<a href=""https://www.youtube.com/watch?v=T2hNe9z4nH8&amp;t=59"">0:59</a> what the...😮 ফোল্ডিং মেশিন গান 🤭😂😂😂",10,2026-03-14T06:32:04Z,2026-03-15T09:34:57.277047
Ugz6yWAle4UMoCKHbxl4AaABAg,T2hNe9z4nH8,@SaikatCottage2026,"RnaR রিভিউ এর অপেক্ষায়, থাকা আমি",308,2026-03-12T08:36:35Z,2026-03-15T09:34:57.277047
Ugy0dhfxJSl3y-8VmEN4AaABAg,T2hNe9z4nH8,@M.Mamun111,"কোটি টাকা বাজেটের সিনেমা, টিজার টা অতটা জমেনাই 😊",638,2026-03-12T06:58:15Z,2026-03-15T09:34:57.277047
UgxhBP0RCLBxkjtBanl4AaABAg,T2hNe9z4nH8,@munnakhan6961,শাকিব খানের একজন বড় ভক্ত হোয়েও খুব দুঃখের সাথে বলতে হচ্ছে ট্রিজার টা একদম সস্তা মানের মনে হচ্ছে 2016 সালের মুভি এর থেকে ভালো হতো তান্ডবের ধারের কাছেও আসতে পারবে না,81,2026-03-12T14:04:10Z,2026-03-15T09:34:57.277047
UgxEhzXhkmndIACrOLN4AaABAg,T2hNe9z4nH8,@AbrarulAziz-lt4ws,আমার সাথে যে ধান্দা করবে তার জন্য মিষ্টি<br> আর আমার শত্রুর সাথে যে ধান্দা করবে তার জন্য বুলেটের বৃষ্টি <br>এইটা কোন সংলাপ হলো ভাই😂😂😂,6,2026-03-13T17:25:25Z,2026-03-15T09:34:57.277047
UgzZzcLr0nV1ThuNytB4AaABAg,T2hNe9z4nH8,@TheGloriousAmit,সাল ২০১৬ শিকারি থেকে এখন পর্যন্ত শাকিব ভাইয়ের সব সিনেমা দেখেছি উনাকে ভালো লাগে কিন্তু টিজারটা খুবি সস্তা মানের 😓💔,61,2026-03-12T08:33:08Z,2026-03-15T09:34:57.277047
Ugxi12v2Gc2JvP2aso14AaABAg,T2hNe9z4nH8,@noman0028,"২৬ সালে এসেও এসব VFX দেখতে হচ্ছে চোখে লাগার মতন।মনের মতো হয় নাই,ডায়ালগ ডেলিভারি + হাটার ধরণ পুরনো সাকিব খানের কথা মনে করিয়ে দিচ্ছে।",286,2026-03-12T07:29:10Z,2026-03-15T09:34:57.277047
Ugxp6l-VdOexdHe1R854AaABAg,T2hNe9z4nH8,@CR4KER-360,Sotti bolte Vlo hoi nai😢 Borbad Toofan Taandov er teaser gola er thake onk vlo hoisilo.,167,2026-03-12T07:02:26Z,2026-03-15T09:34:57.277047
UgyYB4fmbXxdmK-LczF4AaABAg,T2hNe9z4nH8,@VoiceofMotivation55,সিনেমার শুটিং শুরু করেছে একেবারে শেষের দিকে এর থেকে ভালো আর কি আশা করতে পারি😢,54,2026-03-13T09:30:28Z,2026-03-15T09:34:57.277047
UgxtLLUs2qTLOv4xzBp4AaABAg,T2hNe9z4nH8,@SabbirHossin-d6o,"আমি আগেই বুঝতে পারছিলাম, এমনটা হবে,,, 😢<br>কারন এর প্রসংশা অনন্য মামুন করছিলো,,,😆😆",57,2026-03-12T10:44:31Z,2026-03-15T09:34:57.277047
UgwoQ-szEaLDh-ldwtJ4AaABAg,T2hNe9z4nH8,@ArfinSabbir-i4v,সস্তা টিজার। একদম নিম্ন মানের হয়েছে,892,2026-03-12T07:17:47Z,2026-03-15T09:34:57.277047
UgyFOI09orCqqYKjX-B4AaABAg,T2hNe9z4nH8,@abdurrahim-ed8qp,Song ta bhalo tobe editing bajekintu Shakib is always class,2,2026-03-14T08:37:39Z,2026-03-15T09:34:57.277047
Ugz8hKn8nvows_A4Ir14AaABAg,T2hNe9z4nH8,@MdImrankhan-e5v,শাকিব খানের এই মুভি নিয়ে আমার খুব আগ্রহ ছিল তবে আমার মন খুবই নিরাশ করে দিল এই মুভি ট্রেজার,140,2026-03-12T10:15:04Z,2026-03-15T09:34:57.277047
UgzYwdHHhHR23hzf4JZ4AaABAg,T2hNe9z4nH8,@mdabirrahman2454,"জানি না কে কি বলবে,তবে আমার কাছে ২০১৫ সালের মুভির মতো লাগছল,আমি পুরো হতাশ",1621,2026-03-12T07:21:07Z,2026-03-15T09:34:57.277047
UgwsLkTki0yGmfOvSux4AaABAg,T2hNe9z4nH8,@galib_khan,"তুফান, তাণ্ডব কত ভালো ছিলো, এইটাতো দেখে মনে হচ্ছে পুরাই ক্ষেত 💔💔💔",699,2026-03-12T07:36:48Z,2026-03-15T09:34:57.277047
UgzwzeGvwYl2vrT0v3Z4AaABAg,T2hNe9z4nH8,@SkLimon-d3x,শাকিব খান সবার বাপ।মাইনডেট,2,2026-03-14T12:48:55Z,2026-03-15T09:34:57.277047
UgwE_rm0hMWKJrL9ivd4AaABAg,T2hNe9z4nH8,@MohammadRaihanHossain-y6f,Expectations high ছিলো৷। <br>কিন্তু ডায়লগ থেকে শুরু করে কনসেপ্ট সব কিছু হতাশ করলো।। <br>আশা করি  বিগত মুভিগুলোর মতো ভিন্ন কিছু থাকবে।।।👍❤️,60,2026-03-12T08:30:44Z,2026-03-15T09:34:57.277047
UgzhWhaeTO-lFi_6SMZ4AaABAg,CzwKI2BBQoo,@DashEmpireOG,Ye hai Diamond Dash ki power!! 😎,40,2026-03-13T12:44:38Z,2026-03-15T09:34:58.591170
UgzYHj2t7XJWtaDw5jZ4AaABAg,CzwKI2BBQoo,@ishantbahugunavlog,Bhai main aapka bahut bada fan hun kya main aapke sath khelta hun Ek Din,2,2026-03-14T07:31:01Z,2026-03-15T09:34:58.591170
UgyIJnn9YEGVF6XwsTN4AaABAg,CzwKI2BBQoo,@MineTalez,Dash bhai aaj mara birthday hai ❤❤❤❤❤❤❤🎉🎉🎉🎉🎉,4,2026-03-13T14:46:52Z,2026-03-15T09:34:58.591170
Ugx_WH6WHsGuALteikV4AaABAg,CzwKI2BBQoo,@AjeetSingh-c5k5q,Hii Dash Bhai aap Disari video me Mera naam Le lena please 😢😢😢😢😢,0,2026-03-13T12:43:57Z,2026-03-15T09:34:58.591170
UgyzGTCV7bu3Pknn01l4AaABAg,CzwKI2BBQoo,@hardeep_tewatia01,Dash tumne 2 din se video nahi geri tumne apna chalenge tod diya 😢❤❤❤❤❤❤❤  and thanku for New video ❤❤❤❤,2,2026-03-13T13:25:49Z,2026-03-15T09:34:58.591170
Ugyf1Qn_yqG8-f2oubd4AaABAg,CzwKI2BBQoo,@ATHARVSHRIVASTAVA-g8q,Bhai me bhi aapki hi.tarah video banata hu dekh ke bataiye kuchh kami to nah ihai,0,2026-03-13T17:01:43Z,2026-03-15T09:34:58.591170
UgwAcESWZuSnfjIB68d4AaABAg,CzwKI2BBQoo,@Jaspalsingh-h4s4q,Love you bro from Punjab,1,2026-03-13T14:42:15Z,2026-03-15T09:34:58.591170
UgyaU5DVD7RpYDxvuyx4AaABAg,CzwKI2BBQoo,@luchelive-0,Face reveal please please please please,0,2026-03-13T17:27:48Z,2026-03-15T09:34:58.591170
UgylK6-QykYFDW6gS5F4AaABAg,CzwKI2BBQoo,@shayari-qw1,Dash you have more power,1,2026-03-14T17:48:48Z,2026-03-15T09:34:58.591170
Ugx8-ACMFOtaf3jP5At4AaABAg,CzwKI2BBQoo,@Zubairking242,Bhai ka AP Islam kabol karo ga,1,2026-03-14T15:40:20Z,2026-03-15T09:34:58.591170
UgyCtHv09waFVcvUwWh4AaABAg,CzwKI2BBQoo,@BushraAnsari-q4g3r,mojo launer❓,0,2026-03-13T14:33:49Z,2026-03-15T09:34:58.591170
Ugy7A1iz0v-_HFuJObx4AaABAg,CzwKI2BBQoo,@ravneetboutique7411,Your,0,2026-03-13T12:41:41Z,2026-03-15T09:34:58.591170
UgwPDsI49vHDBE9pt4Z4AaABAg,CzwKI2BBQoo,@RameshKumar-z7z7r,🎉🎉🎉  Destko🎉🎉🎉🎉,0,2026-03-13T13:04:28Z,2026-03-15T09:34:58.591170
Ugym3QunxEbgs2VidXl4AaABAg,CzwKI2BBQoo,@AjeetSingh-c5k5q,Hii Dash Bhai aap Dusari video me Mera naam Le lena please 😢😢😢😢😢,0,2026-03-13T12:45:46Z,2026-03-15T09:34:58.591170
UgzVle1fp-icCOWBs_Z4AaABAg,CzwKI2BBQoo,@MineTalez,Nice video Dash bhai ❤❤❤❤❤❤❤❤❤❤🎉🎉🎉🎉🎉🎉🎉🎉🎉🎉🎉🎉🎉🎉,1,2026-03-13T14:46:11Z,2026-03-15T09:34:58.591170
UgyXlgUtuhHlMD_1Uk54AaABAg,CzwKI2BBQoo,@ravneetboutique7411,Video,0,2026-03-13T12:41:50Z,2026-03-15T09:34:58.591170
Ugx0WxnK1cWTnlH_2sN4AaABAg,CzwKI2BBQoo,@Legend_Warrior_18_18,Hii,0,2026-03-13T13:09:16Z,2026-03-15T09:34:58.591170
UgwBEoNLZx0XxiY-u694AaABAg,CzwKI2BBQoo,@NOTYourTHINK-j,Bhi shot out do na,0,2026-03-13T12:41:52Z,2026-03-15T09:34:58.591170
UgwYsjq_pdqCTR7aeSR4AaABAg,CzwKI2BBQoo,@Ayanlive-u7h9e,Love you bro from uttarpradesh,2,2026-03-13T12:46:49Z,2026-03-15T09:34:58.591170
Ugzzs1AtPT2KwikLfOB4AaABAg,CzwKI2BBQoo,@Baap85,Ah,1,2026-03-13T13:00:19Z,2026-03-15T09:34:58.591170
UgwPQ61uZhp66xXXOAV4AaABAg,WaiK3GT8-AU,@GaneshKumar-bc5ud,❤❤❤❤❤😢❤❤❤❤❤❤❤❤❤❤❤❤❤❤😢😢😢😢😢😢😢😢😢😢😢😢😢😢😢😢😢😢😢😢,5,2026-03-15T00:39:21Z,2026-03-15T09:34:59.657029
UgwXWb8pfzimGdo3-9p4AaABAg,WaiK3GT8-AU,@InduDevi-m4m,🙏🙏🙏🙏❤❤❤😢😢😢,1,2026-03-15T01:09:59Z,2026-03-15T09:34:59.657029
Ugwin8cjbhxJW5YJkV14AaABAg,WaiK3GT8-AU,@Uttam-od1de,❤❤❤❤❤❤❤❤❤❤❤❤❤❤❤❤❤❤❤❤,2,2026-03-15T01:03:03Z,2026-03-15T09:34:59.657029
Ugzi8hJg35Sk8pxC-mZ4AaABAg,WaiK3GT8-AU,@MisraKumar-mh8ng,🙏🙏🙏🙏🙏🙏🙏🙏🙏🙏,0,2026-03-15T00:54:18Z,2026-03-15T09:34:59.657029
Ugwyw2-SrWhVBIB5cjV4AaABAg,SCYT8vb2siQ,@RaytheonNublinski,The single piano note trailer has made its triumphant return,7639,2026-03-12T15:03:09Z,2026-03-15T09:35:01.797533
Ugy0Bkibu8VG2TcYzIl4AaABAg,SCYT8vb2siQ,@Rogers1039,Spielberg when it comes to aliens: If it ain’t broke don’t fix it,3902,2026-03-12T15:54:34Z,2026-03-15T09:35:01.797533
UgzCT7mISc1Q6b0fFEJ4AaABAg,SCYT8vb2siQ,@orfeas8,They&#39;re preparing us for something.,11,2026-03-14T21:20:12Z,2026-03-15T09:35:01.797533
UgxD1c8mZbUFyeRQysl4AaABAg,SCYT8vb2siQ,@lecinemadegregoireswan,"&quot;At Universal Pictures, we believe that the best way to contend with aliens is to have Dom Toretto drive through your sun porch.&quot;",596,2026-03-12T18:48:54Z,2026-03-15T09:35:01.797533
Ugy3p3kRdyrrMCanYRt4AaABAg,SCYT8vb2siQ,@MicahDeWitt-b5p,"I just now learned that Williams is scoring it. That with Steven Spielberg, this is probably the last time we’ll get such a legendary and iconic team up in the history of cinema.",2037,2026-03-12T20:21:11Z,2026-03-15T09:35:01.797533
Ugy5BjZlqpBvC-AJUZZ4AaABAg,SCYT8vb2siQ,@jiveturkey-777,There are those that walk among us who have no soul.,6,2026-03-14T21:15:33Z,2026-03-15T09:35:01.797533
UgzTmeyrckg8baDO7u14AaABAg,SCYT8vb2siQ,@zechunkypanda9686,This feels like a secret sequel to Close Encounters,1789,2026-03-12T15:51:02Z,2026-03-15T09:35:01.797533
UgyrpYDniIBIwrd5REN4AaABAg,SCYT8vb2siQ,@mitchellhodack657,This movie is marking the 30th collaboration between director Steven Spielberg and the legendary music composer John Williams.,1315,2026-03-12T16:54:00Z,2026-03-15T09:35:01.797533
Ugzw30jAu2AK47ISi1h4AaABAg,SCYT8vb2siQ,@dhrunner1,“People are starved for the truth.”<br><br>Truer words have never been spoken.,110,2026-03-14T01:30:44Z,2026-03-15T09:35:01.797533
Ugzy7Ak4bUTIr6z9UKl4AaABAg,SCYT8vb2siQ,@uncertaindrag0nstudios305,You had me at Steven Spielberg,88,2026-03-12T17:54:20Z,2026-03-15T09:35:01.797533
Ugy1fgGs5UNYnmjEVJF4AaABAg,SCYT8vb2siQ,@beachfan1278,&quot;FROM DIRECTOR STEVEN SPIELBERG&quot;<br><br>Me: Say no more. I will be seated,4570,2026-03-12T15:04:53Z,2026-03-15T09:35:01.797533
UgyGu8rfb6XKTajLBdV4AaABAg,SCYT8vb2siQ,@jonathancortez5179,It&#39;s rare these days for a movie trailer to give me chills. Spielberg done it again,932,2026-03-13T02:31:46Z,2026-03-15T09:35:01.797533
UgyG-7eizrnmMy2o3td4AaABAg,SCYT8vb2siQ,@metalsomelivebandkaraoke,Notice on the Roswell clipboard it says “occupant”.,291,2026-03-12T21:24:42Z,2026-03-15T09:35:01.797533
UgwnoB8pYdejV4895eR4AaABAg,SCYT8vb2siQ,@rudi2,That piano note has more acting credits than most actors 😂,13,2026-03-12T19:05:34Z,2026-03-15T09:35:01.797533
UgzyGEab-VPogy6nsuh4AaABAg,SCYT8vb2siQ,@verttissavibe,"Hide the truth in plain sight. Those who know, know.",16,2026-03-13T18:34:35Z,2026-03-15T09:35:01.797533
UgzMO5S_GUP02HOwWGZ4AaABAg,SCYT8vb2siQ,@Omar-wq9dz,Definitely watching this in theaters,703,2026-03-12T15:00:51Z,2026-03-15T09:35:01.797533
UgwC72uRpcdwZ3MYIhd4AaABAg,SCYT8vb2siQ,@MisterDoom6908,"<a href=""https://www.youtube.com/watch?v=SCYT8vb2siQ&amp;t=94"">1:34</a> Roswell Incident mentioned!",486,2026-03-12T16:24:57Z,2026-03-15T09:35:01.797533
UgzmlrK0KKb5thyZn4h4AaABAg,SCYT8vb2siQ,@fusionxframes.,"&quot;From director: STEVEN SPIELBERG&quot;<br><br>Okay stop right there, I&#39;m sold.",146,2026-03-13T06:54:12Z,2026-03-15T09:35:01.797533
UgzpIb5gbYNZnER70814AaABAg,SCYT8vb2siQ,@frankyan3943,"<a href=""https://www.youtube.com/watch?v=SCYT8vb2siQ&amp;t=114"">1:54</a> Heartwarming to see Sammy Fabelman is still obsessing with a train hitting a car",166,2026-03-12T16:02:44Z,2026-03-15T09:35:01.797533
UgzMXs5syZMhu1AZLl14AaABAg,SCYT8vb2siQ,@OrionInSpace,That UFO shot at the end👀<br><br>Never bet against Spielberg! The man knows how to make it happen…,872,2026-03-12T15:06:58Z,2026-03-15T09:35:01.797533
UgwyfoEJR5TNkG4kmy14AaABAg,kbS5JZvv66s,@AmaanShaikh-k4z,I am first please pin me 🥺🥺,25,2026-03-13T12:09:33Z,2026-03-15T09:35:03.149218
UgysBxrnbb_-KzwrEZ94AaABAg,kbS5JZvv66s,@AnjuKumariSah-dh9rv,Ninja external bike,6,2026-03-13T13:39:54Z,2026-03-15T09:35:03.149218
UgyeV2tKCRoAlWT3A0R4AaABAg,kbS5JZvv66s,@RoushanKhatoon-c5o,Bat man bike,1,2026-03-14T13:42:07Z,2026-03-15T09:35:03.149218
UgynAVou8AmioxywvDN4AaABAg,kbS5JZvv66s,@raziakhan6771,😅,0,2026-03-14T18:20:05Z,2026-03-15T09:35:03.149218
UgzzkIKIY8DpvZ_Pvut4AaABAg,kbS5JZvv66s,@KaledAhmed-b9y,😱😱😱😱👑🥶👑👑👑,0,2026-03-14T14:01:40Z,2026-03-15T09:35:03.149218
UgzxXqKfWt-jqmach7R4AaABAg,kbS5JZvv66s,@TayeebaTayeeba-c1m,😂😂😂,1,2026-03-14T05:31:54Z,2026-03-15T09:35:03.149218
Ugz_uuDrjOS5t10pqgx4AaABAg,kbS5JZvv66s,@SobiyaFaizan,😢😮,2,2026-03-13T12:58:36Z,2026-03-15T09:35:03.149218
Ugzo1bxGZjK3swOqH-N4AaABAg,kbS5JZvv66s,@TaniaAfrin-l5i,Scooter rocket😂😂,4,2026-03-13T13:21:59Z,2026-03-15T09:35:03.149218
Ugz5aCsP7Rl8CnulphZ4AaABAg,kbS5JZvv66s,@ziyanzia7103Ziyan,1000000000000🛵🏍🏍🏍🏍🏍🏍🏍🏍🏍🏍🏍🏍🏍🏍,0,2026-03-14T10:23:12Z,2026-03-15T09:35:03.149218
Ugy-_bdGxlTRTaLOXC94AaABAg,kbS5JZvv66s,@yashvithakur2051,🛵🛵🛵🛵🛵🛵🏍️🏍️🏍️🏍️🏍️1M😅😅😅😅😅😅😅,0,2026-03-14T12:33:33Z,2026-03-15T09:35:03.149218
UgyElbdMy6MzXAocBxt4AaABAg,bXrKNYNA5RQ,@eeeechu,എല്ലാരും ആഘോഷിക്കുവിൻ😌❤️,1721,2026-03-13T16:36:50Z,2026-03-15T09:35:04.281717
UgzToWzfMe0p6PNdPDd4AaABAg,bXrKNYNA5RQ,@Insta_Trending_reels.11,25ഓളം വരുന്ന നബീൽ ഇക്കു കൊണ്ടോയി 🔥📈,784,2026-03-13T17:41:33Z,2026-03-15T09:35:04.281717
UgwVdm4NI9ugNnW6N5N4AaABAg,bXrKNYNA5RQ,@baddieealert,25olam verunna nabeel annan fans ivde like adikkuka❤,348,2026-03-13T16:42:01Z,2026-03-15T09:35:04.281717
UgwCl-CXRs8nMQqNQ314AaABAg,bXrKNYNA5RQ,@Nufail-77,Costume &amp; Makeup Department📉📉 song 📉📉,21,2026-03-14T17:26:13Z,2026-03-15T09:35:04.281717
Ugys3OptVt-h5HQ1RiR4AaABAg,bXrKNYNA5RQ,@saidhxx1,അനുൻ്റെ ഭാഗം മാത്രമേ ഇഷ്ട്ടപ്പെട്ടു🥱,48,2026-03-14T08:26:58Z,2026-03-15T09:35:04.281717
Ugyw9wR2oX8XaQMMIKl4AaABAg,bXrKNYNA5RQ,@rahnasidheeq,"<a href=""https://www.youtube.com/watch?v=bXrKNYNA5RQ&amp;t=113"">1:53</a> അനു ൻ്റെ entry ❤❤❤ellarum പൊളിച്ചു",339,2026-03-13T17:30:46Z,2026-03-15T09:35:04.281717
UgxtwD7z_R3EZ24BhVZ4AaABAg,bXrKNYNA5RQ,@nishanpilakkal1022,"<a href=""https://www.youtube.com/watch?v=bXrKNYNA5RQ&amp;t=100"">1:40</a> hanan entry polichu✌🏼📈",122,2026-03-13T17:49:19Z,2026-03-15T09:35:04.281717
UgxR3GI4vN5908gZ_xN4AaABAg,bXrKNYNA5RQ,@Dosantosaviero07,"<a href=""https://www.youtube.com/watch?v=bXrKNYNA5RQ&amp;t=99"">1:39</a> hanan sha portion 😌🔥🤍",443,2026-03-13T17:22:48Z,2026-03-15T09:35:04.281717
UgwrSOK41HvekbjR_Rd4AaABAg,bXrKNYNA5RQ,@AsminaAsmi-n9v,Anu paadunna avide muthal kollam❤️🫶🏻🔥🔥,101,2026-03-14T04:28:50Z,2026-03-15T09:35:04.281717
UgwfwZ2-7hnbHxFYxV54AaABAg,bXrKNYNA5RQ,@Ashraf7777-0,"<a href=""https://www.youtube.com/watch?v=bXrKNYNA5RQ&amp;t=100"">1:40</a> Afterr thiss!!📈❤️‍🔥",53,2026-03-13T16:38:08Z,2026-03-15T09:35:04.281717
UgxgrOPEbsVogMZzpVx4AaABAg,bXrKNYNA5RQ,@Raishabeezdotcom3,Sathyam paranja angottu work aayilla 😛hanaanshade portion matram nannayindu.,205,2026-03-13T19:11:47Z,2026-03-15T09:35:04.281717
Ugz78rKiF6BBnWkF9gh4AaABAg,bXrKNYNA5RQ,@fahareyy,"<a href=""https://www.youtube.com/watch?v=bXrKNYNA5RQ&amp;t=100"">1:40</a> &quot;This is not an entry… it&#39;s a music storm!!&quot;",50,2026-03-13T19:04:38Z,2026-03-15T09:35:04.281717
UgybCHPU6gd-OZAcPEh4AaABAg,bXrKNYNA5RQ,@enzeeeeee-z7e,"ബ്രോ.. നിങ്ങളുടെ എല്ലാ പാട്ടുകളുo ഈ ഒരു താളത്തിൽ വരുന്നതാണ്. ഒരു മാപ്പിളപ്പാട്ടിന്റെ, അത് നല്ലതല്ല ന്നല്ല..ബട്ട്‌ എപ്പോളും അത് വർക്ക്‌ ആവില്ല.. Hanante chirapunji nannyi work aayillee athokke athondanu bro.. Oru proper malayalathil cinima songokke pole try cheyyy set aavum..<br>സ്നേഹം മാത്രം...❤👍🏻",38,2026-03-14T13:01:03Z,2026-03-15T09:35:04.281717
UgxdYSYvunVqwwQcZHt4AaABAg,bXrKNYNA5RQ,@DemonslY_77,Nabeel ikkuuu fans like adiiii🎉❤,152,2026-03-13T18:01:26Z,2026-03-15T09:35:04.281717
UgzKeQd2-OXxlQ6SOuF4AaABAg,bXrKNYNA5RQ,@littleratxd3956,Absolute Avaratham🙌🙌,11,2026-03-14T06:33:07Z,2026-03-15T09:35:04.281717
Ugwzh9wKHMw1pxvXhgx4AaABAg,bXrKNYNA5RQ,@eyeshoe1987,"<a href=""https://www.youtube.com/watch?v=bXrKNYNA5RQ&amp;t=86"">1:26</a> Irani pola koodi venarnnhu 😂❤",53,2026-03-13T17:57:44Z,2026-03-15T09:35:04.281717
UgxAy_oE0ou76FOQBC94AaABAg,bXrKNYNA5RQ,@Azlll.3,"<a href=""https://www.youtube.com/watch?v=bXrKNYNA5RQ&amp;t=100"">1:40</a> cameo the king 📈",13,2026-03-14T14:24:18Z,2026-03-15T09:35:04.281717
UgzLL8UfT0wDUUb_WcN4AaABAg,bXrKNYNA5RQ,@fayiixx,Hanante entry😎❤,32,2026-03-13T16:51:44Z,2026-03-15T09:35:04.281717
UgwspOzDVqCERVL1ajJ4AaABAg,bXrKNYNA5RQ,@FathimaKutti-jq1sf,പാട്ട് ഇഷ്ട്ടയവർ ഉണ്ടോ💃,5,2026-03-14T17:12:35Z,2026-03-15T09:35:04.281717
UgxstdQST03D0BzghbB4AaABAg,bXrKNYNA5RQ,@appuuuhtheOG,Aake hanante portion mathram kollam💯❤️‍🩹,394,2026-03-13T16:48:42Z,2026-03-15T09:35:04.281717
UgxjAJEUsgTTvwPuvEF4AaABAg,DUhW6VtGfqc,@IndraParamasivam,Bro I&#39;m your vvvvvvvvvvvvvvvvvvvvvvvvvvvvvvvvvvvvvvery big fan,0,2026-03-14T11:10:02Z,2026-03-15T09:35:04.792401
UgwgKUSKE4VjVqAXr5F4AaABAg,DUhW6VtGfqc,@RajaMani-c5t,பிக் பேன் ப்ரோ,0,2026-03-15T03:58:37Z,2026-03-15T09:35:04.792401
UgzNJaTNBSaSCXwfgKZ4AaABAg,DUhW6VtGfqc,@SYuvaraj-z5v,😈SRM பயலுகட கொடூரமா 😈,1,2026-03-15T01:17:28Z,2026-03-15T09:35:04.792401
Ugy3UTaULGpDr2Ot0_F4AaABAg,DUhW6VtGfqc,@ElangovanD-i8k,bro awm la squad wipe pannu bro,0,2026-03-14T14:15:25Z,2026-03-15T09:35:04.792401
UgzHZ5ntwu-WqDL84YR4AaABAg,DUhW6VtGfqc,@NimeshchathuragaNimesh,ஹாய் அண்ணா,0,2026-03-14T11:14:22Z,2026-03-15T09:35:04.792401
UgxclsNVnWWcfR0mvQN4AaABAg,DUhW6VtGfqc,@VetriVel-t3b,Love❤️❤️❤️❤️❤️,0,2026-03-14T15:19:54Z,2026-03-15T09:35:04.792401
UgxkMKV6Ujqav7G5Nqt4AaABAg,DUhW6VtGfqc,@Visvanathan.E,CS rank la pistol vachi Ace adinga bro,0,2026-03-14T17:24:08Z,2026-03-15T09:35:04.792401
Ugy2_hefNyRGVgmDVdN4AaABAg,DUhW6VtGfqc,@MukeshParasuraman,Naan venaa varatta broo summa sollala nijama broo plz Nanu varen😢,0,2026-03-14T15:52:52Z,2026-03-15T09:35:04.792401
UgxuiBqfkgclLf5wAVV4AaABAg,DUhW6VtGfqc,@MBAPPE_pn-9,Anna BR mode thaan very easy CS mode hard neenga Enna bro☹️😢,0,2026-03-14T11:50:46Z,2026-03-15T09:35:04.792401
UgwIFq264i_jEPZvkPN4AaABAg,DUhW6VtGfqc,@Devendiranvishnu,Please bro iam your big fan bro,0,2026-03-14T15:51:38Z,2026-03-15T09:35:04.792401
UgxqdUuaD87ICe1gICR4AaABAg,DUhW6VtGfqc,@NimeshchathuragaNimesh,❤,0,2026-03-14T11:09:23Z,2026-03-15T09:35:04.792401
UgxslHK7J9DA27mt7YV4AaABAg,DUhW6VtGfqc,@MukeshParasuraman,Broo hii🎉,0,2026-03-14T15:51:44Z,2026-03-15T09:35:04.792401
Ugw1vb_zfCJ4UKCTMG14AaABAg,DUhW6VtGfqc,@Visvanathan.E,Hi bro how are you,0,2026-03-14T17:18:01Z,2026-03-15T09:35:04.792401
Ugxqa8hSKNSix6LB-jt4AaABAg,DUhW6VtGfqc,@MD.FF.67k,Hi anna,0,2026-03-14T14:09:12Z,2026-03-15T09:35:04.792401
Ugw--GezlNCWXhW_idB4AaABAg,DUhW6VtGfqc,@JkJaikumar-q7v4d,Anna please i am your subscriber please play with me,0,2026-03-14T16:53:21Z,2026-03-15T09:35:04.792401
UgxEVdAD9iTrvM4-oG54AaABAg,DUhW6VtGfqc,@ElangovanD-i8k,hi bro,0,2026-03-14T14:10:38Z,2026-03-15T09:35:04.792401
UgxZFeNgMrQq1USqU-x4AaABAg,DUhW6VtGfqc,@E.ChandraSeker,So bro,0,2026-03-14T14:42:18Z,2026-03-15T09:35:04.792401
UgyvZhXLvPvnZY1fz0R4AaABAg,DUhW6VtGfqc,@KaRuppasamy-r3f,Hi,0,2026-03-14T14:35:11Z,2026-03-15T09:35:04.792401
UgzFvx8mZh7lGMsVFml4AaABAg,DUhW6VtGfqc,@MD.FF.67k,Please,0,2026-03-14T14:10:36Z,2026-03-15T09:35:04.792401
UgwH3P4Vl8c3XBNDSgd4AaABAg,DUhW6VtGfqc,@KaRuppasamy-r3f,Roommatch,0,2026-03-14T14:36:02Z,2026-03-15T09:35:04.792401
UgyUsCX2lugB4LU12XZ4AaABAg,SPBTlYNsZNY,@RkkunjamRkkunjam,Kiska kiska fvt. H😢❤,10,2026-03-12T17:25:06Z,2026-03-15T09:35:05.344092
UgxhhHVTJ5_HAdTquSt4AaABAg,SPBTlYNsZNY,@RinkuMoriya-cl3gw,My best movie,6,2026-03-13T13:27:27Z,2026-03-15T09:35:05.344092
UgwtFp6_1XCfb3AKS454AaABAg,SPBTlYNsZNY,@DeepakDhangar-c4j,Me,0,2026-03-14T06:22:42Z,2026-03-15T09:35:05.344092
UgzqeRsmSHv9c5ImmuN4AaABAg,SPBTlYNsZNY,@DhanjayPandey-o8f,15. 3. 26 ashika panday  😊,3,2026-03-14T13:04:06Z,2026-03-15T09:35:05.344092
UgyY6jBk-qqyx2JR5KB4AaABAg,SPBTlYNsZNY,@radhikanirapure-h6y,😭😭😭😭😭😭,4,2026-03-12T07:57:37Z,2026-03-15T09:35:05.344092
Ugy0C28iFGfBHNqtMvR4AaABAg,SPBTlYNsZNY,@Rameshshendre-t4o2u,Best song ❤🎉😊,2,2026-03-14T01:21:54Z,2026-03-15T09:35:05.344092
Ugxnrp8dC17bVwPfpU14AaABAg,SPBTlYNsZNY,@radhikanirapure-h6y,😮😮😮😮😮😮😮😮,2,2026-03-12T07:57:20Z,2026-03-15T09:35:05.344092
Ugxrdc4lxWk_1FVxqgp4AaABAg,SPBTlYNsZNY,@AmolDighe-x9v8g,दक्षरथ राजा श्राद्ध स्थान नाशिक शरायू नदी संजवनी जल समाधी राम निसर्ग कै जनक श्राद्ध स्थान  नृसिंह अंबाबाई तिळ लिंग मक्कैश्वर पद्मावती शंकराचार्य न्यास पुणे महाराष्ट्र मनकर्णी घाट हरिश्चंद्र घाट विष्णू सहस्त्रनाम तिरुमला मकर संक्रांत दर्गा बलराम खाजा ५६ भोगा,1,2026-03-12T15:03:17Z,2026-03-15T09:35:05.344092
UgwkoY_FBoG56E-Vns94AaABAg,SPBTlYNsZNY,@radhikanirapure-h6y,😮😮😮😮,1,2026-03-12T07:56:36Z,2026-03-15T09:35:05.344092
UgwtmTqk2bXjnqLd7Ix4AaABAg,SPBTlYNsZNY,@radhikanirapure-h6y,😮😮😮😮😮😮😮😮😮😮😮😮😮😮😮😮😮😮😮😮😮😮😮😮😮😮😮,1,2026-03-12T07:57:03Z,2026-03-15T09:35:05.344092
UgwBZ7N5pGb88LmA5fB4AaABAg,SPBTlYNsZNY,@SanjaySaini-k1q9n,High lite. Song,2,2026-03-12T02:52:11Z,2026-03-15T09:35:05.344092
UgziPIlxyMiy_G3fEHB4AaABAg,SPBTlYNsZNY,@NirmalaDevi-v7z,Nice pic ❤❤❤❤,2,2026-03-13T06:05:47Z,2026-03-15T09:35:05.344092
UgwwrpusjQ80_BTMr6x4AaABAg,SPBTlYNsZNY,@rameshkumarchoudhary2182,Hy he gana sunne me na jane kyo yaad aa hi jati h uski,9,2026-03-12T11:20:43Z,2026-03-15T09:35:05.344092
Ugw39HmGknmGhs-D9KN4AaABAg,SPBTlYNsZNY,@radhikanirapure-h6y,😄😄😄😄😄😄😄😄😄😄😄😄,0,2026-03-12T07:51:35Z,2026-03-15T09:35:05.344092
UgxisNJuFZb9zJNWro54AaABAg,SPBTlYNsZNY,@SanjayKumar-w3i7y,Ye dance karti hui red ♥️ lahange wali ladki bahut sundar hai,4,2026-03-12T05:45:17Z,2026-03-15T09:35:05.344092
UgyDyqkwWnNH5LyzpgV4AaABAg,SPBTlYNsZNY,@AtifSaifi-y4i,❤❤❤❤good luck song ❤❤❤,2,2026-03-12T05:01:32Z,2026-03-15T09:35:05.344092
UgzMscht1ZR3p7yFTP14AaABAg,SPBTlYNsZNY,@DevilKinG-RD,Dhaaga Khol Diya Dil Ke..❤,18,2026-03-12T12:46:18Z,2026-03-15T09:35:05.344092
UgyCVjdjaRfso5PY2th4AaABAg,SPBTlYNsZNY,@SurajitDey-l6w,Indrawjitdeb❤❤❤❤🎉🎉😢😢,17,2026-03-11T18:22:01Z,2026-03-15T09:35:05.344092
UgwZq-HZS9iC54mMq9p4AaABAg,SPBTlYNsZNY,@radhikanirapure-h6y,😮😮😮😮😮,0,2026-03-12T07:57:11Z,2026-03-15T09:35:05.344092
UgzOoJz0ZwVWJvK9ayd4AaABAg,CVsKxWcQTGU,@soya_hua_billa,danny jam radto hamesha saala jam khar khato,10,2026-03-14T09:30:11Z,2026-03-15T09:35:06.721562
UgwxU732bDsgZh0AgfR4AaABAg,CVsKxWcQTGU,@nilesh_jamadar,"<a href=""https://www.youtube.com/watch?v=CVsKxWcQTGU&amp;t=6400"">1:46:40</a> 😂<br><a href=""https://www.youtube.com/watch?v=CVsKxWcQTGU&amp;t=12618"">3:30:18</a> acting🤣<br><a href=""https://www.youtube.com/watch?v=CVsKxWcQTGU&amp;t=13896"">3:51:36</a> aag lavya😂<br><a href=""https://www.youtube.com/watch?v=CVsKxWcQTGU&amp;t=14420"">4:00:20</a> pura gaav sun raha hai😂<br><a href=""https://www.youtube.com/watch?v=CVsKxWcQTGU&amp;t=16160"">4:29:20</a> whether 🤣<br><a href=""https://www.youtube.com/watch?v=CVsKxWcQTGU&amp;t=16770"">4:39:30</a> f1 mai horn😂<br><a href=""https://www.youtube.com/watch?v=CVsKxWcQTGU&amp;t=17535"">4:52:15</a>, <a href=""https://www.youtube.com/watch?v=CVsKxWcQTGU&amp;t=17773"">4:56:13</a> best comedy 🤣🤣<br><a href=""https://www.youtube.com/watch?v=CVsKxWcQTGU&amp;t=19494"">5:24:54</a> ghanshyam ko suno😂<br><a href=""https://www.youtube.com/watch?v=CVsKxWcQTGU&amp;t=20182"">5:36:22</a> 😂<br><a href=""https://www.youtube.com/watch?v=CVsKxWcQTGU&amp;t=20240"">5:37:20</a> 🤣🤣<br><a hr",11,2026-03-14T09:32:22Z,2026-03-15T09:35:06.721562
UgzQtnqsBXiaUNuCOzR4AaABAg,CVsKxWcQTGU,@krishnaparab7524,"<a href=""https://www.youtube.com/watch?v=CVsKxWcQTGU&amp;t=959"">15:59</a> Pushpa pushparaj yeu ka re tikdee🤣🤣🤣 Devil chya dialogue chi athvan zhali",3,2026-03-14T11:51:07Z,2026-03-15T09:35:06.721562
Ugzoc7K3gGEaNCDVBdR4AaABAg,CVsKxWcQTGU,@abhishekchavan6369,"Rocky or leena jo bol rahe hai pit me rokha hai.o trail race ke बात  me pit me rukha tha bhargav. rocky ke tv pe dekh raha hai <a href=""https://www.youtube.com/watch?v=CVsKxWcQTGU&amp;t=20130"">5:35:30</a>",7,2026-03-14T05:06:24Z,2026-03-15T09:35:06.721562
UgxlHWxjC7FnY6_Slop4AaABAg,CVsKxWcQTGU,@atharva1007-x2r,"1st Server to do this type of RP and in great, happy, comedy manner ijjat Shreeman Dada ❤❤❤❤❤❤",30,2026-03-14T03:19:33Z,2026-03-15T09:35:06.721562
UgwE3ga91vUAGw47v2p4AaABAg,CVsKxWcQTGU,@BalajiDesai-c3c,Full comedy ani bandhilki ❤️,3,2026-03-14T07:19:23Z,2026-03-15T09:35:06.721562
Ugw2DN6fpRPVM8sVgaV4AaABAg,CVsKxWcQTGU,@Akash_Chandane_2405,"<a href=""https://www.youtube.com/watch?v=CVsKxWcQTGU&amp;t=17564"">4:52:44</a> sagle sutra chukle 😂😂😂",6,2026-03-14T05:15:49Z,2026-03-15T09:35:06.721562
UgzptNzZSF8E7uGyQKR4AaABAg,CVsKxWcQTGU,@gauravbankar4000,"<a href=""https://www.youtube.com/watch?v=CVsKxWcQTGU&amp;t=14813"">4:06:53</a> National anthem 🇮🇳🥹❤️",8,2026-03-14T04:36:10Z,2026-03-15T09:35:06.721562
Ugwsm_E6HIEfg3exYYB4AaABAg,CVsKxWcQTGU,@Social_Sid_Edits,"Bhale 5 ghante baad F1 race start hua, par mazza 100 takke aaya 😂😂😂<br><br>Kay ti commentary 🤣🤣",7,2026-03-14T02:46:02Z,2026-03-15T09:35:06.721562
UgywzjGSusRK6TaskWl4AaABAg,CVsKxWcQTGU,@Nicks_fx,"<a href=""https://www.youtube.com/watch?v=CVsKxWcQTGU&amp;t=17560"">4:52:40</a> ghanya op 🤣🙌🏼💯",5,2026-03-14T06:04:11Z,2026-03-15T09:35:06.721562
UgwLFHo0CMUhUhYoPUl4AaABAg,CVsKxWcQTGU,@kunalxedits,SHREEMAN bhauu ...ese events me real life sponsorship nahi le skte kya??...i mean unka banner wagera laga k thoda price pull increase ho...jise kya hoga ki sabne jisme  jisme management me kam kiya hai unko bhi kuch salary se hatke paisa mile 👌🏻 isee thoda or realistic hogi RP sabke liye....sab thoda jyda explore kr payenge,3,2026-03-14T04:55:23Z,2026-03-15T09:35:06.721562
Ugz6nlgouYzPVWPCElN4AaABAg,CVsKxWcQTGU,@udit_xxvii_vi,Wo 6 phone maise shreeman dada ek phone dedo na mere pass acha phone nahi hai,2,2026-03-14T06:52:53Z,2026-03-15T09:35:06.721562
UgwSyiqlZtiAwqZIF4h4AaABAg,CVsKxWcQTGU,@vaibhav2001-ij7jy,"<a href=""https://www.youtube.com/watch?v=CVsKxWcQTGU&amp;t=20989"">5:49:49</a> Jaise Shriman Babu ko time milta Hai vaise Shriman Bhau flex karna chalu ho jaate Hain mobile ka itne sare mobile dikha rahe ho mat karo❤❤❤❤😂",1,2026-03-14T09:50:48Z,2026-03-15T09:35:06.721562
UgwzrCNp8kjPo0Waaf14AaABAg,CVsKxWcQTGU,@IM力Sahilya,Take care love you dada 😘❤️,3,2026-03-14T07:22:50Z,2026-03-15T09:35:06.721562
Ugw_meaE7qNv6w3kXC54AaABAg,CVsKxWcQTGU,@riddhank0799,Good night take care dada love you YETO❤️😊,2,2026-03-13T23:08:48Z,2026-03-15T09:35:06.721562
UgzJH06m3n8FGmETphx4AaABAg,CVsKxWcQTGU,@chaitanyapawar693,"danny doesn’t have sportsmanship,he is just jealous 😂😂😂😂😂😂😂😂😂",62,2026-03-14T04:03:46Z,2026-03-15T09:35:06.721562
UgwUTrlGQpGAJjVmbid4AaABAg,CVsKxWcQTGU,@Social_Sid_Edits,Chola reddy 🤣🤣🤣 Bala Reddy 😂😂😂<br><br>Real name - Chloe reddy,2,2026-03-14T08:55:19Z,2026-03-15T09:35:06.721562
UgwU9rbZo9UIe-fx6q54AaABAg,CVsKxWcQTGU,@vaibhav2001-ij7jy,"<a href=""https://www.youtube.com/watch?v=CVsKxWcQTGU&amp;t=24786"">6:53:06</a> are baap re Shriman Bhau ek gadi ko pakdane ke liye acchi Puri Khandan police ke lekar Aaye Ho Khatarnak😂😂😂😂😂",0,2026-03-14T10:16:02Z,2026-03-15T09:35:06.721562
UgzNWyfJeHkS-M1a6c54AaABAg,CVsKxWcQTGU,@YashPatil-e4y9c,जन्म 27-08-2001 आहे,2,2026-03-14T07:09:21Z,2026-03-15T09:35:06.721562
Ugw8N8llaspYZ7fsyDx4AaABAg,CVsKxWcQTGU,@Omyaaaaaaaaaaaa,❤❤❤❤,3,2026-03-13T23:08:33Z,2026-03-15T09:35:06.721562
UgzfdZpLsqkxeDO6xsV4AaABAg,Wgx8nz8EpkE,@Rocks-x6i,Bot,1,2026-03-14T21:17:15Z,2026-03-15T09:35:14.308396
UgwMTcs6XYxCLFQgCGt4AaABAg,kyIA93yCMGI,@gitavishwakarma8796,Jay siya ram bhakton❤❤❤🎉🎉🎉,3,2026-03-15T03:44:06Z,2026-03-15T09:35:20.211124
UgwGY4a-EgD29flX5nJ4AaABAg,kyIA93yCMGI,@DhananjayKumar-t9r2q,Dhnevad jay mere pyare barhmand ❤ hanuman ji Jay shree Ram ❤,6,2026-03-15T00:41:55Z,2026-03-15T09:35:20.211124
Ugx3vj2h-1WNAXS7ENt4AaABAg,kyIA93yCMGI,@geetikambs09,🙏🙏🙏🙏,3,2026-03-15T03:37:58Z,2026-03-15T09:35:20.211124
Ugxo0AMP7FVwerudvG54AaABAg,kyIA93yCMGI,@prem5767,Jai Shree Ram. Jai Bajrang Bali. Jai Shree Hanuman jee.,2,2026-03-15T02:45:24Z,2026-03-15T09:35:20.211124
Ugyr4_4Fe6XrBZ6TU3F4AaABAg,kyIA93yCMGI,@soniyasharma7247,Jai shree Ram jai hanuman g,1,2026-03-15T03:12:14Z,2026-03-15T09:35:20.211124
UgwMmp8gfKcswkOv0eJ4AaABAg,kyIA93yCMGI,@ShanviMishra-g3u5y,Jay shree ram,2,2026-03-15T02:51:41Z,2026-03-15T09:35:20.211124
UgyPM7wDJPAHa3INUCl4AaABAg,kyIA93yCMGI,@Motivationwithroma,जय श्री राम जय हनुमान जी ❤🙏🙏,1,2026-03-15T03:05:37Z,2026-03-15T09:35:20.211124
UgwjwLNkG0piMvgEtf94AaABAg,kyIA93yCMGI,@rajatdhiman6399,Jai shree Ram ji mera liya sbi log prathna Krna muja par  bajrangbali ki kripa ho or har bimari mukt ho jau 🙏🙏♈,1,2026-03-15T03:01:49Z,2026-03-15T09:35:20.211124
UgzSXQnA422444Z4Vdl4AaABAg,kyIA93yCMGI,@SunitaHinduja-u5h,Jai siya Ram Jai Hanuman 🌹🙏🙏,1,2026-03-15T03:29:59Z,2026-03-15T09:35:20.211124
UgznPEue8Qww_mhASG14AaABAg,kyIA93yCMGI,@Bihari_videofunny,Baat Sahi Hai,2,2026-03-15T03:44:37Z,2026-03-15T09:35:20.211124
Ugxg1CrE-klptSVq1-V4AaABAg,kyIA93yCMGI,@RewaShankarSharma-m3g,Jay jay bajarangbali,1,2026-03-15T03:02:57Z,2026-03-15T09:35:20.211124
UgymKMEka0LAtx-vYq14AaABAg,kyIA93yCMGI,@Sita9928,जय श्री राम जय जय श्री राम जय जय श्री राम,1,2026-03-15T03:29:42Z,2026-03-15T09:35:20.211124
UgyT15_zoGUXBJLOEN94AaABAg,kyIA93yCMGI,@SagarPandy-v8e,Om jay Shree sita Ram ji,0,2026-03-15T03:56:30Z,2026-03-15T09:35:20.211124
Ugz4GoYTaozvjrVj_N94AaABAg,kyIA93yCMGI,@bhagirathahir4794,Jai shree ragupati raghav raja Ram <br>Satya sanatan dharm ki jai <br>Jai ho maruti nandan ki,4,2026-03-15T01:21:04Z,2026-03-15T09:35:20.211124
UgzfKDvWN8i2g1eTkFd4AaABAg,kyIA93yCMGI,@JaimalaMarkam,"Jay,, Hanuman ji",3,2026-03-15T01:55:27Z,2026-03-15T09:35:20.211124
UgwnBkiiVPiCZJKf5lp4AaABAg,kyIA93yCMGI,@EVERYTHINGATONEPLACE,SitaRam,1,2026-03-15T03:26:54Z,2026-03-15T09:35:20.211124
Ugx00fOllCITB-sOuX14AaABAg,kyIA93yCMGI,@santoshkumaracharya3521,Jay Jay Sri Ram 🙏🏼,3,2026-03-15T01:45:24Z,2026-03-15T09:35:20.211124
UgyZyPjYZbMFv3_fFdR4AaABAg,kyIA93yCMGI,@manishmanishgupta2843,❤❤ जय श्री राम ❤❤,0,2026-03-15T03:54:29Z,2026-03-15T09:35:20.211124
UgwxXXtqmPRcyB-RoOh4AaABAg,kyIA93yCMGI,@ashmayagurung5554,Jay jay jay jay jay,3,2026-03-15T01:06:36Z,2026-03-15T09:35:20.211124
UgyaOvbU2xx2Hco8DaV4AaABAg,kyIA93yCMGI,@santoshkumaracharya3521,Jay Jay Bajrangabali 🙏🏼,3,2026-03-15T01:45:44Z,2026-03-15T09:35:20.211124
Ugy6XxG6MD0SUSbmTe54AaABAg,4gBri7rBvWE,@NavaneethDrugLines,Bro ib3d ill poyi rolls Royce RGS ill eduku athinte back door potiku appo back door normal carinte pole avum pls try,3,2026-03-14T10:46:27Z,2026-03-15T09:35:24.346086
UgygsbhOiZptdbl2s8t4AaABAg,4gBri7rBvWE,@NaseeraK-f9v,Tyvb🎉,1,2026-03-14T12:26:54Z,2026-03-15T09:35:24.346086
UgwdS1DaGIVMnzPqxmN4AaABAg,4gBri7rBvWE,@Razeenabasheer-l1h,🎉🎉🎉🎉🎉🎉❤,2,2026-03-14T09:02:37Z,2026-03-15T09:35:24.346086
UgwCyMSWomPlOTLZgRB4AaABAg,4gBri7rBvWE,@BinduThomas-dt2on,Bort,3,2026-03-14T06:14:03Z,2026-03-15T09:35:24.346086
UgyaJIuaHDwmuSYq4rl4AaABAg,4gBri7rBvWE,@bindhuthomas7090,❤❤❤❤,0,2026-03-14T15:01:26Z,2026-03-15T09:35:24.346086
UgzaTTlqN1iiUUyNJux4AaABAg,4gBri7rBvWE,@AbuZahid-xf5ot,Super ❤😊,0,2026-03-14T17:28:54Z,2026-03-15T09:35:24.346086
UgxRn-Gd4x0dG9CySW14AaABAg,4gBri7rBvWE,@YathraSnehi-p4q,DhanAK,0,2026-03-14T15:32:22Z,2026-03-15T09:35:24.346086
UgyMxotKpTLTXRZdUKR4AaABAg,4gBri7rBvWE,@LalithaMani-n4y,ചേട്ട     Sam SanG        ഫോണിൽ       ഏങ്ങനെ      GTA    5       എങ്ങനെ          കളിക്കാം,6,2026-03-14T08:50:45Z,2026-03-15T09:35:24.346086
Ugx96EQ2CChIXyEkx3B4AaABAg,4gBri7rBvWE,@YathraSnehi-p4q,DhanAK ❤,0,2026-03-14T15:31:54Z,2026-03-15T09:35:24.346086
Ugzv5fgeSqsGCHXkPSl4AaABAg,4gBri7rBvWE,@Crazycornerlogging.,My fan is you,3,2026-03-14T07:44:43Z,2026-03-15T09:35:24.346086
Ugw06IncFKQKlzZRRKh4AaABAg,4gBri7rBvWE,@RamiSakkee,My name shahan,4,2026-03-14T06:10:21Z,2026-03-15T09:35:24.346086
UgzY_zPmC3TZHuJf7rd4AaABAg,4gBri7rBvWE,@sanjusanthosh9454,കിയോ,2,2026-03-14T06:24:51Z,2026-03-15T09:35:24.346086
UgyqabCafMD-sCOR7gl4AaABAg,4gBri7rBvWE,@BinduThomas-dt2on,❤❤😊,2,2026-03-14T06:13:44Z,2026-03-15T09:35:24.346086
UgyJI9A84Pj4VxHLLqZ4AaABAg,4gBri7rBvWE,@RamiSakkee,Bro,2,2026-03-14T06:09:27Z,2026-03-15T09:35:24.346086
Ugy0z06p6bHx1UxsU_N4AaABAg,4gBri7rBvWE,@rayanbloxx-v7e,Cheta njan potan ano,5,2026-03-14T07:28:15Z,2026-03-15T09:35:24.346086
UgxiwnJHDjb7nbmg_0R4AaABAg,4gBri7rBvWE,@RamiSakkee,Hi,4,2026-03-14T06:09:33Z,2026-03-15T09:35:24.346086
UgzFkyTgAj3jWlrd49V4AaABAg,4gBri7rBvWE,@WOLF-OFFICIAL_GAMING,Hi bro,3,2026-03-14T06:11:06Z,2026-03-15T09:35:24.346086
UgzUXjtI0gkSMxy2Hc14AaABAg,4gBri7rBvWE,@RamiSakkee,Big fan 🎉🎉🎉🎉🎉🎉,6,2026-03-14T06:09:49Z,2026-03-15T09:35:24.346086
UgzcITbCeTW1_jhHGhR4AaABAg,4gBri7rBvWE,@RamiSakkee,Hi,1,2026-03-14T06:10:52Z,2026-03-15T09:35:24.346086
UgzlFV7f-IpDurHRGtF4AaABAg,4gBri7rBvWE,@RamiSakkee,Hi,2,2026-03-14T06:10:57Z,2026-03-15T09:35:24.346086
Ugx2k6ifxGn7ADfarjl4AaABAg,ITqbCDjqEEo,@Khushnuma_dance_official22,Jisko jisko song pasnd aaya vo ❤️❤️👈kre😊😊❤❤❤🎉🎉🎉🎉,3,2026-03-14T15:36:27Z,2026-03-15T09:35:26.352607
UgyMalbFDgAaWhrc2eF4AaABAg,ITqbCDjqEEo,@sheetubindra01,Bahot badhiya badhaai ho ❤❤❤❤❤❤🎉❤🎉❤🎉❤🎉❤🎉❤🎉❤🎉🎉❤❤🎉❤🎉❤🎉❤🎉❤🎉❤🎉❤❤,0,2026-03-15T03:12:01Z,2026-03-15T09:35:26.352607
UgwML0x4c5hI4gVdEDd4AaABAg,ITqbCDjqEEo,@PramodPramodkumar-jo6yh,Khesari bhai ramnavami ka Satta Lega,0,2026-03-15T03:17:57Z,2026-03-15T09:35:26.352607
UgzeLV27k8PYm2gYU1N4AaABAg,ITqbCDjqEEo,@KritiSingh-s1h,Chhapra ke bidhayak ji,3,2026-03-14T12:51:56Z,2026-03-15T09:35:26.352607
UgzekNU2SlEHR6akbCt4AaABAg,ITqbCDjqEEo,@vijaykumaryadav65-s5c,Khesari bhaiya ko aab koe nhi rokh sakta hai ....🎉🎉🎉🎉🎉🎉,1,2026-03-15T02:49:44Z,2026-03-15T09:35:26.352607
UgxI1f8vmQCpy0MzgO14AaABAg,ITqbCDjqEEo,@Gps74,Jio bhaya 🎉🎉 🇮🇳🇮🇳🇮🇳🇮🇳🇮🇳,11,2026-03-13T07:09:24Z,2026-03-15T09:35:26.352607
Ugyi3jVGsfAj81GAltF4AaABAg,ITqbCDjqEEo,@udayawarayadav,❤❤❤❤❤❤Jio bosss❤❤❤❤,4,2026-03-13T20:35:54Z,2026-03-15T09:35:26.352607
Ugxbdhgs9X7w1xT2yRV4AaABAg,ITqbCDjqEEo,@MukeshMandal77,❤❤❤❤❤💪💪💪💋💋💋💋❤️❤️❤️👌👌,4,2026-03-13T16:36:37Z,2026-03-15T09:35:26.352607
UgzyvLUod24TYFVomJN4AaABAg,ITqbCDjqEEo,@jitendrabahiboy5328,LP lagva de 🔥🔥🔥🔥,2,2026-03-14T08:17:30Z,2026-03-15T09:35:26.352607
UgwoeJoCixV8L4D7oDd4AaABAg,ITqbCDjqEEo,@SandipChauhan-g5p,❤Hii,3,2026-03-13T16:58:42Z,2026-03-15T09:35:26.352607
UgylVx-tiMOblAASiGZ4AaABAg,ITqbCDjqEEo,@Sultansawarivlogs,Mai bhi yesa hi video dalta hua,19,2026-03-12T22:16:29Z,2026-03-15T09:35:26.352607
UgzyK_hlsyWzAj8oa_14AaABAg,ITqbCDjqEEo,@chandan-ci4kn,Delhi me lambi katre pdii lpg 🔥🤩boos ❤️,9,2026-03-13T08:07:40Z,2026-03-15T09:35:26.352607
Ugz6YZD-OoQ0IE3wt-94AaABAg,ITqbCDjqEEo,@rajneeshyadav9133,Nice,5,2026-03-13T08:15:34Z,2026-03-15T09:35:26.352607
UgypSr5owoFSyrtomC94AaABAg,ITqbCDjqEEo,@RanjitYadav-z8d6q,🎉🎉🎉🎉🎉🎉😢🎉❤❤❤❤❤❤🎉🎉,1,2026-03-13T14:49:18Z,2026-03-15T09:35:26.352607
Ugwu3tmGWfZEw8IU6mF4AaABAg,ITqbCDjqEEo,@Tasirulmiya-d3j,❤❤💪💪🙏🙏👍👍🦸🦸‍♂️,4,2026-03-14T09:22:13Z,2026-03-15T09:35:26.352607
UgzL4OUUA_EKWJA5ULJ4AaABAg,ITqbCDjqEEo,@ShaniyadavYadavji-p8h,❤❤❤❤❤❤❤❤❤❤❤❤❤❤❤❤,3,2026-03-13T02:37:59Z,2026-03-15T09:35:26.352607
UgyQ2igNBvrMkSNLtYx4AaABAg,ITqbCDjqEEo,@StarShivam-s3c,... <br>।o।।  ।😊,1,2026-03-13T11:09:59Z,2026-03-15T09:35:26.352607
UgxBKKBXCNziG5oUzmp4AaABAg,ITqbCDjqEEo,@anjumanasghariyazangipuru.7235,😂😂😂😂,0,2026-03-14T22:32:33Z,2026-03-15T09:35:26.352607
Ugy8ZSBkXN6PsAPLvsx4AaABAg,ITqbCDjqEEo,@vikashmohanchauhanyoutubec2891,"❤😂🎉😢😮😅😊😊😊😊😊😊😊😊 <a href=""https://www.youtube.com/watch?v=ITqbCDjqEEo&amp;t=36"">0:36</a>",1,2026-03-15T01:40:34Z,2026-03-15T09:35:26.352607
UgwEKeQXVkdX0QhnmTd4AaABAg,ITqbCDjqEEo,@AbhishekYadav-ch5us,Jio bhaiya ji,2,2026-03-13T09:14:23Z,2026-03-15T09:35:26.352607
UgwuH-4TW1OExmuq0Hx4AaABAg,0SScKYxRgOo,@Khesaribrand1,जन्मदिन हवे हमारा भैया खेसारी के love you khesari bhaiya happy birthday 🎂,146,2026-03-14T12:27:14Z,2026-03-15T09:35:30.756327
UgxfaSc2KMEa_-fbSoV4AaABAg,0SScKYxRgOo,@govindbhojpuriya,The Power Of King Trending Star KLY 🔥🔥🔥,2,2026-03-14T18:13:54Z,2026-03-15T09:35:30.756327
UgxdyrF0yHIA3ArQGK54AaABAg,0SScKYxRgOo,@RaushanMusicWorld74,Happy birthday Khesari bhaiya Or Akhilesh bhaiya jabarjast song ♥️👍,2,2026-03-14T18:14:35Z,2026-03-15T09:35:30.756327
UgxxvT8f265wvZL28TV4AaABAg,0SScKYxRgOo,@Rakeshsharma-p5u,15th March ko laga koi bade level ka song aayega Khesari bhaiya ka lekin nahi aa raha aab aap Fans ke liye nahi paiso ke liye kaam karte ho Sharam karo aaj apne aap par sharam aa raha ki mai aapka fan hu jo apne fans ka hee nahi sunta🤬🤡,179,2026-03-14T12:11:48Z,2026-03-15T09:35:30.756327
UgyMR4-41LiUTEcnaqp4AaABAg,0SScKYxRgOo,@AbhishekSinghyadav2m,System of khesari bhaiya 🔥🔥<br>Happy birthday bhaiya 🎉🎉🎉,42,2026-03-14T13:27:16Z,2026-03-15T09:35:30.756327
UgwdmAorS7VSErLDN8R4AaABAg,0SScKYxRgOo,@bhojpurikabaapkhesari,Happy birthday boss 🎉🎉 global Trending star ⭐ KHESARIIIII ❤️‍🔥,3,2026-03-14T15:56:21Z,2026-03-15T09:35:30.756327
Ugyj_niV1o6Pfj96SgV4AaABAg,0SScKYxRgOo,@TRPKingKhesari1,खेसारी fan का आज होली मनेगा का भाई लोग 🔥15 March को😍😍,64,2026-03-14T12:05:22Z,2026-03-15T09:35:30.756327
Ugwze-Cd2vXOaZckn6R4AaABAg,0SScKYxRgOo,@DeepakKumar-z4m8w,Ye Song Bhi Trend karega ❤,37,2026-03-14T13:07:59Z,2026-03-15T09:35:30.756327
UgwPxJLyYyBit3kklCl4AaABAg,0SScKYxRgOo,@Arvind-no5,Happy Birthday Trending Star ❤🎉,1,2026-03-14T13:49:27Z,2026-03-15T09:35:30.756327
UgyME6ScRhfn6rKuC3J4AaABAg,0SScKYxRgOo,@SatyamYadav-t1x,Happy birthday khesari lal yadav bhaiya 🎉🎉<br>भगवान से यही प्रार्थना है कि आप ऐसे ही हमेशा राज करते रहे भौजपुरी पर all time nambar 👑1 king khesari bhaiya 🎉<br>धन्यवाद अखिलेश कश्यप जी,14,2026-03-14T14:10:52Z,2026-03-15T09:35:30.756327
UgyYX7akogKwyPQFsdJ4AaABAg,0SScKYxRgOo,@RoyalAshishYadav-u9i,Happy birthday dear bhaiyaa jii Trending star ✨ 💫 💖 khesari. Lal yadav 😘 bhaiya ❣️,2,2026-03-14T14:23:28Z,2026-03-15T09:35:30.756327
Ugw2SEV2Ao0j6YRUmLp4AaABAg,0SScKYxRgOo,@SatyendraKumar-q5h3c,HAPPY HAPPY BIRTHDAY WISHES KHESHARI BHAIYA 👑👑🙏🙏💪💪,10,2026-03-14T12:41:13Z,2026-03-15T09:35:30.756327
Ugw3OPQrdRhhUSQrHU14AaABAg,0SScKYxRgOo,@KhesariEntertainment63,Viral ba BHAIYA ♥️🌹🌹🌹❤❤❤❤❤❤❤❤❤❤,2,2026-03-14T14:20:03Z,2026-03-15T09:35:30.756327
UgxCX7j8-B5DKJZ-WHF4AaABAg,0SScKYxRgOo,@MunnaKumar-o5z2p,Jio Akhilesh bhaiya love u❤❤,3,2026-03-14T13:48:05Z,2026-03-15T09:35:30.756327
Ugz0Qh0yqJnTUatD8RZ4AaABAg,0SScKYxRgOo,@guddukumaryadav5524,जन्मदिन  हवे हमारा भैया खेसारी के Love You Khesari Bhaiya Happy Birthday 🌹🌹🌹🌹🎂🎂🎂🎂,1,2026-03-14T16:02:03Z,2026-03-15T09:35:30.756327
Ugx_mzTSR9YkSy8BHgp4AaABAg,0SScKYxRgOo,@jiteshkumar1404,Happy birthday meri jaan ❤🎉,14,2026-03-14T12:44:16Z,2026-03-15T09:35:30.756327
Ugz9TJhBVbqsoV0Pl_54AaABAg,0SScKYxRgOo,@YadavRajendraRamesh,Happy birthday Bhaiya <br>Khatuwaale shyam aapko Jeevan bhar khush rakhe aur garibo ki madat Karo bhaiya<br><br>Is baar aap MP banege bhaiya,1,2026-03-14T16:14:58Z,2026-03-15T09:35:30.756327
UgynNWFCIOdDIaA0PUN4AaABAg,0SScKYxRgOo,@Khesaribrand1,Aa gya hai ❤❤❤,63,2026-03-14T12:05:39Z,2026-03-15T09:35:30.756327
UgyX2Vb3hifXF91Ek814AaABAg,0SScKYxRgOo,@ms.manish_status,"<a href=""https://www.youtube.com/watch?v=0SScKYxRgOo&amp;t=50"">0:50</a> Kon kon khesari bhaiya ko pyar karte hai 🫶💗😍",12,2026-03-14T12:42:34Z,2026-03-15T09:35:30.756327
Ugwi6E3MCiXvqH2SHhl4AaABAg,0SScKYxRgOo,@khesariexpresskp27,कौन कौन खेसारी भैया को जन्मदिन पर बधाई देना चाहता है ❤❤❤❤❤♋🎂🎂🍰🍰🍰🍢🍢🍥🍰🍰♋♋♋,1,2026-03-14T17:14:11Z,2026-03-15T09:35:30.756327
UgzTQSCkRLxoBc8LsMp4AaABAg,R6SKrsd0s0g,@TilakrajMeena-t1b,Ha,0,2026-03-15T02:36:10Z,2026-03-15T09:35:32.259022
UgxZKL1w3rm6p-xwZ-h4AaABAg,R6SKrsd0s0g,@ajduggu,Hello Vivek bhai,0,2026-03-14T09:26:45Z,2026-03-15T09:35:32.259022
Ugxa-CDzZomcuPV5ACN4AaABAg,R6SKrsd0s0g,@ajduggu,Hello,0,2026-03-14T09:26:00Z,2026-03-15T09:35:32.259022
Ugy1kCvQFNxHHyhAbyt4AaABAg,03Rmrk4RsjQ,@RippuRanjan-x1q,Harhar mahadev ji ki jay mata parvati ji ki jay nag devta ji ki jay nagin devi ji ki jay,1,2026-03-15T02:47:10Z,2026-03-15T09:35:32.799024
UgyY8t3T1wTHA-5t7_14AaABAg,03Rmrk4RsjQ,@ArjunVerma-p8t,भगवान भगवान होते है इसमें सहर और देहात क्या होती हैं गाना एक होते है सभी का मनोकामना पूर्ति एक होती हैं,3,2026-03-14T01:04:30Z,2026-03-15T09:35:32.799024
UgzDns9x8i4O1Sz_5LR4AaABAg,e7_q-NpME0A,@RaghubanshKumar-q9t6x,❤❤😮😮😅😊😊,0,2026-03-14T18:00:30Z,2026-03-15T09:35:34.600286
Ugx-7iaXf6Q4yvj4WfV4AaABAg,e7_q-NpME0A,@LaxmiDevi-v6e5c,Is gana ko sport karo bhai❤❤🎉🎉,11,2026-03-14T03:15:37Z,2026-03-15T09:35:34.600286
Ugzn0FJgQCo-aQc4mfh4AaABAg,e7_q-NpME0A,@DarmenderKumar-g5c5l,❤❤❤❤❤❤,2,2026-03-14T12:58:59Z,2026-03-15T09:35:34.600286
Ugxh3mDANqTxbgu8vzZ4AaABAg,e7_q-NpME0A,@SuperMusichitsbabu,Hit,29,2026-03-13T01:43:57Z,2026-03-15T09:35:34.600286
Ugz9U0Ve_qaQVLcuaAl4AaABAg,e7_q-NpME0A,@zx_Marco_0,Oye bhai reply karo,17,2026-03-13T01:07:16Z,2026-03-15T09:35:34.600286
UgzvawjgD_5TOSLjNHt4AaABAg,e7_q-NpME0A,@balmikikumar443,🎉🎉🎉,9,2026-03-13T06:54:09Z,2026-03-15T09:35:34.600286
Ugw0LaqMzwtzImZcQMN4AaABAg,e7_q-NpME0A,@RetaAika,❤❤❤❤❤❤❤🎉🎉🎉🎉🎉🎉🎉❤❤❤❤❤❤❤❤🎉🎉,2,2026-03-13T14:05:02Z,2026-03-15T09:35:34.600286
Ugyrmi_03ml5EFpQTlx4AaABAg,e7_q-NpME0A,@VinayKumar-y3f6j,🎉🎉🎉🎉🎉🎉very nice video,3,2026-03-15T00:09:07Z,2026-03-15T09:35:34.600286
UgytGrN0VzKTVoQn2N54AaABAg,e7_q-NpME0A,@KeshavMishra-g4r6p,😊😊😊,3,2026-03-13T14:06:57Z,2026-03-15T09:35:34.600286
Ugz3loTHlbgXZLOIyht4AaABAg,e7_q-NpME0A,@SandipKumar-r4o7z,First coment ❤Rosan bhaiya,36,2026-03-13T05:37:01Z,2026-03-15T09:35:34.600286
Ugxuf5-BuBfYS_JesLh4AaABAg,e7_q-NpME0A,@ManojKumar-wk4qd,K🥲🥲🥲🥲🥲🙃🙃,3,2026-03-14T07:01:32Z,2026-03-15T09:35:34.600286
UgzABqMT_O3XATQSU3p4AaABAg,e7_q-NpME0A,@kanchankumar1185,❤❤❤,0,2026-03-14T15:33:47Z,2026-03-15T09:35:34.600286
UgzMnYVDwbHk2JDirdp4AaABAg,wyKNY1_HnTc,@MrBeastGaming,Which country do you think should win?,4060,2026-03-14T16:00:12Z,2026-03-15T09:35:35.274249
UgywOkrv8u-S7608ytF4AaABAg,wyKNY1_HnTc,@varadwadkar_07,"<a href=""https://www.youtube.com/watch?v=wyKNY1_HnTc&amp;t=66"">1:06</a> yoo senpai spider is here ❤❤",53,2026-03-15T02:57:07Z,2026-03-15T09:35:35.274249
Ugyf_T8dPyr9nj25eI94AaABAg,wyKNY1_HnTc,@LemonLicker,Please never give one guy the opportunity to remove 16 people FOR money again LMAO,4265,2026-03-14T16:29:47Z,2026-03-15T09:35:35.274249
Ugy7uptNIaOufotvE-p4AaABAg,wyKNY1_HnTc,@Bodros_1,Coldified villian arc is crazy,522,2026-03-14T23:45:21Z,2026-03-15T09:35:35.274249
UgxlQqkIS5sW96gz-ux4AaABAg,wyKNY1_HnTc,@Jordan-jjjjj,New title should be “I let one guy manipulate an entire lobby for 40 grand”,5,2026-03-15T03:44:12Z,2026-03-15T09:35:35.274249
UgwAW3Cbx1jH_nzjzrd4AaABAg,wyKNY1_HnTc,@ShortsForYouMyGuy,"<a href=""https://www.youtube.com/watch?v=wyKNY1_HnTc&amp;t=1229"">20:29</a> Chile got his priorities straight",179,2026-03-14T18:33:04Z,2026-03-15T09:35:35.274249
UgxYKl6_NJlVLAgoRHN4AaABAg,wyKNY1_HnTc,@yel-badry4754,"<a href=""https://www.youtube.com/watch?v=wyKNY1_HnTc&amp;t=604"">10:04</a> WELL WELL WELL the UK stealing from Africa is lore accurate",600,2026-03-14T19:31:13Z,2026-03-15T09:35:35.274249
Ugxa0-Ik9xQz3U41CJx4AaABAg,wyKNY1_HnTc,@pranavmahamuni4460,"<a href=""https://www.youtube.com/watch?v=wyKNY1_HnTc&amp;t=485"">8:05</a> Spain straight up went from superman to homelander 💀💀",8211,2026-03-14T16:17:53Z,2026-03-15T09:35:35.274249
UgxBBIDYv923UldYPT14AaABAg,wyKNY1_HnTc,@EPINZ-9704,"no, Indonesia lost😢",32,2026-03-15T02:57:05Z,2026-03-15T09:35:35.274249
UgzTYK10HhRc0VpmeVF4AaABAg,wyKNY1_HnTc,@einHolzkopf,Thank you for having me! It has been an honour for me to represent Germany 🇩🇪❤️🙌,217,2026-03-14T22:19:14Z,2026-03-15T09:35:35.274249
Ugz7HXThR1E_dOcxZAl4AaABAg,wyKNY1_HnTc,@Aphernix,Huge thanks for having me! Sending love from Türkiye to everyone! It’s an honor to be part of this❤🇹🇷,1095,2026-03-14T20:16:19Z,2026-03-15T09:35:35.274249
UgxpZf8hbR4bYjyFKrJ4AaABAg,wyKNY1_HnTc,@janettespencer3003,Spain is crazy for the kills💀,1871,2026-03-14T17:50:03Z,2026-03-15T09:35:35.274249
UgwrhVEqjeGjsAg2ZRt4AaABAg,wyKNY1_HnTc,@youninho,chuck made the final just to instantly get eliminated 😭,1,2026-03-15T04:02:50Z,2026-03-15T09:35:35.274249
UgxrhuSLlroaq93ACMd4AaABAg,wyKNY1_HnTc,@SimpKasli-cat,Dám cá là có rất nhiều đứa yêu nước online,54,2026-03-15T02:09:28Z,2026-03-15T09:35:35.274249
UgwMpzhruZgV6tiCo4x4AaABAg,wyKNY1_HnTc,@RMANM1,Spain is just the real life america..,628,2026-03-14T19:21:18Z,2026-03-15T09:35:35.274249
Ugyjggy9FS4_rFR1QSN4AaABAg,wyKNY1_HnTc,@MalachiSingh-l8k,"<a href=""https://www.youtube.com/watch?v=wyKNY1_HnTc&amp;t=530"">8:50</a> they really went from superman to homelander 🤣",28,2026-03-14T17:53:07Z,2026-03-15T09:35:35.274249
UgxZ6Kgsm90cR6_XG3J4AaABAg,wyKNY1_HnTc,@Anhiuemroipeoi,Vietnam oh no,12,2026-03-15T03:12:24Z,2026-03-15T09:35:35.274249
UgyXhgzVvtLCsTA8_QN4AaABAg,wyKNY1_HnTc,@Dokkaebi_brxn,Conociendo a Coldi yo sabia que que iba a eliminar a todos esos otros paises solo porque no los conocía JAJAJAJ,125,2026-03-14T19:23:17Z,2026-03-15T09:35:35.274249
Ugz7jbT6xm2im7Oo87x4AaABAg,wyKNY1_HnTc,@ReiGThemNhua,"<a href=""https://www.youtube.com/watch?v=wyKNY1_HnTc&amp;t=203"">3:23</a> Vietnam no vote just because you&#39;re alone😔",185,2026-03-15T02:42:19Z,2026-03-15T09:35:35.274249
UgzXoM0fLdSlzsNTqop4AaABAg,wyKNY1_HnTc,@Tursynbayev,I hope that Kazakhstan will win next time 🇰🇿🇰🇿🇰🇿🇰🇿,106,2026-03-14T16:57:55Z,2026-03-15T09:35:35.274249
UgxnY-TLiVkpRANw55B4AaABAg,pLNyLwjTnxU,@Skstarmusiccompany,तुमचा सर्वांचा आणि आई साहेबांचा आशीर्वाद कायम असाच आमच्या पाठीशी राहावा आम्ही नक्कीच तुम्हाला अजून काहीतरी नवीन नवीन गाणी  ऐकवण्याचा व्हिडिओ मधून दाखवण्याचा प्रयत्न करू 😊🙏,49,2026-03-14T08:30:49Z,2026-03-15T09:35:36.767387
Ugxgk3V-YyaONMpP2hN4AaABAg,pLNyLwjTnxU,@rushabh_dada_singer,Sk brothers चा मी आजन्म ऋणी राहील खरच कुलदीप दादा माझ्या साठी एवढ करण्या साठी मी तुमचा आभारी आहे 😢❤,62,2026-03-13T16:12:46Z,2026-03-15T09:35:36.767387
Ugz21aAA_pHKUEHWaAd4AaABAg,pLNyLwjTnxU,@Aniket-h1i,कुलदीप दादा तुमच्या लेखणीला खरच सलाम....🫡🫡<br>डोळयांत पाणी आले शब्द ऐकून.. 🥺🥹🥹<br>ऋषभ दादा खूप छान गायलंस.. 👌👍<br>ऋषभ दादा लवकर बरा हो तुझे हे हाल बगवत नाही रे दादा आई येडेश्वरी चरणी हिच प्रार्थना करितो कि लवकर बरा कर येडू तुझ्या या भोळ्या भक्ताला तुझ्या डोंगरावर डोंगर चढून त्याला यायचंय आईसाहेब पुन्हा..... 🙏🙇‍♂️🥹,40,2026-03-13T14:25:16Z,2026-03-15T09:35:36.767387
UgyaFE_LIXXhIPRJocV4AaABAg,pLNyLwjTnxU,@nitinpakhare007,दादा एस के ब्रदर्स ला खरंच सलाम आहे दादा आपला  असंच सपोर्ट करत रहा नवीन नवीन कलाकारांना खरंच राव मन जिंकलं दोन्ही भवानी  ❤❤❤❤,17,2026-03-13T11:36:52Z,2026-03-15T09:35:36.767387
Ugw6GXMa0xPvzD7ptlB4AaABAg,pLNyLwjTnxU,@ranimaskeofficial5596,तुमची हाक आईसाहेबां पर्यंत नक्की पोहचणार दादा..💯🙏 माझ्या बापाचे शब्द कधी खोटे ठरत नाहीत 🙌,25,2026-03-13T12:34:50Z,2026-03-15T09:35:36.767387
UgxQueE9JCAGoMsEMv94AaABAg,pLNyLwjTnxU,@its_sudarshan_9502,🎉🎉काहीही म्हणा भैय्या पण तुमचे गाणे खूप चांगले राहतात मला खरंच तुम्हा दोघांची लय गाणे आवडतात SK  जोडी खूपच छान गाणे बनवते🎉🎉❤❤❤,2,2026-03-15T03:37:40Z,2026-03-15T09:35:36.767387
UgwngvjizkeKR4qM4sp4AaABAg,pLNyLwjTnxU,@Amar_Avaghade_official,कुलदीप दादा सर्वात आधी तुम्हाला सलाम 🙋 कुणाच्या डोक्यात आलं नाही ते तुम्ही सिद्ध करून दावलं 💯,14,2026-03-13T15:47:27Z,2026-03-15T09:35:36.767387
Ugy_1TVWVr61CcVmbql4AaABAg,pLNyLwjTnxU,@cstarraja,1 no. भाऊ.... आवाज अप्रतिम... 👌👌❤️❤️👌👌,0,2026-03-15T02:21:18Z,2026-03-15T09:35:36.767387
Ugxz-R96a5Na_sUmO2V4AaABAg,pLNyLwjTnxU,@GaneshShirsagar-n1g,Bhau एक नंबर झालं gana  jay yedeshare,0,2026-03-14T18:11:51Z,2026-03-15T09:35:36.767387
UgzLBwueUBELj2vorll4AaABAg,pLNyLwjTnxU,@rohanzinge5777,Supar song bhava super ❤❤❤,0,2026-03-15T03:04:53Z,2026-03-15T09:35:36.767387
UgyvIjywzpsQNsWzmlN4AaABAg,pLNyLwjTnxU,@nikhilchavan8821,खरच अप्रतिम लेखन आणि गायन,0,2026-03-14T19:14:05Z,2026-03-15T09:35:36.767387
UgyjoOry6c360k0GITx4AaABAg,pLNyLwjTnxU,@pravinanerao-jc9jz,ह्रदयाला स्पर्श झाला <br>रडू कोसळलं<br>अक्षरशः <br>आई येडेश्वरी लवकरात लवकर माझ्या वृषभ दादाला नीट कर.व त्याला डोंगर चढून यायला बळ दे,8,2026-03-14T05:21:11Z,2026-03-15T09:35:36.767387
UgxYP6M7x_OJCUh0jCt4AaABAg,pLNyLwjTnxU,@ShiuKanya,खुप छान आहे भाऊ,0,2026-03-15T03:46:38Z,2026-03-15T09:35:36.767387
Ugw9TCAHAX5VxKrOHbF4AaABAg,pLNyLwjTnxU,@sahdevkamble1013,अप्रतिम दादा आणि लेखणी कडक बॉस ❤❤,2,2026-03-13T12:44:26Z,2026-03-15T09:35:36.767387
UgyjCYxbqFCbEX_NvLd4AaABAg,pLNyLwjTnxU,@samadhanshendgemusic2662,🥺🥺 काय बोलू यार पपा शब्द नाहीत माझ्या कड लय रड़लो यार पपा खरंच अप्रतिम झालय गाण या वर्षीच हीट साँग आहे  🥺🥺🥺🥺🥺🥺🥺🥺,7,2026-03-14T06:26:52Z,2026-03-15T09:35:36.767387
UgzJDj9kkN_xthW3uit4AaABAg,pLNyLwjTnxU,@HelloTekina,अप्रतीम😢❤,1,2026-03-14T14:43:29Z,2026-03-15T09:35:36.767387
UgwGn8Cyn0QLAq8qZLt4AaABAg,pLNyLwjTnxU,@balasahebarjuneonly6325,गाणं आयकून मन प्रसन्न झाले 🙏👌,0,2026-03-14T18:11:35Z,2026-03-15T09:35:36.767387
UgxG9lfKUHLku8XoPZx4AaABAg,pLNyLwjTnxU,@Vighanharta_Film_Production,मन गहिवरून आलं..डोळे भरून आले... खूप गोड गायन,0,2026-03-15T03:51:25Z,2026-03-15T09:35:36.767387
UgzKFVx0BlrQCvyMuRd4AaABAg,pLNyLwjTnxU,@SINGERDIPAKPAWAR,❤❤❤ एकदम भावनीक विषय गीत गायन लयच भारी ❤❤❤,0,2026-03-15T01:16:49Z,2026-03-15T09:35:36.767387
UgxQYHEcviwA1be_cZp4AaABAg,pLNyLwjTnxU,@sandeshpatole3807,काय गाण आहे भाऊ डायरेक्ट काळजाला भिडल सकाळ पासून खूप वेळा ऐकल मी हे गाण खरचं खूप छान गाण गायले आणि मिवझिक पण खूप सुंदर आहे,0,2026-03-15T01:28:02Z,2026-03-15T09:35:36.767387
Ugx5_NEtYYJFt0KcVpF4AaABAg,hgYbfdjIG-A,@FlightYt4,Kon kon TheLoudDude Bhai Ki Video Ka Intzar Karta hai👇👇,13,2026-03-13T07:54:38Z,2026-03-15T09:35:38.268987
UgyzxN2rCWSw_xLin9x4AaABAg,hgYbfdjIG-A,@AnkurTahbildar,"🎉🎉🎉🎉🎉🎉❤❤❤❤❤ <a href=""https://www.youtube.com/watch?v=hgYbfdjIG-A&amp;t=21"">0:21</a>",1,2026-03-14T10:56:24Z,2026-03-15T09:35:38.268987
Ugy2_60yslQ1NKwGPuN4AaABAg,hgYbfdjIG-A,@Arunthakor-12,"<a href=""https://www.youtube.com/watch?v=hgYbfdjIG-A&amp;t=224"">3:44</a>  vo alag hi level ka banda tha 😂😂",6,2026-03-13T17:44:45Z,2026-03-15T09:35:38.268987
UgyEpPnavtNbM6LmMJt4AaABAg,hgYbfdjIG-A,@abhizx10r-n3s,🎉🎉,0,2026-03-14T16:07:58Z,2026-03-15T09:35:38.268987
UgxBAOkwgtT6V1iasdR4AaABAg,hgYbfdjIG-A,@FtsrdhcXtdhug,I miss the old video,0,2026-03-14T04:26:28Z,2026-03-15T09:35:38.268987
UgyxVDylpuUm8uHMFkt4AaABAg,hgYbfdjIG-A,@Creatoym,Please pin,1,2026-03-14T03:39:40Z,2026-03-15T09:35:38.268987
Ugw7reJtcat6lNfJEdh4AaABAg,hgYbfdjIG-A,@AfrozKharun,bhaiya face revel kar do,2,2026-03-14T07:26:18Z,2026-03-15T09:35:38.268987
UgyDdl7T40G1tlpuCf14AaABAg,hgYbfdjIG-A,@antrikshvalley5363,Face reveal,0,2026-03-14T20:30:16Z,2026-03-15T09:35:38.268987
UgwP-JpchE3xskCns6R4AaABAg,hgYbfdjIG-A,@Skshamil-d8u,Fast coment,3,2026-03-13T07:51:38Z,2026-03-15T09:35:38.268987
UgzbCAmFCFTVhOpQtNh4AaABAg,hgYbfdjIG-A,@slayder_xD,First pin,6,2026-03-13T07:51:31Z,2026-03-15T09:35:38.268987
Ugxz2NsQvr0Mc6h1eC94AaABAg,hgYbfdjIG-A,@Crazycricket-8pv,"<a href=""https://www.youtube.com/watch?v=hgYbfdjIG-A&amp;t=9"">0:09</a> shinchan 😂",1,2026-03-13T13:35:58Z,2026-03-15T09:35:38.268987
Ugzi8c5Y6neI3vAYT4h4AaABAg,hgYbfdjIG-A,@HavrrHavrrr,Pin big fan,2,2026-03-13T08:46:17Z,2026-03-15T09:35:38.268987
UgyUGsX30A9nQ4JYwvx4AaABAg,hgYbfdjIG-A,@Moeed-m6w,Frist comment,17,2026-03-13T07:51:24Z,2026-03-15T09:35:38.268987
Ugz-9UO9Q42YE_6vmpt4AaABAg,hgYbfdjIG-A,@harpalsingh1118,godzilla x kong season 2 episode 2😢😢😢,1,2026-03-14T10:06:53Z,2026-03-15T09:35:38.268987
UgzF9XMQaQF98faazFt4AaABAg,hgYbfdjIG-A,@KhagendraThapa-n9r,Op,1,2026-03-13T07:51:29Z,2026-03-15T09:35:38.268987
UgwqfUdCe6qenyM-A5B4AaABAg,hgYbfdjIG-A,@varsharani8614,May,2,2026-03-13T10:00:10Z,2026-03-15T09:35:38.268987
UgwVIesFPc3e0EYeVK94AaABAg,hgYbfdjIG-A,@SubashKumar-u4q2b,❤❤❤,1,2026-03-13T09:38:05Z,2026-03-15T09:35:38.268987
Ugwnxas5YbEb-aFss_t4AaABAg,hgYbfdjIG-A,@mdtarzanSarkar,Part 2 avengers,0,2026-03-13T14:51:56Z,2026-03-15T09:35:38.268987
Ugwt2K_uMgiEHDdpcWx4AaABAg,hgYbfdjIG-A,@AdarshKumar-zs4ew,FRIST COMMENT ❤❤❤,5,2026-03-13T07:52:38Z,2026-03-15T09:35:38.268987
UgwEbN2fpIjBg4jyBQZ4AaABAg,hgYbfdjIG-A,@glowandgrind_987,Franklin ❤❤❤,0,2026-03-13T08:23:33Z,2026-03-15T09:35:38.268987
Ugxv76czWC9d-vyNuL94AaABAg,jr4JX3Y12zQ,@HridayramHridayram-g8p,Aur jo bhi Kahana hoga to Hindi mein Kahana mujhe English mein nahin aata hai,10,2026-03-13T05:37:52Z,2026-03-15T09:35:39.773210
UgxXlvr6iDok4SQX7Kl4AaABAg,jr4JX3Y12zQ,@HimanshuKumar-f5w6j,Write sanjay ydovanshi ji,0,2026-03-14T19:54:09Z,2026-03-15T09:35:39.773210
Ugx8B_rRFmA6kP2RjM54AaABAg,jr4JX3Y12zQ,@SuilaSoniker,❤❤❤❤❤,1,2026-03-14T09:44:06Z,2026-03-15T09:35:39.773210
UgzQvTCZHveADFuuUFB4AaABAg,jr4JX3Y12zQ,@SuilaSoniker,Hi,1,2026-03-14T09:43:57Z,2026-03-15T09:35:39.773210
Ugwsf-QL-zDKZ9Beo_B4AaABAg,jr4JX3Y12zQ,@ShivaKumar-k5f1k,💯💯🙂❤️,1,2026-03-14T06:32:43Z,2026-03-15T09:35:39.773210
UgzdzcUf9aQYCpjFcGF4AaABAg,jr4JX3Y12zQ,@SAHIL444YT12,Kya song hai bhai very nice 💯🙂❤,11,2026-03-11T04:18:37Z,2026-03-15T09:35:39.773210
UgxHfxp25iquSiwgQ6F4AaABAg,jr4JX3Y12zQ,@Mr_Jittu_Challenge,Mai bhi gana aapne id par dalunga,8,2026-03-11T14:04:24Z,2026-03-15T09:35:39.773210
Ugym33AJTnKYfPm1ERx4AaABAg,jr4JX3Y12zQ,@SARITAYADAV-w8e3e,Babu hu mai,5,2026-03-13T10:07:41Z,2026-03-15T09:35:39.773210
Ugwyz7wZOMhVo6Ntbbl4AaABAg,jr4JX3Y12zQ,@Mr_Jittu_Challenge,Bhai,4,2026-03-11T14:03:37Z,2026-03-15T09:35:39.773210
UgyFnnVpDmoFZw9Gw4F4AaABAg,jr4JX3Y12zQ,@HridayramHridayram-g8p,Chandravanshi Tum jawab kyon Nahin de rahe ho,4,2026-03-13T05:41:06Z,2026-03-15T09:35:39.773210
UgzdjZdvGLSvEowfjSN4AaABAg,jr4JX3Y12zQ,@Mr_Jittu_Challenge,Bhai mujhe bhi bula lo gane me,7,2026-03-11T14:04:02Z,2026-03-15T09:35:39.773210
Ugzd1SMYPOiE4q0rteB4AaABAg,1p1jaU85omE,@justbeyou8477,Spoiler shield,361,2026-03-14T21:07:13Z,2026-03-15T09:35:41.273621
Ugz99N92PZ31fnzdoRB4AaABAg,1p1jaU85omE,@aaaaaaaaaaaaaaa..,So if PRX loses the first map... They&#39;re wining the series. Cuz that&#39;s how all their winning series have gone so far,117,2026-03-14T21:36:16Z,2026-03-15T09:35:41.273621
Ugzgu0r4tNwugsUyyp54AaABAg,1p1jaU85omE,@nyzipie,NS humbled EU then PRX owned NA pack it up,90,2026-03-14T21:40:13Z,2026-03-15T09:35:41.273621
UgyE_Wh2yRqJxFV3okJ4AaABAg,1p1jaU85omE,@smnrch,"Won vs NRG the first time, lost vs NRG the second time and now this... The debate who is better is finally settled after all",27,2026-03-14T21:48:45Z,2026-03-15T09:35:41.273621
UgxJG_tPIHC0qh0BXdl4AaABAg,1p1jaU85omE,@Zadin-w1v,"NA, EMEA and CN sit down….PACIFIC/APAC is truly the best region in VCT",41,2026-03-14T22:09:10Z,2026-03-15T09:35:41.273621
UgzVP70UOJ-4CsS67sV4AaABAg,1p1jaU85omE,@am_iCarmenSandiego,"imma leave this just in case <a href=""https://www.youtube.com/watch?v=1p1jaU85omE&amp;t=14779"">4:06:19</a>",46,2026-03-14T21:27:53Z,2026-03-15T09:35:41.273621
Ugxi1uMC_FR7EgraHFd4AaABAg,1p1jaU85omE,@masterfireworks1734,Yeah lets go! The Grand Finals will be exciting.,16,2026-03-14T21:36:54Z,2026-03-15T09:35:41.273621
UgyJ6zdZAooEE7lyqht4AaABAg,1p1jaU85omE,@enokinekohime,"Watch NA fans go &quot;Pacific has never won Champs&quot; like they always do. Anyway, Pacific grand finals here we gooo. NS and PRX finally meet",10,2026-03-14T23:00:16Z,2026-03-15T09:35:41.273621
UgzIdW5DZSqSlrAGYr14AaABAg,1p1jaU85omE,@husaynmusarraf9318,Omggg,1,2026-03-14T21:07:38Z,2026-03-15T09:35:41.273621
Ugwu7FNl2ikhVKBRw0J4AaABAg,1p1jaU85omE,@Ribbitsu,Thank goodness for the spoiler sheilds,0,2026-03-14T22:06:37Z,2026-03-15T09:35:41.273621
UgwOuBSZ8g-IHLeh1Z54AaABAg,1p1jaU85omE,@dnvrhlr,"Jinggg&#39;s Art of War: &quot;To confuse the enemy, you must confuse the entire stadium first.&quot;",5,2026-03-15T03:17:01Z,2026-03-15T09:35:41.273621
UgxeEkCSIrluQdMHcTh4AaABAg,1p1jaU85omE,@brobruh9028,"As a South East Asian, I have always been curious about American culture. Particularly their obsession for claiming that they have freedom. I was finding it hard to understand how different it is from the freedom I or any other autonomous and sovereign country has. After watching this match, I finally get it.<br><br><br><br>NA is just so fucking free!",26,2026-03-15T01:36:06Z,2026-03-15T09:35:41.273621
UgwYVCaajrUkxQPC6Ct4AaABAg,1p1jaU85omE,@ejam4trexa,"<a href=""https://www.youtube.com/watch?v=1p1jaU85omE&amp;t=15712"">4:21:52</a> jing smoke 😂😭😭🤣",0,2026-03-15T03:10:46Z,2026-03-15T09:35:41.273621
UgyKmhOu_nF4W4y7gIJ4AaABAg,1p1jaU85omE,@みーにゃ-d4l,"好きなシーン<br><a href=""https://www.youtube.com/watch?v=1p1jaU85omE&amp;t=13167"">3:39:27</a><br><a href=""https://www.youtube.com/watch?v=1p1jaU85omE&amp;t=13490"">3:44:50</a>***",1,2026-03-14T22:55:45Z,2026-03-15T09:35:41.273621
UgwWAJJCljZZQzMyNSJ4AaABAg,1p1jaU85omE,@ipoza,"<a href=""https://www.youtube.com/watch?v=1p1jaU85omE&amp;t=15715"">4:21:55</a> smoke of the century",0,2026-03-15T03:04:48Z,2026-03-15T09:35:41.273621
UgzDHRM9Ddnj_zO7aLd4AaABAg,1p1jaU85omE,@Ithiilien,Always nice to notice how Pansy slowly dies inside when NA teams lose,14,2026-03-14T21:25:00Z,2026-03-15T09:35:41.273621
UgzP_ZlzqNqZnppLQwh4AaABAg,1p1jaU85omE,@Omaga-zs8lf,gg PRX nt nrg,3,2026-03-14T21:17:41Z,2026-03-15T09:35:41.273621
Ugwz6BrMXs2WRe67ZuJ4AaABAg,1p1jaU85omE,@Alexanderryder-d8t,come on prx,0,2026-03-15T02:16:20Z,2026-03-15T09:35:41.273621
UgwoOx1Dt7XvnVKK0RV4AaABAg,1p1jaU85omE,@user-gr3rt7ci6m,Who says apac is not good?,2,2026-03-15T02:28:06Z,2026-03-15T09:35:41.273621
Ugzhmqarx5KgZ8VOJcJ4AaABAg,1p1jaU85omE,@nerdsearch4329,I picked that PRX v NRG would be in the Upper finals not lower,0,2026-03-15T02:01:21Z,2026-03-15T09:35:41.273621
UgyK4PSs7T5mjXTNCQ54AaABAg,-deXMxYNZT0,@RaviShankarRajput-q2c,Very nice Song ❤️,3,2026-03-13T13:38:48Z,2026-03-15T09:35:42.381114
UgzEy4hfa9B252RsUkh4AaABAg,-deXMxYNZT0,@FauranSingh-m5v,❤❤❤❤❤😂😂,0,2026-03-14T17:00:06Z,2026-03-15T09:35:42.381114
Ugwxhrlvs6tZMwNOMWR4AaABAg,-deXMxYNZT0,@kashyap_526,Best song😊,3,2026-03-13T11:41:58Z,2026-03-15T09:35:42.381114
UgyOgX6xV8_44aHDVBJ4AaABAg,-deXMxYNZT0,@FirozSheikh-w1f,❤❤❤❤❤❤❤❤❤,1,2026-03-13T15:40:57Z,2026-03-15T09:35:42.381114
UgyGjKnejFykS7fHCLZ4AaABAg,-deXMxYNZT0,@NehaChandel-g6j4s,Best song 🎉🎉🎉🎉,2,2026-03-13T11:24:06Z,2026-03-15T09:35:42.381114
Ugxzz0LHKoItQ0GDEoB4AaABAg,-deXMxYNZT0,@FirozSheikh-w1f,❤❤❤❤❤❤❤❤❤❤😂❤❤❤❤❤❤❤,1,2026-03-13T15:41:22Z,2026-03-15T09:35:42.381114
Ugw-HgC6Y4jYvz70WEZ4AaABAg,IqicSKZ32fQ,@Sadik-n1x7d,😭😭😭😭😭😭😭😭😭😭,1,2026-03-14T19:20:57Z,2026-03-15T09:35:43.588848
UgyEOWBHops2HT9kCRp4AaABAg,IqicSKZ32fQ,@Sadik-n1x7d,Sameer,0,2026-03-14T19:21:30Z,2026-03-15T09:35:43.588848
UgwnW9gtrMGQ1y_ACZN4AaABAg,68Lv7206qMk,@ramajibhovani1391,❤❤❤❤❤🎉🎉🎉🎉🎉❤❤❤❤❤😅,7,2026-03-07T09:44:51Z,2026-03-15T09:35:44.698635
UgyeH9nGAQ4WcM1v9i54AaABAg,68Lv7206qMk,@chetram6015,Great❤❤,1,2026-03-14T17:34:55Z,2026-03-15T09:35:44.698635
UgxJLbjzr13RbLmv4Et4AaABAg,68Lv7206qMk,@digambarpatil8588,ब हुतहीखुबसुतगाणेआहेत,3,2026-03-09T10:36:04Z,2026-03-15T09:35:44.698635
UgwanfaQj61JHzkEZ7V4AaABAg,68Lv7206qMk,@SanjayPandit-t7s,😊😊😊😊,1,2026-03-12T09:26:55Z,2026-03-15T09:35:44.698635
UgxBWFgDW1Sd7QvAdah4AaABAg,68Lv7206qMk,@AjayKumar-sv7mt,Ye golden era time tha indian music ka gajab voice gajb geetkar gajab musition,7,2026-03-14T11:11:46Z,2026-03-15T09:35:44.698635
UgynvMYxLsPCaamUMDF4AaABAg,68Lv7206qMk,@babalupoddar3626,Song is🎉🎉,4,2026-03-08T04:41:13Z,2026-03-15T09:35:44.698635
UgxCblxitz4-BduSTqt4AaABAg,68Lv7206qMk,@jamunadasgujrati666,Super 👌 song 🎵,12,2026-03-07T11:28:09Z,2026-03-15T09:35:44.698635
Ugy5ERiMU4zAFrhG9i14AaABAg,68Lv7206qMk,@ShambhuPandit-e31,Bahut badhiya hai gana ❤🎉,12,2026-03-13T13:01:13Z,2026-03-15T09:35:44.698635
UgxZmbPrrqjrzGuDdr14AaABAg,68Lv7206qMk,@nanduawasare5773,Gane suno aur bachpan ki chawl ki jindgi yad aati hai,7,2026-03-14T02:15:41Z,2026-03-15T09:35:44.698635
UgytVrF922JihB3h4Vh4AaABAg,68Lv7206qMk,@amolsurwase2958,.                                                                   😊,4,2026-03-13T05:13:51Z,2026-03-15T09:35:44.698635
UgwVZBxuIaVbsJy38gd4AaABAg,68Lv7206qMk,@ayush__yadav__1617,Nice,3,2026-03-12T19:35:10Z,2026-03-15T09:35:44.698635
Ugw5dTXPRYT6db_Fs894AaABAg,8b5EXP7xyJo,@GAMETHERAPISTYT,Hai guys ❤,117,2026-03-13T13:23:39Z,2026-03-15T09:35:50.427382
UgyJMdNMmfa9JRXrCgV4AaABAg,8b5EXP7xyJo,@Tylent11,Resident evil wait cheytha njan aarayi😢😢,15,2026-03-13T14:48:38Z,2026-03-15T09:35:50.427382
Ugx7rsy-6H4d-B-vMnZ4AaABAg,8b5EXP7xyJo,@Ramla-o6t,Resident evil part 3 yeppol varum bro I am waiting 🎉,19,2026-03-13T14:27:39Z,2026-03-15T09:35:50.427382
UgwlhSvzWoNr7H5NlCN4AaABAg,8b5EXP7xyJo,@rajireji6275,GT resident evil part 3 🙏🏻,34,2026-03-13T18:48:18Z,2026-03-15T09:35:50.427382
Ugx5_bWcOInxSCEdUn94AaABAg,8b5EXP7xyJo,@DhanishDhinu,Bro residen evil kalikk 😢 ath indresting anuu,13,2026-03-13T14:28:38Z,2026-03-15T09:35:50.427382
Ugzu2H0516pBKt8mN5F4AaABAg,8b5EXP7xyJo,@jeronjereena6368,Bro granny haunted forest കളിക്കാവോ. Please❤️❤️❤️❤️❤️,2,2026-03-13T13:22:04Z,2026-03-15T09:35:50.427382
UgyHgUlbuqvNnwF87Ah4AaABAg,8b5EXP7xyJo,@Anshiva-e8d,Fairy tale horror kalikko,0,2026-03-14T13:10:42Z,2026-03-15T09:35:50.427382
Ugw5nYQ4WA9S9pHg9Cl4AaABAg,8b5EXP7xyJo,@jissajinosh3019,chetta GTA V  ൽ Shinchan.കൊണ്ടുവരുമോ,0,2026-03-14T10:02:06Z,2026-03-15T09:35:50.427382
Ugxp_mbXqdIaprzU3Y14AaABAg,8b5EXP7xyJo,@calvi.in4k,Game of thrones kingsroad kalliko,0,2026-03-15T03:05:31Z,2026-03-15T09:35:50.427382
UgwLDXnDPxQb7SIPMY14AaABAg,8b5EXP7xyJo,@suzimii,Gt pls do ice scream 4 to 8 ep plsssss❤😢,0,2026-03-14T09:45:11Z,2026-03-15T09:35:50.427382
UgxjwujOlK6TjHcU4rB4AaABAg,8b5EXP7xyJo,@Zoro-p9j1n,I am watching you for 2 years,1,2026-03-13T13:21:30Z,2026-03-15T09:35:50.427382
UgzAhjlJZEuvZQuSsxl4AaABAg,8b5EXP7xyJo,@RasheedhaRazaack,🎉🎉🎉🎉🎉🎉🎉🎉🎉🎉🎉🎉🎉🎉🎉🎉🎉🎉🎉🎉🎉🎉🎉🎉,0,2026-03-13T13:17:44Z,2026-03-15T09:35:50.427382
Ugz-FrXNKagU88zOikV4AaABAg,8b5EXP7xyJo,@Zoro-p9j1n,Bro Minecraft edu,1,2026-03-13T13:20:56Z,2026-03-15T09:35:50.427382
Ugy4cPjzYrNMZIl-9qp4AaABAg,8b5EXP7xyJo,@vijayalekshmi.s,4 th. Bri reply tharuvo,5,2026-03-13T13:18:03Z,2026-03-15T09:35:50.427382
UgzaGmp6JdKr4500qi14AaABAg,8b5EXP7xyJo,@Titen1M,Im still waiting for Resident evil 😅 Swathishh brooo plz playyyu,0,2026-03-14T13:39:46Z,2026-03-15T09:35:50.427382
UgwrYiWsosjHpGYQpXB4AaABAg,8b5EXP7xyJo,@yt.for.new.things,Iam first old suber,3,2026-03-13T13:17:55Z,2026-03-15T09:35:50.427382
Ugy_1YiggH4WURb-ngt4AaABAg,8b5EXP7xyJo,@sujithasundaran4077,Which game is next?,1,2026-03-13T13:21:44Z,2026-03-15T09:35:50.427382
Ugznp-0DvZxs-nA5ziV4AaABAg,8b5EXP7xyJo,@HEROIZ.27,So good video ❤️❤🎉,1,2026-03-13T13:20:25Z,2026-03-15T09:35:50.427382
Ugy47R7XNKHAFWm9Nbh4AaABAg,8b5EXP7xyJo,@hastageditzz,"<a href=""https://www.youtube.com/watch?v=8b5EXP7xyJo&amp;t=174"">2:54</a> your allready a celebrity ❤❤❤🎉🎉🎉",4,2026-03-13T13:27:12Z,2026-03-15T09:35:50.427382
UgxDFqJwDn_wxDSdIXd4AaABAg,8b5EXP7xyJo,@Skyler-y4w,Bro resident evil part 3 avidey 😮,4,2026-03-13T13:35:19Z,2026-03-15T09:35:50.427382
UgymdYS-fcZriHeGKD94AaABAg,VKRHvqDvUDI,@pankajrana-ju8ky,Instagram se aya hu mai,0,2026-03-15T02:35:30Z,2026-03-15T09:35:50.842504
UgyLRnwkd-cAMIrd4Z94AaABAg,VKRHvqDvUDI,@PoonamSingh-kd9ut,❤❤🎉🎉,0,2026-03-15T03:09:50Z,2026-03-15T09:35:50.842504
Ugwr1_CBg3ji_nuJJxx4AaABAg,VKRHvqDvUDI,@VijamaBind,Google ne bta Diya hai ki paracetamol le lo 😂😂😂😂😂😂,12,2026-03-12T08:49:21Z,2026-03-15T09:35:50.842504
UgxK9tszn2asx8YhCIN4AaABAg,VKRHvqDvUDI,@GfBf-np5qr,Mujhe ye song bhout psand hai,1,2026-03-15T02:16:01Z,2026-03-15T09:35:50.842504
UgyMHX5FwptSR_fgPj54AaABAg,VKRHvqDvUDI,@radhikayadav123fys,1 song thukara ke Mera pyar par bhi banvao bhaiya jii 🙏🏻,2,2026-03-14T09:42:20Z,2026-03-15T09:35:50.842504
UgwqXBn6yvFepiIBqSB4AaABAg,VKRHvqDvUDI,@SMARTSHANKARGKP,Trending me jayega ye song,1,2026-03-14T12:42:57Z,2026-03-15T09:35:50.842504
UgzFWHNHVo1ZXNdYdRZ4AaABAg,VKRHvqDvUDI,@sonam__XY90,"Opioid , cocain ya heroin le le khush rahega😂😂",2,2026-03-14T10:21:17Z,2026-03-15T09:35:50.842504
UgzMUl95vY85mb_Q8bh4AaABAg,VKRHvqDvUDI,@MadanLal-i9x6c,Naye jamane ka song very beautiful,1,2026-03-14T10:17:06Z,2026-03-15T09:35:50.842504
Ugy4kb-0HXakm_KISRt4AaABAg,VKRHvqDvUDI,@ChandanGoswami-vf4fd,Google ka bab bhi nahi Bata sakta khus rahne ki dwai,2,2026-03-13T15:51:55Z,2026-03-15T09:35:50.842504
Ugyfcuypv0VEhnlZ9L94AaABAg,VKRHvqDvUDI,@ShantiDevi-fu7lo,Goole kya uaska par Dada bhi nhi bata sakta khush hone ki dawo,2,2026-03-13T15:59:07Z,2026-03-15T09:35:50.842504
UgyVoIcAcCxf-5hz_pF4AaABAg,VKRHvqDvUDI,@Upsachin001,Nice bhai🎉,0,2026-03-14T21:03:23Z,2026-03-15T09:35:50.842504
Ugz0swpAlsdJ5sXlgaB4AaABAg,VKRHvqDvUDI,@RadheSyamBabaRSB,Jay Shree SitaRamRam Jay Jay Shree RadheSyam Jay,6,2026-03-10T06:28:35Z,2026-03-15T09:35:50.842504
UgwAK0mWgTL4hxv_c9p4AaABAg,VKRHvqDvUDI,@pradeepprajapati9255,Laughing gas liya bhai,1,2026-03-14T16:16:59Z,2026-03-15T09:35:50.842504
Ugz-MseLmlCKyDNT1wJ4AaABAg,VKRHvqDvUDI,@sahdevsinhjadeja7959,Nice,0,2026-03-14T06:34:38Z,2026-03-15T09:35:50.842504
UgxTs_U30APc7lWXyFR4AaABAg,VKRHvqDvUDI,@NaruanDas,❤❤❤❤❤❤❤❤❤❤❤❤❤😀😀😀😀😀😀😀😀,0,2026-03-14T04:21:58Z,2026-03-15T09:35:50.842504
UgwJjt-alKSQJqnuTdt4AaABAg,VKRHvqDvUDI,@RavindraRavindra-p3e,Arya,0,2026-03-14T09:53:08Z,2026-03-15T09:35:50.842504
UgxsWuWd_7WvqKtwR9p4AaABAg,VKRHvqDvUDI,@akashvermax2,Hi,10,2026-03-04T11:40:53Z,2026-03-15T09:35:50.842504
Ugy-o9CnkDqUC9fvRa14AaABAg,VKRHvqDvUDI,@Stylish_Students_90s,Kuch bhi kaho sunne me vibe to aata h ❤😂,6,2026-03-12T15:42:38Z,2026-03-15T09:35:50.842504
UgwpCqQs4typChxPc194AaABAg,VKRHvqDvUDI,@UPPSCPKUMAR,"किस - किस को तेरी यादों की चादर ओढ़े, आवाज याद आई ?",3,2026-03-12T07:15:48Z,2026-03-15T09:35:50.842504
UgyaDYaikhITXjH1RpR4AaABAg,VKRHvqDvUDI,@AkpAkp-k6f,पव्वा,0,2026-03-14T12:35:38Z,2026-03-15T09:35:50.842504
UgzAO8xFAW0-YplEp_54AaABAg,13kxSCpDHkQ,@RB_GOST_YT04,AAJ PTA CHALA COMMNET PE 3 BAR TAP KRNE LIKE HOTA HAI,1230,2026-03-13T04:32:06Z,2026-03-15T09:35:54.735729
UgyRiCv6iofaQ1HZ4DZ4AaABAg,13kxSCpDHkQ,@lost-for-ever1,"Kis kis na yaha Uper ki traf tommy ko dekha? <a href=""https://www.youtube.com/watch?v=13kxSCpDHkQ&amp;t=1668"">27:48</a>",85,2026-03-13T14:24:22Z,2026-03-15T09:35:54.735729
UgwuWTd8_aTgITql0NB4AaABAg,13kxSCpDHkQ,@SAMARTH-i2g,"<a href=""https://www.youtube.com/watch?v=13kxSCpDHkQ&amp;t=1600"">26:40</a> pe Tommy vercity dekha lester ke base par 😮😮",350,2026-03-13T06:51:57Z,2026-03-15T09:35:54.735729
UgxSv_WYQoeqcbQGKFN4AaABAg,13kxSCpDHkQ,@KrishnaVirmotar,Next episode jaldi<br>Buton<br>👇🏻,56,2026-03-13T09:21:35Z,2026-03-15T09:35:54.735729
Ugy6jVwD2C9oofxcJVZ4AaABAg,13kxSCpDHkQ,@rida802,Vote for Chhota Michael👶🏻,538,2026-03-12T07:33:54Z,2026-03-15T09:35:54.735729
Ugw7bb_QZq3mPT84YXh4AaABAg,13kxSCpDHkQ,@roohiroohi6201,Vote for mikal mafia 🙋<br>👇🏻,1,2026-03-13T10:50:45Z,2026-03-15T09:35:54.735729
Ugyfun_j2inrPu-oMXt4AaABAg,13kxSCpDHkQ,@anime_dubbing_official-0,Dattrax bhai Kawasaki H2R ko khudke liye rakho aur normal flying bikes ko becho.. ✨🤌🏻,105,2026-03-13T06:03:17Z,2026-03-15T09:35:54.735729
Ugxbsa10AOSuLCRKGh54AaABAg,13kxSCpDHkQ,@IamAy09,Vote for Michael go to gym and became a body builder,0,2026-03-14T18:57:57Z,2026-03-15T09:35:54.735729
UgyGsGHN3_rQZhz0Qmh4AaABAg,13kxSCpDHkQ,@og-gamerz-yt434,Vote for chota Michel 😂,248,2026-03-13T05:32:12Z,2026-03-15T09:35:54.735729
Ugxk_M1LKQ579F-mR8B4AaABAg,13kxSCpDHkQ,@memebaba8265,Lester ke base me tommy kis kis ne dekha ?,2,2026-03-14T15:32:29Z,2026-03-15T09:35:54.735729
UgzY8upLJTh_ftqPq-t4AaABAg,13kxSCpDHkQ,@yashpareek229.,CJ and Tommy ka matter hoga ab michel se or Lester tommy or cj ke sath rahega Michel ko Dhoka dega kisko kisko mari tarah ye lag raha h .,165,2026-03-10T15:05:01Z,2026-03-15T09:35:54.735729
UgyJabubrcOcYwrqykR4AaABAg,13kxSCpDHkQ,@AMIRBaloch-v3m,Sons of the forest gamepaly please please please please please please please please please please,0,2026-03-13T10:25:51Z,2026-03-15T09:35:54.735729
UgxwK51YTqDNNthLyrZ4AaABAg,13kxSCpDHkQ,@IokeshKumargurjarLokesh.gurjar,"Bhai roj gta video le aaya kar❤ <a href=""https://www.youtube.com/watch?v=13kxSCpDHkQ&amp;t=34"">0:34</a>",46,2026-03-13T04:30:51Z,2026-03-15T09:35:54.735729
Ugzqis44qnD3QpQ0Li14AaABAg,13kxSCpDHkQ,@fitnessmonu05,Gta 5 ki video to techno gamerz ki me hi mja aata hai,0,2026-03-13T17:14:27Z,2026-03-15T09:35:54.735729
UgyGIxpFUWZ1YzpkF8B4AaABAg,13kxSCpDHkQ,@unknown-zf4,"<a href=""https://www.youtube.com/watch?v=13kxSCpDHkQ&amp;t=1668"">27:48</a> pe jao our uper dekho tommy tha",77,2026-03-13T06:51:36Z,2026-03-15T09:35:54.735729
UgxeyOC1tnja8IzxZ494AaABAg,13kxSCpDHkQ,@Blackgamer_13,Vote for Chota Michale mission with u❤,0,2026-03-14T11:31:08Z,2026-03-15T09:35:54.735729
UgwtUTcafKLKxIkSvOp4AaABAg,13kxSCpDHkQ,@RB_GOST_YT04,KON KON TECHNO GAMERZ KI VEDIO DEKH KAR AAYA HAI,19,2026-03-13T04:32:26Z,2026-03-15T09:35:54.735729
UgwhPizoqeSxcYs0leV4AaABAg,13kxSCpDHkQ,@Mr.Dipu_Arts,Bhai esi or banao or flying car banao un dono ko beco 😊 please,0,2026-03-14T04:52:55Z,2026-03-15T09:35:54.735729
UgxpTrlDe_zp9g5O7_54AaABAg,13kxSCpDHkQ,@ISHAAN-GAMER_04,in laster beas there is Tommy whan you remove pradizent car,0,2026-03-13T10:11:55Z,2026-03-15T09:35:54.735729
UgxljFb_bPdLQ6plQ1F4AaABAg,13kxSCpDHkQ,@thedarkside2444,"<a href=""https://www.youtube.com/watch?v=13kxSCpDHkQ&amp;t=1667"">27:47</a> and <a href=""https://www.youtube.com/watch?v=13kxSCpDHkQ&amp;t=1600"">26:40</a><br>Tommy is here..<br>Lester sala dhoka de raha h tommy ko😢<br>Ye series bht jyada insane hone wali h",56,2026-03-10T19:00:40Z,2026-03-15T09:35:54.735729
Ugyh86w2fyfS9WmnP4V4AaABAg,sCuLojys0n4,@2291Recorders,Tegi pannu di album bi suno vdiaa aa 😢❤,46,2026-03-13T12:21:47Z,2026-03-15T09:35:58.464669
UgwNLIPgaFOHJqq0iG54AaABAg,sCuLojys0n4,@MumbaiSafari-k1j,Literally 1 million views in 2 hours 🔥🔥🔥,65,2026-03-13T13:38:57Z,2026-03-15T09:35:58.464669
Ugx0vdGMa4XSkSB4S054AaABAg,sCuLojys0n4,@RanveerSingh2299-rs,Watan sahi 🦅❌ watan tabahi🌪️☑️,23,2026-03-13T14:02:44Z,2026-03-15T09:35:58.464669
Ugz7DWH7HI06zgz0tud4AaABAg,sCuLojys0n4,@manpreetkour9658,Sidhu bai de the last ride song de vibe aaunde hai jadon gone ton baad watan sahi bai hek launda hai,5,2026-03-14T03:37:09Z,2026-03-15T09:35:58.464669
UgyE1y632losf-n2AIV4AaABAg,sCuLojys0n4,@RanjitPb03,ਅੱਜ ਦੀ ਘੜੀ ਤਾ ਸਾਹੀ ਚੱਲਦਾ ❤ ਸਿਰਾ babe 😅,3,2026-03-14T02:04:05Z,2026-03-15T09:35:58.464669
UgzzQF5deqAGFKG5tbZ4AaABAg,sCuLojys0n4,@84_gurnoor,100 Million In This Month 🚀 ਨੀ ਤੇਰਾ ਸਾਹੀ ਤਾਂ 💎,17,2026-03-13T12:52:40Z,2026-03-15T09:35:58.464669
UgzpSL9NUvH5XcMZcKh4AaABAg,sCuLojys0n4,@84_gurnoor,"<a href=""https://www.youtube.com/watch?v=sCuLojys0n4&amp;t=59"">0:59</a> ਮੱਚਦੇ 😅ਹੀ ਰਹਿੰਦੇ ਆ 💥ਤਾਰੀਫ਼ ਕਿੱਥੋਂ ਕਰਨੀ 🚀⛳️Sahi On Top🔝 ✅",14,2026-03-13T13:18:12Z,2026-03-15T09:35:58.464669
UgyxtcEB2N5h79HFT-J4AaABAg,sCuLojys0n4,@84_gurnoor,ਨੀ ਸਾਹੀ ਐਸ਼ ਕਰਾਦੂ ਗਾ 🧿ਮੋਟੇ ਪੈਸੇ💵 ਰੱਖੇ ਜੋੜ ਕੇ ❤️‍🔥 Watan Sahi Always Top 🔝🦾✅,7,2026-03-13T12:53:31Z,2026-03-15T09:35:58.464669
UgyleBwY-ApHjnughl14AaABAg,sCuLojys0n4,@syckitx6503,It&#39;s a masterpiece song watan bro. I really love it.,1,2026-03-14T13:28:41Z,2026-03-15T09:35:58.464669
UgwxVFc9a3USIm32O654AaABAg,sCuLojys0n4,@Sial332Sial-x1s,Bohat sohna kam kita dill tu sulute kich ke bai nu full support kro good luck bro,4,2026-03-13T15:34:07Z,2026-03-15T09:35:58.464669
UgzuIT8kGsaPzxnRDux4AaABAg,sCuLojys0n4,@84_gurnoor,ਆਖਦੇ ਹੁੰਦੇ ਸੀ ਸਾਹੀ ਤੂੰ ਨਹੀਂ ਚੱਲਦਾ 😐ਚੰਗਾ ਹੋਇਆ ਉਹਨਾਂ ਦੇ ਵੀ ਸ਼ੱਕ ਨਿਕਲੇ 💥 ਨੀ ਤੇਰਾ ਸਾਹੀ ਤਾਂ 🚀,13,2026-03-13T12:52:55Z,2026-03-15T09:35:58.464669
UgxRjIwlBhtAF-fRtG14AaABAg,sCuLojys0n4,@GurjinderSingh-e2r,❤❤❤❤ watan sahi always on top,7,2026-03-13T10:58:33Z,2026-03-15T09:35:58.464669
Ugw1FNzF-h-pQ-5kQV14AaABAg,sCuLojys0n4,@HjsPro90,"<a href=""https://www.youtube.com/watch?v=sCuLojys0n4&amp;t=82"">1:22</a> another illuminati one certified",11,2026-03-13T16:32:43Z,2026-03-15T09:35:58.464669
Ugw1V4xXe4umeuvpmwt4AaABAg,sCuLojys0n4,@AnketExtrasOP,waan tabhi on 🔝 🔝,0,2026-03-15T03:55:33Z,2026-03-15T09:35:58.464669
UgwVdqYkH4i726MZ9I94AaABAg,sCuLojys0n4,@KarnailLikhari-kg2bp,Mull ta crora vich 3 Tak kya baat aa sahi jaan 🤘🥰,1,2026-03-14T16:32:35Z,2026-03-15T09:35:58.464669
UgzLgb9Uup2qp04dD2R4AaABAg,sCuLojys0n4,@manpreetkour9658,Song dhiaan naal suno Sidhu bai de mathi mathi avaj hek vich aundi hai,3,2026-03-14T03:38:57Z,2026-03-15T09:35:58.464669
UgyUTq30pJmCNxAnuDB4AaABAg,sCuLojys0n4,@AfanRiyaz,"<a href=""https://www.youtube.com/watch?v=sCuLojys0n4&amp;t=82"">1:22</a> confirmed illuminati",11,2026-03-13T11:18:18Z,2026-03-15T09:35:58.464669
UgweyvZ6lG2vSRdfmup4AaABAg,sCuLojys0n4,@HA7XCR7,fire  tai fire 😈,0,2026-03-14T19:08:59Z,2026-03-15T09:35:58.464669
UgzAI_iuRWQl9rYjXAx4AaABAg,sCuLojys0n4,@jashanart427,Dino din agg e launda aunda chobber❤💥,0,2026-03-15T02:05:47Z,2026-03-15T09:35:58.464669
Ugxu0Tg0mhiuJ-6FdBh4AaABAg,sCuLojys0n4,@Deep_Pb78,ਤੇਰਾ ਸ਼ਾਹੀ ਤਾਂ... 🔥📈,2,2026-03-13T16:41:38Z,2026-03-15T09:35:58.464669
UgyPyNoPRnHFHuPTmcd4AaABAg,4nU9DqNCatI,@Nooblox-YT,"Can we hit 10000 Likes gooys 😄<br>Please follow me on Instagram: <a href=""https://www.instagram.com/noobmasterwastaken"">https://www.instagram.com/noobmasterwastaken</a>",27,2026-03-13T08:00:28Z,2026-03-15T09:36:03.156152
UgyvLNR2i7Eh1u0nTd94AaABAg,4nU9DqNCatI,@Xoroxblade,"<a href=""https://www.youtube.com/watch?v=4nU9DqNCatI&amp;t=339"">5:39</a> Noooooo 67😂😂❤",18,2026-03-13T09:37:46Z,2026-03-15T09:36:03.156152
UgwaqV6KaUA_gj2sOSx4AaABAg,4nU9DqNCatI,@ZORO-edt-f9p,Bro plz blox fruit kalikkamo for progress,3,2026-03-14T15:36:28Z,2026-03-15T09:36:03.156152
UgxaFvlz1RnHRjh25kN4AaABAg,4nU9DqNCatI,@bskzenex,"<a href=""https://www.youtube.com/watch?v=4nU9DqNCatI&amp;t=980"">16:20</a> pavam dude sir gaming 😂",10,2026-03-13T10:03:23Z,2026-03-15T09:36:03.156152
UgzsoHKM2aFMzKaL-Ud4AaABAg,4nU9DqNCatI,@farsanach1935,Blox fruit kali,16,2026-03-13T09:31:19Z,2026-03-15T09:36:03.156152
UgwTJck5GLc_j9eDs7J4AaABAg,4nU9DqNCatI,@AnuSabastian,Noobi make your own game plz plz plz plz,8,2026-03-13T10:46:19Z,2026-03-15T09:36:03.156152
Ugz0bKyv4OGy_ycUDJJ4AaABAg,4nU9DqNCatI,@LAPTER-b6s,"<a href=""https://www.youtube.com/watch?v=4nU9DqNCatI&amp;t=456"">7:36</a> bro e-girl is not what you think why did you choose it😂",2,2026-03-14T08:07:26Z,2026-03-15T09:36:03.156152
UgwU3vnumSNivND_o-J4AaABAg,4nU9DqNCatI,@Saritha-td6pl,Bro blox fruit part 2 ഇടോ,1,2026-03-13T13:22:05Z,2026-03-15T09:36:03.156152
Ugx1tp-9vsCjTmOIkmt4AaABAg,4nU9DqNCatI,@srdataline5838,Noobie abutha game atha❤❤❤😊😊😊🎉🎉🎉😅😅,2,2026-03-13T10:12:12Z,2026-03-15T09:36:03.156152
Ugw9o18tV1VxI4YrrEx4AaABAg,4nU9DqNCatI,@ALWI4267REAL,bro blox fruits continue chi bro,1,2026-03-13T15:30:04Z,2026-03-15T09:36:03.156152
Ugz6bE-HPgKOCmOHzZJ4AaABAg,4nU9DqNCatI,@Franklingamingyt3671,Ennitu noobide character bacin aanallo,1,2026-03-13T12:03:02Z,2026-03-15T09:36:03.156152
Ugz_FEiaO3__wyCFBQZ4AaABAg,4nU9DqNCatI,@bibin00,Blox fruits kalii bro,1,2026-03-13T12:42:26Z,2026-03-15T09:36:03.156152
UgwpwDhoa_GENpyDI0d4AaABAg,4nU9DqNCatI,@OmanIbra-v6h,99 nights in the forest new update kalikamo please bro😮,2,2026-03-13T10:23:26Z,2026-03-15T09:36:03.156152
UgzCrCHGLtepbgIQmQJ4AaABAg,4nU9DqNCatI,@MuhammedArippayil-w6p,Please play fun obby with parks,0,2026-03-14T08:40:12Z,2026-03-15T09:36:03.156152
Ugyjie6ylYSfjmWoi_N4AaABAg,4nU9DqNCatI,@RajuttmRaju,Bro family is more important than 67,2,2026-03-13T10:09:24Z,2026-03-15T09:36:03.156152
UgxOIMPSRI1ajMVyjGp4AaABAg,4nU9DqNCatI,@anoopnew2883,E channel 1 million adikum  promise,0,2026-03-14T16:18:09Z,2026-03-15T09:36:03.156152
UgyArLRUDjAPoLX1NdV4AaABAg,4nU9DqNCatI,@souravvlogstar1,Bro knockout for brainrot play please,2,2026-03-13T09:41:58Z,2026-03-15T09:36:03.156152
Ugw-EML2JCzxw7OSkeJ4AaABAg,4nU9DqNCatI,@FAKE_mc-z3i,Bro div for brainrots കളി.,1,2026-03-15T02:28:59Z,2026-03-15T09:36:03.156152
UgyBWoIscZthePeQvzF4AaABAg,4nU9DqNCatI,@krishnakumarnair4694,escape tsunami modded kalikamo,0,2026-03-14T07:54:19Z,2026-03-15T09:36:03.156152
Ugwc36MJ0VbyjJosN1p4AaABAg,4nU9DqNCatI,@AaravSr-x1i,Noobi bro blox fruit kali,2,2026-03-13T09:36:44Z,2026-03-15T09:36:03.156152
UgxBL8BULQPWntEas-Z4AaABAg,0EfKv6VIHBM,@BkRaj-z7n,Jai shree laxmi narayan ji ki jai ho Raksha karo prabhu ji meri mere garbh ki raksha karo prabhu ji mujhe putra dedo prabhu ji,3,2026-03-15T02:36:23Z,2026-03-15T09:36:04.778892
UgxrblidYhN88o6XI7R4AaABAg,0EfKv6VIHBM,@SumanSingh-g5l7i,जय श्री राधे कृष्णा जी 🚩🚩🚩🙏🙏,1,2026-03-15T02:04:12Z,2026-03-15T09:36:04.778892
Ugx8vE2_HXrpS1OrAkh4AaABAg,0EfKv6VIHBM,@sivparvati-143,🕉️जय श्री कृष्णा राधे राधे 🙏🙏🌺🌺🌹🌹❤❤ ॐ नमो भगवते वासुदेवायः 🙏🙏🌺🌺🌹🌹❤️❤,0,2026-03-15T03:51:04Z,2026-03-15T09:36:04.778892
UgyXUXsegvvZ-0blNLN4AaABAg,0EfKv6VIHBM,@Priyanka81878,Jai ho prabhu ji 🥰🌹❤️🙏,1,2026-03-15T02:31:23Z,2026-03-15T09:36:04.778892
UgzeL2wmrtp4Tn5S9gB4AaABAg,0EfKv6VIHBM,@DileepKumar-ix5gw,जय क्षीं राधे कृष्णा राधे कृष्णा 🙏🙏🙏🙏,2,2026-03-15T02:14:23Z,2026-03-15T09:36:04.778892
Ugzl-S_e7__RzXjgW6t4AaABAg,0EfKv6VIHBM,@chhagangulshan6336,Jay Vishnu bhagwan 🎉🎉🎉,0,2026-03-15T02:34:54Z,2026-03-15T09:36:04.778892
UgzsEU4lnqBUyWJebBZ4AaABAg,0EfKv6VIHBM,@geetasahu4339,Om  namo bhagwate vasudeaye,0,2026-03-15T02:34:40Z,2026-03-15T09:36:04.778892
Ugy_wCYeQAKM3scn4DV4AaABAg,0EfKv6VIHBM,@chhagangulshan6336,Om namo bhagwate vasudevay namah 🎉🎉,0,2026-03-15T02:35:09Z,2026-03-15T09:36:04.778892
UgylEOSUY166Jx6Lf6V4AaABAg,0EfKv6VIHBM,@chhagangulshan6336,Jay maa laxmi narayan 🎉🎉🎉,0,2026-03-15T02:35:42Z,2026-03-15T09:36:04.778892
UgwttAjlpjKyftt5fO14AaABAg,0EfKv6VIHBM,@jeetufoujdar7415,🕉️ 🕉️ 🕉️,0,2026-03-15T02:47:14Z,2026-03-15T09:36:04.778892
UgxY1h36D2YQajELcDp4AaABAg,0EfKv6VIHBM,@JeetendraKumar-e1i2k,Jai shree visnu 🙏🙏🙏🙏🙏,1,2026-03-15T03:29:23Z,2026-03-15T09:36:04.778892
Ugy1Oe4V2o8jFOkeYl54AaABAg,0EfKv6VIHBM,@yogendrasingh2976,ॐ नमो भगवते वासुदेवाय 🙏🙏🙏🙏🙏,1,2026-03-15T02:10:38Z,2026-03-15T09:36:04.778892
UgzgjWbbtr6tfDDr0t14AaABAg,0EfKv6VIHBM,@meenayadav9551,Om nmo bhagvate vashudevay 🌺🌺🌺🌺🌺🙏🙏🙏🙏,0,2026-03-15T03:50:25Z,2026-03-15T09:36:04.778892
UgzfQqOVtl7wNnek5ox4AaABAg,0EfKv6VIHBM,@SwetaZala-i1s,Radhe Krishna Hari Hari,1,2026-03-15T02:03:26Z,2026-03-15T09:36:04.778892
UgyG_vqwWpUZv9orJUZ4AaABAg,0EfKv6VIHBM,@VikasS-ox7ss,Radhe radhe radhe 🙏🙏,0,2026-03-15T01:54:34Z,2026-03-15T09:36:04.778892
UgyHVNKDB7k6O1miIPl4AaABAg,0EfKv6VIHBM,@khushikumari237,🙏🙏🙏🙏,0,2026-03-15T02:01:40Z,2026-03-15T09:36:04.778892
UgzSEJ9VOENXWU16Ixx4AaABAg,0EfKv6VIHBM,@AnitaYadav-bm4my,Jai bishno bhagwan ji,1,2026-03-14T22:45:49Z,2026-03-15T09:36:04.778892
UgwKUbhU2jREfeY4M754AaABAg,0EfKv6VIHBM,@PriyaVaish-xr7ho,❤❤❤❤❤,0,2026-03-15T01:31:49Z,2026-03-15T09:36:04.778892
UgydeqsJRx2DVGsP0lt4AaABAg,0EfKv6VIHBM,@RajpalSing-k8t,Jai shree Krishna Jai Sri Radhe Radhe ❤❤❤❤❤🎉🎉🎉🎉🎉🎉🙏🙏🙏🙏🙏,1,2026-03-15T03:25:33Z,2026-03-15T09:36:04.778892
UgxssIvfzqCuPLFyvcV4AaABAg,0EfKv6VIHBM,@Bishalyt302,❤😂,0,2026-03-15T01:27:59Z,2026-03-15T09:36:04.778892
UgzwFJbO4eY6QiNpN5l4AaABAg,JeI2SpMX62A,@AnniiXD-07,Chichaa love you apko 4 saal se dekh rah hu love from seoni mp,1,2026-03-14T20:06:45Z,2026-03-15T09:36:05.398821
Ugwi2yLecSw4NmeinGh4AaABAg,JeI2SpMX62A,@anupsunny9715,Chichaaa soul #2 so far in semi final,4,2026-03-14T13:03:30Z,2026-03-15T09:36:05.398821
UgxNqHzFzTmfQL2t-5t4AaABAg,JeI2SpMX62A,@Raimanna,Didi thi ya ladka chamber ko bohot sunaya 😂😂,5,2026-03-14T13:20:45Z,2026-03-15T09:36:05.398821
UgwJxHSYwpaHDYDlSoR4AaABAg,JeI2SpMX62A,@मी_ShuBhyaa,Chichaa wating to Honest hours with snax wali streams ❤,0,2026-03-14T12:33:34Z,2026-03-15T09:36:05.398821
UgzX8t4etKYiA5Cpgd54AaABAg,JeI2SpMX62A,@Gamercat-99,W valo snax bhai,0,2026-03-14T12:59:10Z,2026-03-15T09:36:05.398821
UgxMw-9v7-0VlrbbIHZ4AaABAg,JeI2SpMX62A,@ChiragSharma_26,❤,0,2026-03-14T12:22:17Z,2026-03-15T09:36:05.398821
UgyPchRCyPJfabLWA9F4AaABAg,JeI2SpMX62A,@Hunny_K,Helo snax bhaiii,0,2026-03-14T12:19:41Z,2026-03-15T09:36:05.398821
UgyCO0TW12wGiqPj8vh4AaABAg,JeI2SpMX62A,@piyushx777e,Love u da,0,2026-03-14T12:31:58Z,2026-03-15T09:36:05.398821
UgxF9alN4oB9C4kH-nJ4AaABAg,JeI2SpMX62A,@Arpit-018,"Lovely Stream Chicha W BGMI BT Valorant but overall gudd <a href=""UCQfBN7Ut5TiZJAhMo_Rgfyw/jKC5aLmxOt6boPwP7IOmsAw""></a><a href=""UCQfBN7Ut5TiZJAhMo_Rgfyw/jKC5aOqwOt6boPwP7IOmsAw""></a>",1,2026-03-14T12:20:29Z,2026-03-15T09:36:05.398821
UgxfrfuvNQB0Tjg0nT14AaABAg,JeI2SpMX62A,@swagstargaming811,Chicha notification nahi arree sream kee,0,2026-03-14T18:05:20Z,2026-03-15T09:36:05.398821
UgyZc0HPC28pwti2ZKp4AaABAg,JeI2SpMX62A,@__fAHAD,W and fun stream 🎉🎉,0,2026-03-14T14:05:54Z,2026-03-15T09:36:05.398821
Ugw67axMoYd0KZW6PrB4AaABAg,JeI2SpMX62A,@willy_will_carry,W stream snexxx&lt;3❤,1,2026-03-14T14:02:43Z,2026-03-15T09:36:05.398821
Ugx_S1zh58wVBkxMVmB4AaABAg,JeI2SpMX62A,@kstABD,Tu sanana hai bhai,0,2026-03-14T22:38:27Z,2026-03-15T09:36:05.398821
UgyKzW313kj1hZi4L_p4AaABAg,JeI2SpMX62A,@akarnbhavankar7667,"<a href=""https://www.youtube.com/watch?v=JeI2SpMX62A&amp;t=50"">0:50</a>",0,2026-03-14T12:24:09Z,2026-03-15T09:36:05.398821
Ugx5ugH21HVsKMTyOLR4AaABAg,BWFr1xlkgL0,@ChandaVerma-l5q,Who comes after aari aari song realese ❤,321,2026-03-12T07:51:10Z,2026-03-15T09:36:13.594628
UgyYC_zDyrIWmDq2DhR4AaABAg,BWFr1xlkgL0,@KarthikPotta-y3i9k,Dhurandhar - Akshay Khanna 💀 <br>Dhurandhar 2 - Ranveer Singh ☠️,176,2026-03-12T10:13:59Z,2026-03-15T09:36:13.594628
UgyIz_X25gNkIZSySOd4AaABAg,BWFr1xlkgL0,@Spoidy4,Movie: 10/10<br>Actor: 10/10<br>Actress: 10/10<br>Villain: 10/10<br>Cast: 10/10<br>Story: 10/10<br>Screen play: 10/10<br>Dailogues: 10/10<br>Action: 10/10<br>Direction: 10/10<br>Songs: 100/10<br>This is called Complete Cinema 🗿,1071,2026-03-12T07:46:04Z,2026-03-15T09:36:13.594628
UgwWGgjRTNfPwzgO8Qp4AaABAg,BWFr1xlkgL0,@harshvardhanmathur,theartre experience 💀💀,160,2026-03-12T07:57:22Z,2026-03-15T09:36:13.594628
Ugxwrr1HV-eMmLFUGGt4AaABAg,BWFr1xlkgL0,@ektaverma3126,Akshye Khanna sir aged like fine wine 🍷😭🤌🏻,43,2026-03-12T08:01:28Z,2026-03-15T09:36:13.594628
UgxvyhNZuUV9RNdsSSJ4AaABAg,BWFr1xlkgL0,@NadiMissKhanna,We will miss Akshaye Khanna in Dhurandhar 2 😭,59,2026-03-12T09:08:05Z,2026-03-15T09:36:13.594628
UgwKqOLsB5hlZRheawF4AaABAg,BWFr1xlkgL0,@peaky_2222,"<a href=""https://www.youtube.com/watch?v=BWFr1xlkgL0&amp;t=65"">1:05</a> Asalamualaikum Layari🔥☠️🗿yeh dialogue sunkar hi goosebumps aajate hai",112,2026-03-12T08:20:24Z,2026-03-15T09:36:13.594628
UgxpZpV3vV3fBOIK_fd4AaABAg,BWFr1xlkgL0,@Movieislife-j3r,Seeing Akshaye is a therapy ❤❤❤❤,55,2026-03-12T08:58:00Z,2026-03-15T09:36:13.594628
UgxvpTbeMW31F9V3MdF4AaABAg,BWFr1xlkgL0,@Upkathethar,Dhurandhar is not a sequel it is just a part of 7 hours flim,77,2026-03-12T08:03:05Z,2026-03-15T09:36:13.594628
Ugyk-otKEdIExJ9ZAHx4AaABAg,BWFr1xlkgL0,@keshavtanwar4803,No one can beat akshaye khanna his every expressions are killer ❤❤,32,2026-03-12T09:43:34Z,2026-03-15T09:36:13.594628
Ugx_tdYVS68q44SKkdt4AaABAg,BWFr1xlkgL0,@Aryan-p6v,Ladies and gentleman your are still not ready for this 💀🔥,26,2026-03-12T07:44:18Z,2026-03-15T09:36:13.594628
UgzWn2cxC8tkJ5G7Jul4AaABAg,BWFr1xlkgL0,@sarikamhapankar3877,Akshaye Khanna stole the show everytime he appeared .💯<br>( in whatever less screen time he got),59,2026-03-12T10:32:06Z,2026-03-15T09:36:13.594628
UgwlSTROUjlPRyp3L7p4AaABAg,BWFr1xlkgL0,@RakhiD-w4w,Akshaye Khanna has undeniable SCREEN PRESENCE . 😮,14,2026-03-12T10:30:43Z,2026-03-15T09:36:13.594628
Ugx_zhwZcBHzDk1b2iV4AaABAg,BWFr1xlkgL0,@avchannel2752,OG song 💀💀,47,2026-03-12T07:45:20Z,2026-03-15T09:36:13.594628
UgxIqVsiWvuQndXkKcF4AaABAg,BWFr1xlkgL0,@nikunjmeghani2669,"<a href=""https://www.youtube.com/watch?v=BWFr1xlkgL0&amp;t=20"">0:20</a> Theatre experience",49,2026-03-12T09:50:15Z,2026-03-15T09:36:13.594628
Ugw461-6hUTtS-c5_4V4AaABAg,BWFr1xlkgL0,@Ashersingh1,"<a href=""https://www.youtube.com/watch?v=BWFr1xlkgL0&amp;t=65"">1:05</a> aura farming Akshay Khanna 🥵",68,2026-03-12T15:33:39Z,2026-03-15T09:36:13.594628
UgzvQ-6E8_MH2KRDQwV4AaABAg,BWFr1xlkgL0,@ãñønymøûß770,Sachme lutt le gya....,31,2026-03-12T07:47:53Z,2026-03-15T09:36:13.594628
UgyEFN2yhTJPRZ7RNAN4AaABAg,BWFr1xlkgL0,@hemantshimpi9773,Isbar toh dhurandhar 2 paisa lut gaya,29,2026-03-12T07:43:06Z,2026-03-15T09:36:13.594628
Ugzu0dTancbhZjaUzjx4AaABAg,BWFr1xlkgL0,@SubrahmanyaNaik-x8t,The song is made for akshaye khanna❤❤❤,19,2026-03-12T08:29:55Z,2026-03-15T09:36:13.594628
UgxIhSy8hw51Nu9ytNx4AaABAg,BWFr1xlkgL0,@TaksheelChilaka,DAMMMMMMMMNNNNNNNN!!!!!!!!!🔥🔥🔥,29,2026-03-12T07:52:38Z,2026-03-15T09:36:13.594628
UgysgS61t3NQzFS6Fvt4AaABAg,wLb1LeeCCDk,@Aloooooo-m4g,What if I got pin by mc flame,18,2026-03-14T09:36:13Z,2026-03-15T09:36:14.506364
UgxJ_MLxJfEw-S2DmmZ4AaABAg,wLb1LeeCCDk,@BloxBrine30335,Jonbi ke liye yah nahin socha vah dhup mein nahin Ja sakte the,0,2026-03-14T18:42:53Z,2026-03-15T09:36:14.506364
Ugx19XiJDfEDrbZhPuF4AaABAg,wLb1LeeCCDk,@RitikJaat-d3j,बिग फैन बिग फैन बिग फैन बिग फैन,1,2026-03-14T09:34:03Z,2026-03-15T09:36:14.506364
UgxuiuiJ90ZZpanYhyx4AaABAg,wLb1LeeCCDk,@MehtabGamer786,Vote for face reveal <br>👇,2,2026-03-14T10:11:48Z,2026-03-15T09:36:14.506364
Ugy-0kcjNOx1G_nLXZN4AaABAg,wLb1LeeCCDk,@RohanSrivastava-od1zi,Subse jyada intelligent enderman hai,0,2026-03-14T10:06:42Z,2026-03-15T09:36:14.506364
UgwOC8LZ4-XTnSB4ETJ4AaABAg,wLb1LeeCCDk,@SaurabhSingh-tl9eg,Android dragon ki add ki botal mein Jana tha aap logon Ko,0,2026-03-14T12:12:06Z,2026-03-15T09:36:14.506364
UgytT84udBu2O8cX0gJ4AaABAg,wLb1LeeCCDk,@NipurMhatre,प्लीज एम सी फ्लेम प्रोब्लेम खेलो😊😊😊😊❤🎉❤🎉❤🎉❤🎉,0,2026-03-14T14:42:34Z,2026-03-15T09:36:14.506364
Ugx_HHqynRw6bKxcr814AaABAg,wLb1LeeCCDk,@PoojaMondal-f7y,Ender dragon,0,2026-03-14T10:31:38Z,2026-03-15T09:36:14.506364
UgwkXB8sLIOLtzDHF1J4AaABAg,wLb1LeeCCDk,@KOMALYTC5t6S,Bloop   slime,0,2026-03-14T09:41:47Z,2026-03-15T09:36:14.506364
UgwE6_IbrrLvQcBt5Sx4AaABAg,wLb1LeeCCDk,@Manju-g7v4e,Enderman,1,2026-03-14T11:06:54Z,2026-03-15T09:36:14.506364
Ugxpx7eF6g1i6UdkXwt4AaABAg,wLb1LeeCCDk,@happy1534F,Sea eater video search Karo puri,0,2026-03-14T10:29:49Z,2026-03-15T09:36:14.506364
UgynWOOwI_KlRfApM8l4AaABAg,wLb1LeeCCDk,@MukeshYadav-st9in,3,0,2026-03-14T09:32:00Z,2026-03-15T09:36:14.506364
Ugwd1JgBrxaJu5Uv4ht4AaABAg,wLb1LeeCCDk,@RamChaudhary-k8v,MC flame Roblox games khelo please,1,2026-03-14T11:59:10Z,2026-03-15T09:36:14.506364
UgwfZ9n4EoHFMCd4c494AaABAg,wLb1LeeCCDk,@AnkurDas-n5d,"<a href=""https://www.youtube.com/watch?v=wLb1LeeCCDk&amp;t=1097"">18:17</a> kartik ka voice ❌️<br>            Nalle scientist ka voice ✅️🤣🤣",0,2026-03-14T11:37:16Z,2026-03-15T09:36:14.506364
UgwwcL_Lqg9MiVlALB14AaABAg,wLb1LeeCCDk,@raheeshshah7761,Sab acche Lage,1,2026-03-14T14:14:59Z,2026-03-15T09:36:14.506364
Ugwcr1ALL5Qmqk4ni214AaABAg,wLb1LeeCCDk,@RinkiYadav-s5o2k,Iam the. Biggest fan of you,0,2026-03-14T10:46:53Z,2026-03-15T09:36:14.506364
UgzrXElZxbC9FdAfmIV4AaABAg,wLb1LeeCCDk,@aradhyaKumari-q4g,Yo I 5,0,2026-03-14T09:32:18Z,2026-03-15T09:36:14.506364
UgzxONocQxSLpwv2Fb14AaABAg,wLb1LeeCCDk,@SekhaSaab-p4y,Sabse jyada khana achcha Andaman ka dimag lagao,0,2026-03-15T02:04:22Z,2026-03-15T09:36:14.506364
UgziUfEnKPuQpV9iuON4AaABAg,wLb1LeeCCDk,@VarshaKol-t1v1e,Yah matlab hota hai,0,2026-03-14T10:56:48Z,2026-03-15T09:36:14.506364
Ugw_wOiLIJ2M0szItLl4AaABAg,wLb1LeeCCDk,@nagmaafreen1520,Hhhi,0,2026-03-14T10:35:26Z,2026-03-15T09:36:14.506364
UgxHW8iD159tU95vzXR4AaABAg,Qlw_10n1LmQ,@GoldiShahi-o5s,Yaha bhi Ai😂😂😂😂😂,0,2026-03-15T04:03:53Z,2026-03-15T09:36:20.473122
UgzdgkNfr62NuRVMyDt4AaABAg,Qlw_10n1LmQ,@HarikeshSahani-ij7el,❤❤❤❤❤❤,0,2026-03-15T03:04:44Z,2026-03-15T09:36:20.473122
UgzYJJLMlcb3llHZpQ54AaABAg,Qlw_10n1LmQ,@khanfilmsmusic,Very nice song very nice your voice ❤❤,5,2026-03-12T16:24:11Z,2026-03-15T09:36:20.473122
UgxoDXGqcz5248_zEe14AaABAg,Qlw_10n1LmQ,@rohitnayakmusic3043,𝐍𝐢𝐜𝐞❤️👍❤️❤️❤️💐❤️❤️🎉🎉🎉🎉🎉🎉🎉,3,2026-03-12T20:37:00Z,2026-03-15T09:36:20.473122
Ugz6FvEKn4lT_6iS5LF4AaABAg,E7EjQnercNA,@tdoptimus,"Tournament ❌ breaks, promotions✅",23,2026-03-14T19:10:29Z,2026-03-15T09:36:24.844455
UgyEj3HJRt3FTNTQ4qJ4AaABAg,E7EjQnercNA,@iiikai-h3i,😂😂w sleep tournament,25,2026-03-14T19:03:28Z,2026-03-15T09:36:24.844455
Ugwr_c6eKFfVcnGC6OJ4AaABAg,E7EjQnercNA,@GladiatorGuy1,L@ude se mere song 😢,6,2026-03-14T19:54:33Z,2026-03-15T09:36:24.844455
UgydbTLsyT_L0L1oG8x4AaABAg,E7EjQnercNA,@EVOS.S4JAL,"<a href=""https://www.youtube.com/watch?v=E7EjQnercNA&amp;t=21"">0:21</a> 😢 tf is this😢😢",6,2026-03-14T20:36:53Z,2026-03-15T09:36:24.844455
Ugzo-T9ugu-w1WLWebd4AaABAg,E7EjQnercNA,@pravinn_96_ll_56,W stream love from earth ❤️😈,4,2026-03-14T19:01:19Z,2026-03-15T09:36:24.844455
UgxOL1veRSy8_Byhdvh4AaABAg,E7EjQnercNA,@bdmehedi1393,Mafia kar98 king,1,2026-03-14T22:51:33Z,2026-03-15T09:36:24.844455
UgwzC3HSyCghyom0CjZ4AaABAg,E7EjQnercNA,@amanpal0088,Areyy bhai view ke chkkar me tg ko support kr rhee,0,2026-03-15T03:23:54Z,2026-03-15T09:36:24.844455
Ugyy1ZIstiyNenxA54t4AaABAg,E7EjQnercNA,@SomNayak-h1v,Heyy,1,2026-03-14T21:56:59Z,2026-03-15T09:36:24.844455
UgxScMkLB5ZLv2dGkAF4AaABAg,E7EjQnercNA,@Blazeeeeeee.10,Love u🫶,0,2026-03-15T03:50:51Z,2026-03-15T09:36:24.844455
Ugzr6tNwsiOgAfkVtIN4AaABAg,E7EjQnercNA,@RanbirWarrior,Love you sid Bhai for raid ❤,6,2026-03-14T19:05:56Z,2026-03-15T09:36:24.844455
UgyHirdHyfPo98cSjb14AaABAg,E7EjQnercNA,@piroCanSolo,"<a href=""https://www.youtube.com/watch?v=E7EjQnercNA&amp;t=9573"">2:39:33</a> 😂😂😂😂",13,2026-03-14T22:46:27Z,2026-03-15T09:36:24.844455
Ugxgblbt0nVFFxI64kh4AaABAg,NQMLsNSgfY4,@rohansingh9960,Who wants ??RAWme HOODA x DHANDHA,479,2026-03-13T04:41:45Z,2026-03-15T09:36:30.530113
Ugz5nwcLpO_z9hE1cux4AaABAg,NQMLsNSgfY4,@LOVERB0i,Unpopular opinion - &quot;Haryanvi hip-hop takin over punjabi hh atp&quot; 🙌🗣️,109,2026-03-13T05:22:04Z,2026-03-15T09:36:30.530113
UgzPkxY2OC4mjZ6o1uR4AaABAg,NQMLsNSgfY4,@indiangamerz6640,Respect For Rawme Hooda Which Gives Respect to Sidhu Bhai 🚀💪,65,2026-03-13T05:13:21Z,2026-03-15T09:36:30.530113
UgxX98DNnmZYGF8D7Cd4AaABAg,NQMLsNSgfY4,@ranag9345,Ultimate song❤,0,2026-03-15T04:05:41Z,2026-03-15T09:36:30.530113
UgwVF5DlKxsXMsoF1Wt4AaABAg,NQMLsNSgfY4,@deesu_chauhan,"Brother, you will take the Haryanvi industry to the global level. <br>Kyuki Haryanva global chahiye ❤❤",68,2026-03-13T05:12:46Z,2026-03-15T09:36:30.530113
UgwKcQPwh4TC_xlwFHZ4AaABAg,NQMLsNSgfY4,@KartikGujjar-004,Experimental artist in Haryana and Intelligent artist 💀,133,2026-03-13T05:00:11Z,2026-03-15T09:36:30.530113
UgxFWH4QyOaaXrdNF7h4AaABAg,NQMLsNSgfY4,@sahilkuleria9439,Sachi m RAW h bhai tu..,0,2026-03-15T04:05:16Z,2026-03-15T09:36:30.530113
Ugx8zbKLBzER7_KDVSN4AaABAg,NQMLsNSgfY4,@NAADO_HARYANA,Nice song 😍 <br>Amazing vibes 🔥<br>Total ❤,1,2026-03-13T07:08:57Z,2026-03-15T09:36:30.530113
Ugy0t70lMyt3Rt2dyRV4AaABAg,NQMLsNSgfY4,@LisariyaSh-37,Bhaiiiiiii☠️Always International ⚔️,18,2026-03-13T06:37:29Z,2026-03-15T09:36:30.530113
Ugx-PmAfPY6d-ZBQ6gp4AaABAg,NQMLsNSgfY4,@kunaljaat07-w9o8u,"<a href=""https://www.youtube.com/watch?v=NQMLsNSgfY4&amp;t=195"">3:15</a> killer time 🫡📈🖌️🗿🗿",45,2026-03-13T07:04:00Z,2026-03-15T09:36:30.530113
Ugw0mVWcopYRn3zSUvl4AaABAg,NQMLsNSgfY4,@JaiSiyaRam-G,Reel Trending Line - Meri Aaj Bhi Ghali Hai Sim Nokia Mein ✅🔥,25,2026-03-13T04:41:48Z,2026-03-15T09:36:30.530113
UgwM2aaF1zmKsRGWw2V4AaABAg,NQMLsNSgfY4,@Jpa-p7t,"<a href=""https://www.youtube.com/watch?v=NQMLsNSgfY4&amp;t=129"">2:09</a> moosewala always top❤",165,2026-03-13T04:46:45Z,2026-03-15T09:36:30.530113
Ugy9FTY54btiu_OVYsp4AaABAg,NQMLsNSgfY4,@AK-Admin,Rawme Hooda Songs 🔥🔥<br>Rawme Hooda Rapper 🔥🔥🔥🔥,1,2026-03-13T14:20:56Z,2026-03-15T09:36:30.530113
UgxeR6567TAlBIqVvXx4AaABAg,NQMLsNSgfY4,@PareekSahabh,Revolution Fr💀💯,2,2026-03-14T06:42:44Z,2026-03-15T09:36:30.530113
UgyAI4sXf8x44A9F3UF4AaABAg,NQMLsNSgfY4,@RubiRaj3672,2 songs in one frame ❤😅,26,2026-03-13T05:47:27Z,2026-03-15T09:36:30.530113
UgyktbctTGJbvaUZIg54AaABAg,NQMLsNSgfY4,@This-danny-sharma,First born se kon kon sun rha hai rawme hooda koo❤,11,2026-03-13T04:31:55Z,2026-03-15T09:36:30.530113
Ugw5QjC-wTBkZWxrl-x4AaABAg,NQMLsNSgfY4,@AnupSingh0027,"छा गया छोरे,  बाज़ण  दे 💥👌✌️",2,2026-03-13T08:11:08Z,2026-03-15T09:36:30.530113
Ugws3hYvhdWIXCoh-VR4AaABAg,NQMLsNSgfY4,@LakshayaJaat-t9v2e,"<a href=""https://www.youtube.com/watch?v=NQMLsNSgfY4&amp;t=160"">2:40</a> JAT REGIMENT❤",26,2026-03-13T08:07:26Z,2026-03-15T09:36:30.530113
UgynuwteXDrluYmgXjl4AaABAg,NQMLsNSgfY4,@HimanshuDhillon-v8q,Haryana global aagya bhai...ke gaana h....,2,2026-03-13T09:45:31Z,2026-03-15T09:36:30.530113
UgwiCrBm6kYJPtJCOwl4AaABAg,NQMLsNSgfY4,@Shakti_0005,Maja aa gya,1,2026-03-15T02:12:44Z,2026-03-15T09:36:30.530113
UgypmS7IhyZdq87v74h4AaABAg,oboq2i6yTuw,@technicaladi7210,Batawa ho Jaldi,0,2026-03-13T08:27:29Z,2026-03-15T09:36:32.796336
UgwdR4_2jATDvGofeRB4AaABAg,oboq2i6yTuw,@Arunking.A.p,❤❤❤❤,0,2026-03-13T09:37:24Z,2026-03-15T09:36:32.796336
UgxL7lvinDAXn9Vg7xV4AaABAg,oboq2i6yTuw,@Arunking.A.p,"❤❤❤❤ <a href=""https://www.youtube.com/watch?v=oboq2i6yTuw"">0:00</a>",1,2026-03-13T09:37:24Z,2026-03-15T09:36:32.796336
Ugxyjag3CYw5Vz7X2r14AaABAg,TmMOuypwFPM,@BayyaChandraiah-e1z,😢😢😢😢😢😢😢😢😢😢😢😢😢😢😢😢😢😢😢😢😢😢,3,2026-03-15T00:51:12Z,2026-03-15T09:36:34.702414
Ugyo8jQ0_fQX_-Alk3t4AaABAg,TmMOuypwFPM,@SattireddyDwarampudi-q4d,❤😂😂sai reddy 😮😢❤❤😂😂🎉,11,2026-03-14T13:19:26Z,2026-03-15T09:36:34.702414
UgzEQiR3eVgyt7ljLh94AaABAg,3N-ShXh6FOI,@harshitpathak0001-h,Missing her😭😭😭😭,7,2026-03-12T19:58:29Z,2026-03-15T09:36:35.174552
UgwAjo-_elh1FLZ7yXl4AaABAg,3N-ShXh6FOI,@Kavya..-mf6cb,"❤सनम तेरी कसम❤, <br>मूवी सच मे रुला देने वाली मूवी है यार😢😢<br>कौन कौन सहमत है इस बात से! 😊😊🎉🎉❤",32,2026-03-11T17:10:44Z,2026-03-15T09:36:35.174552
UgxLjbxL20N3ue2OUeJ4AaABAg,3N-ShXh6FOI,@vinay-nb1yj,Jeet Gannguli + this channel = pure musical magic. Make it happen please.,10,2026-03-12T06:24:44Z,2026-03-15T09:36:35.174552
Ugypk3kREhY3iV4AvaN4AaABAg,3N-ShXh6FOI,@AnaWarr-g6v,This song never getting old,4,2026-03-14T04:27:22Z,2026-03-15T09:36:35.174552
UgzUkMJRUOBPA-Pi9814AaABAg,3N-ShXh6FOI,@aj__gamerz62,Missing my fvrt person 😢,4,2026-03-13T05:19:51Z,2026-03-15T09:36:35.174552
UgzadKF9vMmcPaJ9OPR4AaABAg,3N-ShXh6FOI,@cutekosar007,My favourite song ❤,5,2026-03-13T03:55:14Z,2026-03-15T09:36:35.174552
UgzKDnfV9h9_gP12fkt4AaABAg,3N-ShXh6FOI,@MaroufKhan-f5h,আমি এমন কেন সুদু সুদু তাকে নিয়ে মায়া করি কই সেতো একটু ভালোবাসেনা আমায় সদু অবেহেলা করে। 💔,7,2026-03-09T18:25:21Z,2026-03-15T09:36:35.174552
Ugz84aNm_f3d750r1It4AaABAg,3N-ShXh6FOI,@roy_roy_849,Today is my birthday but 0 like 😞,148,2026-03-12T18:00:51Z,2026-03-15T09:36:35.174552
UgwktzgS2dDPoG0vd1Z4AaABAg,3N-ShXh6FOI,@Tecnofact890,Waiting for part-2,4,2026-03-09T13:03:05Z,2026-03-15T09:36:35.174552
UgzfkoQ_MdcOWclUWcN4AaABAg,3N-ShXh6FOI,@BudriNag-g6l,sango 😍😭,2,2026-03-13T09:26:08Z,2026-03-15T09:36:35.174552
Ugw1PpnXT8dxt16MFfl4AaABAg,3N-ShXh6FOI,@Amnii06,Bhai kya quality hai 😮😮,3,2026-03-13T05:11:39Z,2026-03-15T09:36:35.174552
UgzbbMkrpPyY2W062XF4AaABAg,3N-ShXh6FOI,@roshantaylor,Ankit ❤❤,6,2026-03-09T10:35:43Z,2026-03-15T09:36:35.174552
UgziGjrIj02LvNkw1uZ4AaABAg,3N-ShXh6FOI,@khanfilmsmusic,Nice song! One of my new favorite music videos ❤❤❤,4,2026-03-12T16:30:08Z,2026-03-15T09:36:35.174552
Ugxh6_opsLr5g2nl5R54AaABAg,3N-ShXh6FOI,@PalashDas-q8e4z,Mujhko thaka diya o chala gaya😞😞,2,2026-03-12T14:20:25Z,2026-03-15T09:36:35.174552
Ugx0ljDT1ldkTtPjOwJ4AaABAg,3N-ShXh6FOI,@DeepakKumar-r9b3r,Nice song,1,2026-03-11T05:45:05Z,2026-03-15T09:36:35.174552
UgzOQrcYdpeNEz7Lgmx4AaABAg,3N-ShXh6FOI,@manir893,Dhoka Dhadi Song R Rajkumar 8K Upload Please,1,2026-03-10T00:11:24Z,2026-03-15T09:36:35.174552
UgxsV8EtpKY-DTnQPfV4AaABAg,3N-ShXh6FOI,@mdoliullah6977,Awesome,1,2026-03-10T13:14:39Z,2026-03-15T09:36:35.174552
UgzUQDTYgRQlMvIZfTZ4AaABAg,3N-ShXh6FOI,@SuchitBara-m6s,Miss__😄🥹$an🥀🥰..king🥷03👑___&quot;,1,2026-03-13T10:25:48Z,2026-03-15T09:36:35.174552
UgwaDSnjNpuz5eOm4iJ4AaABAg,3N-ShXh6FOI,@Rcbian-q5f,10 March 2026,3,2026-03-10T05:26:02Z,2026-03-15T09:36:35.174552
UgyIFaVgjD_xz_OGrSd4AaABAg,3N-ShXh6FOI,@kaalgamerytt,Beautiful song,1,2026-03-13T21:31:13Z,2026-03-15T09:36:35.174552
UgwCulc9WK4znv4Zrwx4AaABAg,A-uMOw7f2cs,@RamyaPrem-e5o,Akka Minecraft Day 17 ❤❤❤❤❤❤,24,2026-03-14T05:02:41Z,2026-03-15T09:36:35.691411
UgypUVaeejcFXYWHG1F4AaABAg,A-uMOw7f2cs,@Sadeesh-q4l,Who are colour kozhi and Jeni akka fans Guys 😊😊😊🎉🎉❤❤,31,2026-03-14T05:01:59Z,2026-03-15T09:36:35.691411
UgxKZYSA4GK6BlbpO4d4AaABAg,A-uMOw7f2cs,@Akrisnasamy-m1b7n,Where is colour kozli,20,2026-03-14T05:07:39Z,2026-03-15T09:36:35.691411
UgyHIOTlrAiDkfPLOoN4AaABAg,A-uMOw7f2cs,@Akrisnasamy-m1b7n,Ka granny cruel mode or minecraft day 17 long video pleaseeeeeeeeeeeeeeeeéeeeéeeeeeeeeeeeee😢😢😢😢😢😢😢😢😢😢😢😢😢😢😢😢😢😢😢😢😢😢😢😢😢😢,9,2026-03-14T05:17:21Z,2026-03-15T09:36:35.691411
UgyIzAbIE9pgYF8i92N4AaABAg,A-uMOw7f2cs,@Asira-x1h,Mine Craft video pls,20,2026-03-14T05:18:20Z,2026-03-15T09:36:35.691411
Ugz6tElkppPMkcgAnxp4AaABAg,A-uMOw7f2cs,@SadaiyanSadaiyan-e6r,Akka minecraft day 17❤❤❤❤❤,10,2026-03-14T05:42:38Z,2026-03-15T09:36:35.691411
UgzATrm27t-YXRDLAHp4AaABAg,A-uMOw7f2cs,@RamsanR-f3e,Hi Akka Minecraft day 17plz 🥰🥰🥰🥰🥰🥰😢😢😢😢😢😢,5,2026-03-14T07:29:27Z,2026-03-15T09:36:35.691411
UgyXZUwb_KJ5OwebOIJ4AaABAg,A-uMOw7f2cs,@PushpaS-t5d,Akka Choo Choo charles pls pls pls pls pls pls pls pls pls pls pls pls pls pls pls pls pls 😢😢😢😢😢😢😢😢😢😢😢😢😢😢😢😢😢😢,5,2026-03-14T05:18:42Z,2026-03-15T09:36:35.691411
Ugx_EbDt7jGmVgN9n854AaABAg,A-uMOw7f2cs,@syed4mamu4u,Super game and funny 😂😂❤😊,2,2026-03-14T06:44:07Z,2026-03-15T09:36:35.691411
UgxWcF-oEC86qQp_l_R4AaABAg,A-uMOw7f2cs,@NirmlaNirmla-i4s,. Akka Colour Kozhi miss AkkA Next granny 3 ship escape,5,2026-03-14T05:33:46Z,2026-03-15T09:36:35.691411
Ugxq2jpzE5tgQN_grbp4AaABAg,A-uMOw7f2cs,@SaraswathyChellan,Why akka you update the video today because normally you updated the video Sunday and today update jessy gaming but you updated.<br><br>Akkka tomorrow please Minecraft.,9,2026-03-14T05:18:06Z,2026-03-15T09:36:35.691411
UgxbDI94BPYmVV_uiJl4AaABAg,A-uMOw7f2cs,@AnanyaPrakash-n3c4y,Akka super❤,7,2026-03-14T05:01:06Z,2026-03-15T09:36:35.691411
UgzENAiW-VeplBI4JvN4AaABAg,A-uMOw7f2cs,@teshnachandra,Akka naan keta elevator escape in granny 1 panamatinginga<br><br>Please akka athu manuga,2,2026-03-14T08:00:56Z,2026-03-15T09:36:35.691411
Ugz0tq2lznGcoJrmyMd4AaABAg,A-uMOw7f2cs,@sikkantharsikkanthar6419,Granny marathon next vdo pllss,2,2026-03-14T05:57:24Z,2026-03-15T09:36:35.691411
UgxPqzYnkUHxCNj8dlp4AaABAg,A-uMOw7f2cs,@G_DHANUSH_69,Hi darling manjulika gameplay Akka ❤️,2,2026-03-14T05:25:32Z,2026-03-15T09:36:35.691411
UgyHWSHyqTbXRIcTU_d4AaABAg,A-uMOw7f2cs,@LalithaSiva-b2s,Minecraft day - 17 pouduga akka please please please ❤,1,2026-03-14T06:09:54Z,2026-03-15T09:36:35.691411
UgxpTEdeZ4jv55tgm3h4AaABAg,A-uMOw7f2cs,@safeekasafreen4823,Akka roblox  la horror game podunga please please ❤❤❤❤❤❤❤❤,1,2026-03-14T06:50:27Z,2026-03-15T09:36:35.691411
Ugzp0zfEOe4xcv1lJu94AaABAg,A-uMOw7f2cs,@prabukumarprabukumar5451,Boba tea shop horror gameplay Try matum panni video poduga please Akka please 😊,1,2026-03-14T10:47:29Z,2026-03-15T09:36:35.691411
UgxszDnl3O7s369IWth4AaABAg,A-uMOw7f2cs,@regiongamingyt1745,Hi Akka Romba nalave kekra Shadow Fight 2 Gameplay podunga pls pls pls pls pls pls😢😢❤❤❤🎉🎉🎉🎉,2,2026-03-14T07:17:41Z,2026-03-15T09:36:35.691411
UgyD2_-JcEkkdxoBHZ54AaABAg,A-uMOw7f2cs,@VasanthiB-p2p,Hai jeni akka super video akka ❤️❤️❤️❤️♥️♥️♥️♥️😊😊😊😊,1,2026-03-14T06:23:05Z,2026-03-15T09:36:35.691411
UgxRZ_yarchWGqeIdrl4AaABAg,z2cttUBaepA,@LaluChohan-yp7ze,Veri nice didi 👌👌💗💗💗💗💗💗💗💗💗💗💗💗💗🥰🥰🥰🥰🥰🥰🥰🥰🥰🥰,0,2026-03-15T03:44:08Z,2026-03-15T09:36:36.694950
UgybWFAZ4XGnwrWxYFF4AaABAg,z2cttUBaepA,@Guttusususususu,Bahut pyara song Sajna De De,0,2026-03-15T03:40:08Z,2026-03-15T09:36:36.694950
UgzEvZm-SzLPGivEwe54AaABAg,z2cttUBaepA,@AnkushSaxena58,Love Marriage ❤ 😊,3,2026-03-14T16:46:10Z,2026-03-15T09:36:36.694950
Ugyk7nhMTAyGMqO73GB4AaABAg,z2cttUBaepA,@Gautamyadav_83,Bahut achha hai apka ye song bhaiya ❤,1,2026-03-15T00:22:36Z,2026-03-15T09:36:36.694950
UgzTBkgB539NkqABeSZ4AaABAg,z2cttUBaepA,@RadhaYadav-n3f,Sanjay didi Song Itna Achcha hai bahut hi bahut hi Achcha hai aur Jiju aur Sanjay didi ki jodi to bahut hi mast hai,2,2026-03-14T15:55:05Z,2026-03-15T09:36:36.694950
UgwWkdHqLBmUMw3LlnZ4AaABAg,z2cttUBaepA,@HardikSaxena-d1r,Cute couple 💑 😍 💖 💕 ♥ 💓 💑,1,2026-03-14T13:58:20Z,2026-03-15T09:36:36.694950
Ugzv-TuC4INQcDh4kYd4AaABAg,z2cttUBaepA,@AmirKhan-wl1lh,Bahut pyara song hai 😊 didi ❤ ❤😊😊,8,2026-03-14T13:28:32Z,2026-03-15T09:36:36.694950
UgxKzSiu9hKEMaKklsJ4AaABAg,z2cttUBaepA,@ShivamYadav_2346,Shyam sanjana is a world best jodi song bhaut aachi hai,2,2026-03-14T14:12:10Z,2026-03-15T09:36:36.694950
UgxUb3sIGZf7mdpdiTN4AaABAg,z2cttUBaepA,@SartaaYadav,Acha he song❤,1,2026-03-14T16:41:02Z,2026-03-15T09:36:36.694950
Ugw9P23qyezuzfAP2eV4AaABAg,z2cttUBaepA,@AFgg-h7i,Sayam sanjana 👍 nice song ❤❤❤❤❤so cute jodi mast hai ❤❤❤❤❤,0,2026-03-14T17:00:58Z,2026-03-15T09:36:36.694950
UgyzN-AIDQ_QNdMYy3x4AaABAg,z2cttUBaepA,@NeetuKumariSingh-k2k,Shyam bhaiya ka gana donon ka bahut achcha gana aaya hai❤❤❤❤❤❤❤❤❤,0,2026-03-14T17:12:20Z,2026-03-15T09:36:36.694950
UgzU1A6otZYoW_QEpBJ4AaABAg,z2cttUBaepA,@ShuaibAnsari-l4e,Shyam bhai Sanjana didi gana bahut pyara banaya aapane,5,2026-03-14T12:46:15Z,2026-03-15T09:36:36.694950
UgybEVZ-7qiF37ETHIh4AaABAg,z2cttUBaepA,@farida_banu_786,Pyara song hai,1,2026-03-14T13:10:58Z,2026-03-15T09:36:36.694950
Ugxbm5Wln-oIzGFoV-B4AaABAg,z2cttUBaepA,@vikramchaurasia3590,❤❤❤❤❤❤❤❤❤❤❤❤❤❤❤❤❤❤❤❤,0,2026-03-14T18:41:26Z,2026-03-15T09:36:36.694950
Ugz_iky0b6ZavG6I2UR4AaABAg,z2cttUBaepA,@moniyadav1199,यह सॉन्ग किस kis को पसंद आया है  ❤,7,2026-03-14T13:06:15Z,2026-03-15T09:36:36.694950
UgzGqJanwu2EbCFfhqV4AaABAg,z2cttUBaepA,@shakibkhan-q3e,Great Very good 💯💯💯💯,0,2026-03-14T16:40:10Z,2026-03-15T09:36:36.694950
Ugy0pB1yjrJmFEL1ZMR4AaABAg,z2cttUBaepA,@funkyravan7351,Bahut achcha song hai Sanjana didi,1,2026-03-14T13:46:01Z,2026-03-15T09:36:36.694950
UgxqWmKMnuVisXj6D0R4AaABAg,z2cttUBaepA,@singhpunnu4185,Best ha song,0,2026-03-14T17:46:00Z,2026-03-15T09:36:36.694950
UgwVve3uMCnFdF-p6EN4AaABAg,z2cttUBaepA,@blade-b8w,Fav couple+song🔥+acting 🔥= outstanding,0,2026-03-14T18:53:33Z,2026-03-15T09:36:36.694950
UgxnqWQL1ItxT4wEn-p4AaABAg,z2cttUBaepA,@parasgarg2977,Sanjana Didi and Shyam jiju apka bahut ❤❤ achha h nice,0,2026-03-14T16:45:32Z,2026-03-15T09:36:36.694950
Ugw4BP-Ruy7QeuNfGfx4AaABAg,hYmoUMSiNOA,@SnazzyZone,Within 5 hours me 7k likes or 1.1k comment ka challenge.....kya complete ho payega????❤❤❤,212,2026-03-14T04:32:37Z,2026-03-15T09:36:38.706710
UgxpArUQHVxuK07ilAN4AaABAg,hYmoUMSiNOA,@kaushaldhakal3424,Week Mai at least 3 4 video AANA chaiye🤭Kya bolte ho Bhai log?,181,2026-03-14T02:59:43Z,2026-03-15T09:36:38.706710
UgxVhZc1MBQhpw1Q4ad4AaABAg,hYmoUMSiNOA,@dineshpareek-b8i,Vote for next part😢👍🏻👇,40,2026-03-14T03:43:10Z,2026-03-15T09:36:38.706710
UgxsSJXdeBVLW-FJ5eZ4AaABAg,hYmoUMSiNOA,@shahzadrao5903,Vote for next part❤❤❤❤❤❤,39,2026-03-14T02:39:38Z,2026-03-15T09:36:38.706710
UgyYwMPilaFUR4SN5Lt4AaABAg,hYmoUMSiNOA,@GODLIKE_AARMY,Vote for next part 〽️❤,23,2026-03-14T02:39:39Z,2026-03-15T09:36:38.706710
UgxZn8NXcnseFlFYJUZ4AaABAg,hYmoUMSiNOA,@HiFi-f9l,Bhai testing ke liye equipment ko lease per le<br><br>liya karo buy mat kiya karo😅😅😅😅,8,2026-03-14T14:20:40Z,2026-03-15T09:36:38.706710
UgzD_99-mQX7HUkGvnh4AaABAg,hYmoUMSiNOA,@Ashish_dalal_001,Vote for next part,75,2026-03-14T03:22:43Z,2026-03-15T09:36:38.706710
UgxNesI0Dzvv68mQ0cd4AaABAg,hYmoUMSiNOA,@sayarofpw56,Vote for part 7 🎉,9,2026-03-14T03:56:41Z,2026-03-15T09:36:38.706710
Ugz57le9KiGrZ32xczp4AaABAg,hYmoUMSiNOA,@DikshyaPandey-02,Itni jaldi video chalo snazzy ne GTA 5 se pehle suprise dedeya🤣🤣,67,2026-03-14T02:31:54Z,2026-03-15T09:36:38.706710
UgxZ1KRTADI-HxpLeBh4AaABAg,hYmoUMSiNOA,@Vivekiz,Vote for next part...,1,2026-03-14T06:31:49Z,2026-03-15T09:36:38.706710
UgwqnwjzC3PXjaRYVXx4AaABAg,hYmoUMSiNOA,@DurgeshKumar-l2d,Vote next part 😊❤,4,2026-03-14T03:02:43Z,2026-03-15T09:36:38.706710
UgyV6zL-A2mJbocDFlJ4AaABAg,hYmoUMSiNOA,@FactsOnly18,Vote For Next Part<br>Full Support Bhai Har Hafte 2 Dalne Ki Koshish Karo❤,2,2026-03-14T04:14:14Z,2026-03-15T09:36:38.706710
UgyjHCPmV9besEbfQYV4AaABAg,hYmoUMSiNOA,@AmitMahara-v7k,vote for next part,4,2026-03-14T07:12:42Z,2026-03-15T09:36:38.706710
UgzXgxYVGNQD6Nnxsd14AaABAg,hYmoUMSiNOA,@DarkNova_7,Bhai next part ki tyyari shuru krr do. Series hit hai ye waali aapki❤,12,2026-03-14T02:35:36Z,2026-03-15T09:36:38.706710
Ugzn1MRI9tzhcFGKTZh4AaABAg,hYmoUMSiNOA,@B2-SHORTS-R,Jaldi jaldi video banao,5,2026-03-14T06:08:22Z,2026-03-15T09:36:38.706710
UgxSfw9AQoUTRtY2red4AaABAg,hYmoUMSiNOA,@crazy_chirag_07,Bhaiya jaldi jaldi video banake upado kro na😢😢😢,10,2026-03-14T02:33:16Z,2026-03-15T09:36:38.706710
UgyWGmF0bMU1y-7ATrZ4AaABAg,hYmoUMSiNOA,@Movie-e9p,Next part 7,6,2026-03-14T02:46:56Z,2026-03-15T09:36:38.706710
UgxIh3thcEzO65lUhQN4AaABAg,hYmoUMSiNOA,@Mnpreet8446,Bhai greenhouse mai only lettuce grow kro,4,2026-03-14T02:45:35Z,2026-03-15T09:36:38.706710
UgzFTTACzvQJY1C7DpR4AaABAg,hYmoUMSiNOA,@univrsal_info,Vote for next part 🎉,0,2026-03-14T04:19:22Z,2026-03-15T09:36:38.706710
Ugxg4m3sSWDCkaXiAMh4AaABAg,hYmoUMSiNOA,@Karanshort7061,Mast video ha next part,4,2026-03-14T03:02:06Z,2026-03-15T09:36:38.706710
Ugy-D4wn7zg-mOxWt5F4AaABAg,tfXIQuBcXjQ,@SatishMatato,Jio Raja,3,2026-03-13T01:22:04Z,2026-03-15T09:36:39.689903
UgxxnZ2f_ckpKazZdo94AaABAg,tfXIQuBcXjQ,@jagdishyadav391,Koi original song Gao dusra ka gana chori mat karo,2,2026-03-13T09:37:41Z,2026-03-15T09:36:39.689903
UgwqRHx4XRX0MMNWIeN4AaABAg,tfXIQuBcXjQ,@abhirupasaha1740,Wow nice song vhai,2,2026-03-12T18:06:39Z,2026-03-15T09:36:39.689903
UgwnwOF6k8YU8TAUDzV4AaABAg,tfXIQuBcXjQ,@SunnySharma-w5i,❤️❤️,1,2026-03-14T02:40:41Z,2026-03-15T09:36:39.689903
UgwcG0goXY__0QluGKd4AaABAg,tfXIQuBcXjQ,@tribhuvanyadav1467,❤❤,3,2026-03-13T06:44:49Z,2026-03-15T09:36:39.689903
UgwQhzC5_cUuLfBV7B54AaABAg,tfXIQuBcXjQ,@BittuMR77,Koi original song Gao tab na viral hoga,10,2026-03-12T10:22:12Z,2026-03-15T09:36:39.689903
Ugx9fVZToUSox3CpHS54AaABAg,tfXIQuBcXjQ,@BabluRana-d8s,Copy song 😂😂😂,1,2026-03-13T03:18:46Z,2026-03-15T09:36:39.689903
UgxWnD_Mj-09yBRvZZZ4AaABAg,tfXIQuBcXjQ,@SajanKumar-n8b,Deepak Raj Yadav jhumta star king,1,2026-03-13T05:04:16Z,2026-03-15T09:36:39.689903
UgzhQpRruivDQhIheWh4AaABAg,tfXIQuBcXjQ,@mithunkumar5051,Chota singers ka gana churate hai kavi apna lyrics me gao tab na nam hoga 😂,1,2026-03-14T02:06:42Z,2026-03-15T09:36:39.689903
UgxCAORHOOt4dNy0_jd4AaABAg,tfXIQuBcXjQ,@tulsi939,❤❤❤❤,0,2026-03-14T15:18:47Z,2026-03-15T09:36:39.689903
Ugwd4kerGFBCQgMnZ-F4AaABAg,VfZIDdh7Ve8,@Vikas-m1f6n,Car espace karo,1,2026-03-14T13:41:33Z,2026-03-15T09:36:40.690017
UgxFouzhBmqVcnbh3KZ4AaABAg,VfZIDdh7Ve8,@shresthmandal3172,😮,0,2026-03-14T14:51:36Z,2026-03-15T09:36:40.690017
UgwAlst6LrnIEuwgnNx4AaABAg,6j0jqPl9jt0,@RanjeetKumar-fk5tu,😮😮😮,1,2026-03-14T11:58:05Z,2026-03-15T09:36:41.584840
UgyFLCVZ_T7iLl7wVwp4AaABAg,6j0jqPl9jt0,@ChandanKumarTellDaddy,🎉🎉🎉🎉,1,2026-03-11T09:29:44Z,2026-03-15T09:36:41.584840
UgwBFgeD0jbK9jAol7x4AaABAg,6j0jqPl9jt0,@GuddiKumari-i8u,👿👿👿👿👿👿👿👿👿👿👿👿👿👿,0,2026-03-14T11:45:00Z,2026-03-15T09:36:41.584840
Ugx14E8ErB_QUlY1-yd4AaABAg,6j0jqPl9jt0,@NikkuKumar-b9o1c,Bahi❤,0,2026-03-14T05:09:05Z,2026-03-15T09:36:41.584840
Ugxd0DfP3JHT4Y8e3hF4AaABAg,6j0jqPl9jt0,@ankitKumar-s9n5v,🎉🎉🎉🎉🎉🎉,1,2026-03-11T13:05:24Z,2026-03-15T09:36:41.584840
UgwRMq_nZu8_46_2Eat4AaABAg,6j0jqPl9jt0,@Ramsurat.munita-x3k,❤❤❤🎉🎉🎉🎉,2,2026-03-13T10:13:39Z,2026-03-15T09:36:41.584840
UgwOMINFX1BQ1hv4IOJ4AaABAg,6j0jqPl9jt0,@MdK-j1e,Ko 😞,0,2026-03-14T08:13:11Z,2026-03-15T09:36:41.584840
UgxlGE5FmvutsAlOBdd4AaABAg,6j0jqPl9jt0,@RahulKumar-o6e6r,Jio.bhai😈😈😈,4,2026-03-13T10:43:22Z,2026-03-15T09:36:41.584840
UgyVGvauC91ybUyrExh4AaABAg,6j0jqPl9jt0,@MdK-j1e,Good 😂,0,2026-03-14T08:12:27Z,2026-03-15T09:36:41.584840
Ugy2pC61lpz2YG4boF14AaABAg,6j0jqPl9jt0,@SurendraPaswan-y7d,🎉🎉🎉🎉🎉🎉🎉🎉🎉🎉🎉,15,2026-03-11T05:26:02Z,2026-03-15T09:36:41.584840
UgzRt98CqAV9X49a9lN4AaABAg,6j0jqPl9jt0,@LUCKYRAJA45,❤❤❤❤❤😊😊😊😊 Love you Bansidhar,0,2026-03-13T05:27:01Z,2026-03-15T09:36:41.584840
UgwDRywIvJ-BPkdIkQ54AaABAg,6j0jqPl9jt0,@SantoshKumarYadavSantoshKu-h9u,M❤kAp❤❤❤❤❤❤🎉,4,2026-03-11T07:20:13Z,2026-03-15T09:36:41.584840
Ugxpth7cfEZ39bzs4JN4AaABAg,6j0jqPl9jt0,@MukeshKumar-l3g5p,"❤❤❤❤❤❤❤❤❤❤❤❤ <a href=""https://www.youtube.com/watch?v=6j0jqPl9jt0&amp;t=11"">0:11</a>",1,2026-03-11T14:49:37Z,2026-03-15T09:36:41.584840
Ugy8A4oZYGwrhEHa1G14AaABAg,6j0jqPl9jt0,@AmanKumar-q7u8r,❤❤❤❤❤❤❤❤❤,3,2026-03-11T01:09:51Z,2026-03-15T09:36:41.584840
UgylCcLO3PSio5BnKrp4AaABAg,6j0jqPl9jt0,@AjitkumarRay-p3f,❤❤❤❤,0,2026-03-12T07:19:52Z,2026-03-15T09:36:41.584840
UgxNIjeNgJL5LBzJA494AaABAg,6j0jqPl9jt0,@NareshSingh-pz5ye,♥️♥️💕💕💕💕💔💔💔,1,2026-03-12T11:06:07Z,2026-03-15T09:36:41.584840
UgwH3VNGZ_c6BvRwzV54AaABAg,6j0jqPl9jt0,@PawanKumar-fe8vf,Mast song ❤❤,1,2026-03-14T05:46:09Z,2026-03-15T09:36:41.584840
UgzZf1kOxEemFaXMRaZ4AaABAg,6j0jqPl9jt0,@SurajSahani-qs4xf,King of चौधरी साहब ❤,5,2026-03-12T03:36:03Z,2026-03-15T09:36:41.584840
UgwFYDltr7cbQKG1c7N4AaABAg,6j0jqPl9jt0,@SujeetMahto-z3t,❤❤❤❤❤❤❤❤❤❤❤❤❤❤❤❤❤❤❤🎉🎉,0,2026-03-12T10:28:59Z,2026-03-15T09:36:41.584840
Ugxk8aYWMXDAgmeJSxp4AaABAg,6j0jqPl9jt0,@PkK-g2c,❤❤❤❤❤❤❤❤❤❤❤❤❤❤❤❤❤❤❤❤❤❤❤😂❤❤❤❤❤❤,1,2026-03-11T07:48:06Z,2026-03-15T09:36:41.584840
UgyMwHp86uVFfNpMf654AaABAg,6ITRIA3_sOM,@RajeshViswakarma-i1b,😂😅😅😅😅😅😅,3,2026-03-14T06:01:07Z,2026-03-15T09:36:45.221658
UgyLMWTMR2RFv-lqPnt4AaABAg,6ITRIA3_sOM,@BabulalBagri-e7u,😅😅,2,2026-03-11T13:22:53Z,2026-03-15T09:36:45.221658
UgzzR2RG5v87VM4j1qx4AaABAg,6ITRIA3_sOM,@GaneshDive-b7l,😮😮,4,2026-03-12T12:02:41Z,2026-03-15T09:36:45.221658
Ugzc9kql4OHMB7PAU6N4AaABAg,6ITRIA3_sOM,@durgraj_zate_18,😢,1,2026-03-14T14:19:11Z,2026-03-15T09:36:45.221658
UgwnWEKG2Ninw8L1af14AaABAg,6ITRIA3_sOM,@pankajpankaj3817,❤❤❤😅😅😢ii,0,2026-03-14T14:16:41Z,2026-03-15T09:36:45.221658
Ugx-mFZc2QEgssedx554AaABAg,6ITRIA3_sOM,@KishanSarswat-x7b,❤❤❤❤🎉,1,2026-03-14T13:29:28Z,2026-03-15T09:36:45.221658
UgzZ9wQX84thCIVhmxl4AaABAg,6ITRIA3_sOM,@KishanRoy-n6n,❤,6,2026-03-11T11:08:14Z,2026-03-15T09:36:45.221658
UgxioG1Z2_SmzQut1BJ4AaABAg,6ITRIA3_sOM,@AmanSharmaSharma-l7t,❤❤❤❤,4,2026-03-11T08:13:04Z,2026-03-15T09:36:45.221658
UgxQ4NZCR9ilhPh3cvd4AaABAg,6ITRIA3_sOM,@KanakBhukta,"চ <a href=""https://www.youtube.com/watch?v=6ITRIA3_sOM&amp;t=333"">5:33</a> <a href=""https://www.youtube.com/watch?v=6ITRIA3_sOM&amp;t=335"">5:35</a> <a href=""https://www.youtube.com/watch?v=6ITRIA3_sOM&amp;t=335"">5:35</a> <a href=""https://www.youtube.com/watch?v=6ITRIA3_sOM&amp;t=336"">5:36</a>",1,2026-03-12T03:02:12Z,2026-03-15T09:36:45.221658
Ugyyg3UkADuwDelr-xZ4AaABAg,6ITRIA3_sOM,@Zohaib-r8t3z,My favorite 💖,19,2026-03-10T22:00:17Z,2026-03-15T09:36:45.221658
Ugwiso5xAC4Jz3OphPB4AaABAg,6ITRIA3_sOM,@محمدبنمحمد-خ6ذ,مفضلتي اموت على هدى الاغنيه,2,2026-03-13T21:52:44Z,2026-03-15T09:36:45.221658
UgyiSJ03G-K-mZNIMT94AaABAg,6ITRIA3_sOM,@RaghuKumar-e1x4v,Hi boy hi arn paty na sore,18,2026-03-10T16:19:27Z,2026-03-15T09:36:45.221658
UgwaZ9lzCv46nBalSfV4AaABAg,6ITRIA3_sOM,@govindmandal3741,❤❤❤ Very nice song ❤,2,2026-03-14T15:02:15Z,2026-03-15T09:36:45.221658
UgxIJD4HqicnduUzrah4AaABAg,6ITRIA3_sOM,@ChintuPatel-m2h,😂,1,2026-03-11T09:13:30Z,2026-03-15T09:36:45.221658
Ugx3SzhKouzrGthVE2N4AaABAg,6ITRIA3_sOM,@SubashKumar-x8j3b,❤❤❤❤❤😂,2,2026-03-12T04:58:24Z,2026-03-15T09:36:45.221658
UgztQyg13k7xL9W8juV4AaABAg,6ITRIA3_sOM,@AyushSrivastava-u1r,रीत😅,2,2026-03-10T16:46:30Z,2026-03-15T09:36:45.221658
Ugwql2MTUFIrsKnzyOt4AaABAg,6ITRIA3_sOM,@ChatarKaka-i5l,Daro,0,2026-03-12T13:18:26Z,2026-03-15T09:36:45.221658
Ugy78wTLZToBWCUedC94AaABAg,6ITRIA3_sOM,@PunamKumari-w2r4o,"😂❤🎉😂 <a href=""https://www.youtube.com/watch?v=6ITRIA3_sOM&amp;t=85"">1:25</a>",1,2026-03-12T13:53:56Z,2026-03-15T09:36:45.221658
UgxyA1cFW0tgV43Cedt4AaABAg,6ITRIA3_sOM,@KishanRoy-n6n,😂,1,2026-03-11T11:08:28Z,2026-03-15T09:36:45.221658
UgxzRQIiz75Z-Irf0HN4AaABAg,6ITRIA3_sOM,@rohidaspawar2302,❤,0,2026-03-11T14:05:16Z,2026-03-15T09:36:45.221658
UgxW0W7SbyBnaj9d2_B4AaABAg,3l7bvHIQ_As,@shreyanbiswas5360,From saying chicken dinner in FF to &quot;Booyah Booyah Booyah&quot; in BGMI......sid came a long way,543,2026-03-14T12:56:52Z,2026-03-15T09:36:49.193027
UgxU-AsZeTijt-DwVJZ4AaABAg,3l7bvHIQ_As,@BakloL__098,&quot;Mai tumhe waha se harauga<br>Jaha se tumhe sabse zyada dard hoga”🗿,245,2026-03-14T13:14:13Z,2026-03-15T09:36:49.193027
UgwVcbUWFxs745eDscV4AaABAg,3l7bvHIQ_As,@tabahied1ts,"Goblin without extended mag vs Jonathan with extended mag, Still!😭😭",308,2026-03-14T13:10:38Z,2026-03-15T09:36:49.193027
UgxQoEx9DNyp1zrgKlZ4AaABAg,3l7bvHIQ_As,@AkshatGupta-okkhai,"<a href=""https://www.youtube.com/watch?v=3l7bvHIQ_As&amp;t=177"">2:57</a> SID - tum jis team mai jaogai mai soul mai jaake tmhe harao ga💀🔥🚀 got real",183,2026-03-14T13:05:57Z,2026-03-15T09:36:49.193027
UgyUSNSnOi8ziF7f2vF4AaABAg,3l7bvHIQ_As,@Zoro_The_Lost_Gooner,Johny - 10 ammo tha 2 connect hua phir switch Kiya nhi maar paya<br>Gobu - 4 ammo tha 3 connect hua phir switch Kiya mar diya<br><br>Kisne haga ???,59,2026-03-14T16:25:16Z,2026-03-15T09:36:49.193027
UgyRBjVKT5_aX0S3SPZ4AaABAg,3l7bvHIQ_As,@amitnegi4929,Bs sid bhai k isi reaction ka wait kr rha tha m😂😂❤,211,2026-03-14T12:32:20Z,2026-03-15T09:36:49.193027
Ugy43SwFJtrJ93RItiN4AaABAg,3l7bvHIQ_As,@helixopgg,Goblin ke s12k me 4 bullets the uska reload aa gya tha to bhi maar diya 🗿🗿,103,2026-03-14T13:21:50Z,2026-03-15T09:36:49.193027
UgyqE9xLIgSS5q_tiup4AaABAg,3l7bvHIQ_As,@FUNNY_MEMS56,Goblin ki shotgun me sirf 3 hi emmo thii reload aagya uska usne choke nhi kiya 🚀🚀💀,32,2026-03-14T13:48:38Z,2026-03-15T09:36:49.193027
UgzRbCDJN9beeAEkrHh4AaABAg,3l7bvHIQ_As,@helikshukla18,El classico fr,61,2026-03-14T12:32:11Z,2026-03-15T09:36:49.193027
UgwGPn0_vf71UHUvU0J4AaABAg,3l7bvHIQ_As,@Podcasty356i,Majaa aa rha h soul godlike ko dekh kerrrr💛🚀🫂,40,2026-03-14T13:04:40Z,2026-03-15T09:36:49.193027
UgyPwHAiecwgnQ-Xiy14AaABAg,3l7bvHIQ_As,@R4MB0-g7z,Mai nhi bata skta ki soul ke aage 30-40 position point dekh ke kitni Khushi ho rhi hai 😭😭 pehle sirf kills kills ab position point bhi dikh rhe <br>My Goat Nakul🐐♥️🚀,76,2026-03-14T13:01:14Z,2026-03-15T09:36:49.193027
UgzLBMKhIpl4dNK2nK14AaABAg,3l7bvHIQ_As,@parth0512,Peak of bgmi🐐,40,2026-03-14T12:30:12Z,2026-03-15T09:36:49.193027
UgyvDPDI-SHNJX-3Gad4AaABAg,3l7bvHIQ_As,@raghavv274,"goat vs goat, fir bolte hain dono ne same hagaa hai 😭😭",16,2026-03-14T13:29:58Z,2026-03-15T09:36:49.193027
Ugzf8O_OgDkzjv0C1vB4AaABAg,3l7bvHIQ_As,@salmandalvi7709,"<a href=""https://www.youtube.com/watch?v=3l7bvHIQ_As&amp;t=11"">0:11</a> legit legit legit legit legit legit legit leegiiiiiitttttt 😅",33,2026-03-14T14:33:29Z,2026-03-15T09:36:49.193027
UgwgUy2X1EjvEyPbs0R4AaABAg,3l7bvHIQ_As,@ramuaryal8739,Inta fast to mera Wi-Fi bhi nai hai Sid bhai,37,2026-03-14T12:33:00Z,2026-03-15T09:36:49.193027
Ugxtfodu6PfG-viIP9d4AaABAg,3l7bvHIQ_As,@tk_xeno07,"<a href=""https://www.youtube.com/watch?v=3l7bvHIQ_As&amp;t=190"">3:10</a> bhai bgmi hai ye 😂",135,2026-03-14T12:39:07Z,2026-03-15T09:36:49.193027
UgxwV_BSlWu9ywgZTOh4AaABAg,3l7bvHIQ_As,@GxdLayushh,"<a href=""https://www.youtube.com/watch?v=3l7bvHIQ_As&amp;t=264"">4:24</a> 😂😂mera bhi yeh rxn tha",25,2026-03-14T13:01:45Z,2026-03-15T09:36:49.193027
UgyaPAL-gMT-zuE9vVh4AaABAg,3l7bvHIQ_As,@ShivanshMishra-xd7bf,IQOOSOUL🧿🧿☠☠❤❤🚀🚀,28,2026-03-14T12:30:54Z,2026-03-15T09:36:49.193027
UgymOJJaF3ucGoKU2Rp4AaABAg,3l7bvHIQ_As,@Priyanshu_rajoriya,"<a href=""https://www.youtube.com/watch?v=3l7bvHIQ_As&amp;t=184"">3:04</a> booyah😂",13,2026-03-14T13:44:42Z,2026-03-15T09:36:49.193027
Ugx6GJz3qzcF5VGUthZ4AaABAg,3l7bvHIQ_As,@supernova652,Goblin ne bahot baar atleast 95% times Pinky ko 1v1 haraya hai. Pinky ke paas height advantage tha aur Goblin pehle doosre side dekh rha tha.😅,21,2026-03-14T13:36:28Z,2026-03-15T09:36:49.193027
UgyW3ERGZ2zc2i3bjmt4AaABAg,_VOBTY0IZzU,@only.prince001,2026 mekitne pyare song chal rhe h❤,1,2026-03-14T14:27:01Z,2026-03-15T09:36:50.225914
UgyNPn_FwIGPgev1gs54AaABAg,_VOBTY0IZzU,@TaslimKassar-p2d,Univ imp huvi,7,2026-03-13T14:20:58Z,2026-03-15T09:36:50.225914
UgwvTzwpS6LYxVqLwPh4AaABAg,_VOBTY0IZzU,@madhurani3024,😂😂😂😂😂😂😂😂,2,2026-03-13T12:25:57Z,2026-03-15T09:36:50.225914
Ugyu7u2nzcoFgv2IpeZ4AaABAg,_VOBTY0IZzU,@BabitaJi-o1l3e,❤❤😂😂,1,2026-03-14T15:08:10Z,2026-03-15T09:36:50.225914
UgxjhC7wurBf_NrqFP54AaABAg,_VOBTY0IZzU,@ShadChoudhary-c2s,Bu u jii ni,1,2026-03-13T14:34:12Z,2026-03-15T09:36:50.225914
Ugz7GdR2S5KZD3J-vPN4AaABAg,vIxU4iK0PTg,@prabhavgaming_1,Vote for senpai bros face reveal<br>👇,316,2026-03-14T03:42:55Z,2026-03-15T09:36:51.239823
Ugy347vYgbvXWPalCmp4AaABAg,vIxU4iK0PTg,@JISHAAN_SINGH_GAMING,Vote for blox fruit,59,2026-03-14T03:39:24Z,2026-03-15T09:36:51.239823
Ugx6tehyqXDOFEX05pB4AaABAg,vIxU4iK0PTg,@Aaditya99755,Vote for senpai make a game<br>👇,68,2026-03-14T03:40:15Z,2026-03-15T09:36:51.239823
Ugx8LiAoDOvsI4UgUTl4AaABAg,vIxU4iK0PTg,@SanjudeviPrajapati-r7p,Vote for senpai&#39;s own game in Roblox.<br>👇,2,2026-03-14T14:09:52Z,2026-03-15T09:36:51.239823
UgzEhe_HR-pfP0_1Eyx4AaABAg,vIxU4iK0PTg,@SamarpreetSandhu-r4e6k,"<a href=""https://www.youtube.com/watch?v=vIxU4iK0PTg&amp;t=558"">9:18</a> bro was 10 that time ..pure nostalgia for u",4,2026-03-14T09:03:41Z,2026-03-15T09:36:51.239823
Ugy5WvOBwVuMo3vplKN4AaABAg,vIxU4iK0PTg,@Zenkai_Verse,play shindo life it is based on naruto,7,2026-03-14T06:40:09Z,2026-03-15T09:36:51.239823
UgzpEuIAiVZ5q6gTLDJ4AaABAg,vIxU4iK0PTg,@aarushsingh7355,Unemployment at peak <br>😂😂😂 6 second me,3,2026-03-14T03:39:51Z,2026-03-15T09:36:51.239823
Ugw587JyP3U8Bq9TSUJ4AaABAg,vIxU4iK0PTg,@sumayyasadaf7167,"<a href=""https://www.youtube.com/watch?v=vIxU4iK0PTg&amp;t=493"">8:13</a> he looks like mahak bhai 😢😢",2,2026-03-14T19:16:30Z,2026-03-15T09:36:51.239823
UgzT110UIkK4YBHN5Yx4AaABAg,vIxU4iK0PTg,@Backbencher_Plays,Vote for Senpai game❤<br>👇,3,2026-03-14T03:40:05Z,2026-03-15T09:36:51.239823
UgzlfhlJfVBgZkVoaZZ4AaABAg,vIxU4iK0PTg,@beast_gaming5309,Senpai bhai apka face dikgya mere nano banana featured se❤,1,2026-03-14T11:09:15Z,2026-03-15T09:36:51.239823
UgyEp4oelFLJeOi0MLd4AaABAg,vIxU4iK0PTg,@Devil_girl02-q6k,"<a href=""https://www.youtube.com/watch?v=vIxU4iK0PTg&amp;t=164"">2:44</a>  congratulations 👏🎉 😂",6,2026-03-14T03:50:47Z,2026-03-15T09:36:51.239823
UgzNkisoE4YNmwwvEmZ4AaABAg,vIxU4iK0PTg,@DeadSpiderG0D,"<a href=""https://www.youtube.com/watch?v=vIxU4iK0PTg&amp;t=138"">2:18</a> Omg !! Meko pata tha ke Ap gym kr rahe ho lol . Meko feeling ajati ha haha",2,2026-03-14T04:21:13Z,2026-03-15T09:36:51.239823
UgwuRG_rmSO-C3uiOqt4AaABAg,vIxU4iK0PTg,@Devil_girl02-q6k,"<a href=""https://www.youtube.com/watch?v=vIxU4iK0PTg&amp;t=399"">6:39</a>  😂",3,2026-03-14T03:56:59Z,2026-03-15T09:36:51.239823
UgwKDFjpc0UzCGcBUE14AaABAg,vIxU4iK0PTg,@bartist4010,Bhaiya me first time appse kuch manga hu plss,1,2026-03-14T10:14:30Z,2026-03-15T09:36:51.239823
UgxQlKe1fVBm96GaYwB4AaABAg,vIxU4iK0PTg,@Soul_Felix,W senpai ❤❤,18,2026-03-14T03:59:07Z,2026-03-15T09:36:51.239823
UgxmGAicf3NZAJiLHVp4AaABAg,vIxU4iK0PTg,@Devil_girl02-q6k,"<a href=""https://www.youtube.com/watch?v=vIxU4iK0PTg&amp;t=437"">7:17</a>  again congratulations 🎉👏 but 67 ko dhokha de diya 😂",3,2026-03-14T03:58:25Z,2026-03-15T09:36:51.239823
UgzJv7pixUFbuv8Wc2F4AaABAg,vIxU4iK0PTg,@rashmis_homemade_cakes,"<a href=""https://www.youtube.com/watch?v=vIxU4iK0PTg&amp;t=139"">2:19</a> bhaiya gym kar rahe ho to face reveal and jawline reveal kar do😅",2,2026-03-14T05:26:15Z,2026-03-15T09:36:51.239823
UgyUGsQTEArMgSUi7yl4AaABAg,vIxU4iK0PTg,@RIP_RUMBlE43,Lol,3,2026-03-14T03:39:18Z,2026-03-15T09:36:51.239823
UgwvXy2qgdicVZTNHYd4AaABAg,vIxU4iK0PTg,@BatakrushnaMalik-b8n,Senpai face reveal🎉❤,1,2026-03-14T08:33:31Z,2026-03-15T09:36:51.239823
UgxmwQF4aXGZIVbOTbZ4AaABAg,vIxU4iK0PTg,@UttarpradeshVali,"<a href=""https://www.youtube.com/watch?v=vIxU4iK0PTg&amp;t=283"">4:43</a>  Senapi The devil 😂❤",7,2026-03-14T03:49:17Z,2026-03-15T09:36:51.239823
UgwPcvuwmv_Ry_iiQUp4AaABAg,dZmavwgtpc0,@DilsadKhan-s1w6x,❤😍,0,2026-03-15T03:20:39Z,2026-03-15T09:36:52.252472
UgxzMbosPdnRdXSWwSV4AaABAg,dZmavwgtpc0,@sunnyjmd-v9j,🎉🎉🎉🎉,1,2026-03-12T18:17:52Z,2026-03-15T09:36:52.252472
UgxF6eA6xoxrw1xmgcR4AaABAg,dZmavwgtpc0,@AryanRulhan-v7b,🎉🎉,3,2026-03-13T08:44:12Z,2026-03-15T09:36:52.252472
UgxSaIDTrjrrHZa5nI54AaABAg,dZmavwgtpc0,@Manjuगंगवार,🎉,7,2026-03-12T12:40:39Z,2026-03-15T09:36:52.252472
UgxRzPa_M26bjjS9Uih4AaABAg,xnxWKKgPsg0,@Hmm_Gops,Spoiler blocker 🚧🚧🚧,27,2026-03-14T21:08:10Z,2026-03-15T09:36:52.743244
Ugz0Z13M6_LKwIhEHmV4AaABAg,xnxWKKgPsg0,@VIVEK_VSI,"<a href=""https://www.youtube.com/watch?v=xnxWKKgPsg0&amp;t=12100"">3:21:40</a> To confuse your enemies first you should confuse yourself aa moment 😂😂 Crazy TP!!!!!!",6,2026-03-14T21:21:46Z,2026-03-15T09:36:52.743244
UgwzFyR0vYRIlTbuJt94AaABAg,xnxWKKgPsg0,@Lucifer128-t3t,Crazy ❤,0,2026-03-14T21:54:37Z,2026-03-15T09:36:52.743244
Ugxw9N7gbw_lNtOjoFt4AaABAg,xnxWKKgPsg0,@Harshit-1612,Pacific on top,1,2026-03-15T02:28:47Z,2026-03-15T09:36:52.743244
UgzvOJn7hoPMVvZgeEV4AaABAg,xnxWKKgPsg0,@pruthvikumar2944,Breaching spoiler blocker (prx won),1,2026-03-15T03:40:14Z,2026-03-15T09:36:52.743244
UgxO0rqTGlGKjzqYVHN4AaABAg,xnxWKKgPsg0,@varunpandey6297,"<a href=""https://www.youtube.com/watch?v=xnxWKKgPsg0&amp;t=430"">7:10</a> <a href=""https://www.youtube.com/watch?v=xnxWKKgPsg0&amp;t=608"">10:08</a> <a href=""https://www.youtube.com/watch?v=xnxWKKgPsg0&amp;t=1576"">26:16</a> <a href=""https://www.youtube.com/watch?v=xnxWKKgPsg0&amp;t=1681"">28:01</a> <a href=""https://www.youtube.com/watch?v=xnxWKKgPsg0&amp;t=2826"">47:06</a> <a href=""https://www.youtube.com/watch?v=xnxWKKgPsg0&amp;t=3029"">50:29</a> <a href=""https://www.youtube.com/watch?v=xnxWKKgPsg0&amp;t=3278"">54:38</a> <a href=""https://www.youtube.com/watch?v=xnxWKKgPsg0&amp;t=6360"">1:46:00</a> <a href=""https://www.youtube.com/watch?v=xnxWKKgPsg0&amp;t=6442"">1:47:22</a> <a href=""https://www.youtube.com/watch?v=xnxWKKgPsg0&amp;t=8848"">2:27:28</a>",0,2026-03-15T01:41:51Z,2026-03-15T09:36:52.743244
UgwxQxU1AFLnVmqwESd4AaABAg,xnxWKKgPsg0,@TejaBharadwaj-l7s,Yeh achha hua actually.. because the only team that can deal with Dambi and francis is PRX nly. Dono pagal teams hai.. maza aayega.,2,2026-03-14T23:56:42Z,2026-03-15T09:36:52.743244
UgwNzHYhmhAg_CaT09Z4AaABAg,xnxWKKgPsg0,@SanArthur,just delete yoru at this point,1,2026-03-14T21:38:19Z,2026-03-15T09:36:52.743244
UgwcUn63I2FRgsji_ml4AaABAg,36zuvzQmK8g,@AtulPathak-2277,Kaun-kaun thara Bhai Joginder se Instagram per video dekhkar aaya Hai😂😂😂😂😂,72,2026-03-12T13:09:35Z,2026-03-15T09:36:53.283442
UgzPXv6F-ukNviqAW5Z4AaABAg,36zuvzQmK8g,@kashurfunkar6026,Now the owner of volume 1 is on your screen . Hence proved,9,2026-03-12T12:33:20Z,2026-03-15T09:36:53.283442
UgwMlvfk_BRpL8a-aBV4AaABAg,36zuvzQmK8g,@ReenaSherpura8019,❤❤❤❤,1,2026-03-12T17:49:13Z,2026-03-15T09:36:53.283442
UgwQp9tSljtYuvgdTaF4AaABAg,36zuvzQmK8g,@jaywantijaya9012,"Aj kl bachche wese hi school or discipline ko Kuchh nhi samjhte hai pr badsha se ek request he ki school, school uniform or school ke bachcho ko apne gano se dur hi rkkhe agr pda nhi skte to kripya pdne de, ajkl ki generation to wese hi in sbse pehle hi barbad he or barbad krne me apna sehyog na de🙏🙏🙏",56,2026-03-11T15:02:40Z,2026-03-15T09:36:53.283442
UgwQairp3BvhZvslztJ4AaABAg,36zuvzQmK8g,@ZavedMushtaque,Ya sab Meray sab choty tha Meray pass atay tha pata chal gaya nice song nice voice,1,2026-03-11T19:08:15Z,2026-03-15T09:36:53.283442
UgwgQcueYKzio96YpRx4AaABAg,36zuvzQmK8g,@kritzj7030,Underrated criminally 😂,13,2026-03-11T18:03:43Z,2026-03-15T09:36:53.283442
UgyNnLEqUGveYWz_0IF4AaABAg,36zuvzQmK8g,@JoydeepSharma-c7q,Badshah no no no no<br>Chhichhora yes yes yes yes,81,2026-03-10T16:22:17Z,2026-03-15T09:36:53.283442
Ugz__ZCcKETuLhSAXV94AaABAg,36zuvzQmK8g,@poonamjangir5412,Love from india big fan of you amir sir  ❤❤❤🙏🙏🙏🇮🇳🇮🇳🇮🇳,0,2026-03-14T18:12:40Z,2026-03-15T09:36:53.283442
UgyHeY30DJLhAQNVzOx4AaABAg,36zuvzQmK8g,@NarinderSingh-fz96,Abhi haryana dgp ko send karta hu,0,2026-03-11T18:29:25Z,2026-03-15T09:36:53.283442
Ugzt8OZ9hEr0ETn1ofp4AaABAg,36zuvzQmK8g,@ZavedMushtaque,Mei souchta tha Meray sat ho kia Raha hai thanks you so much kushi kay asou tomhara bachpan hahaha system,0,2026-03-11T19:07:27Z,2026-03-15T09:36:53.283442
UgzTgdGkjd3BetZ-dJZ4AaABAg,36zuvzQmK8g,@nitingargya6267,Mast gana hai badshah bhai,5,2026-03-11T14:17:11Z,2026-03-15T09:36:53.283442
Ugxpz_IJVjxF8W-jq2p4AaABAg,36zuvzQmK8g,@VinayBhardwaj-tr1rs,Dance Ek no hai,0,2026-03-12T11:17:41Z,2026-03-15T09:36:53.283442
Ugx4OMYjs83oAXAArd94AaABAg,36zuvzQmK8g,@DrKrantiVijay,मैं वेल कनेक्टेड स्पिरिचुअली 😂,1,2026-03-13T12:58:28Z,2026-03-15T09:36:53.283442
UgwYJy0AKzU3hAkoQmR4AaABAg,36zuvzQmK8g,@iloveharyanaharyanvi442,Video 2 din m har news channel par,4,2026-03-11T17:10:54Z,2026-03-15T09:36:53.283442
UgwfNTydPW_5zUD1Pnd4AaABAg,36zuvzQmK8g,@dhandhanbabadeepsinghji001,Jo ladkiya gaa rahi h boooht acha laga,1,2026-03-12T07:28:25Z,2026-03-15T09:36:53.283442
UgyIO6CuN-0DIG9JdW54AaABAg,36zuvzQmK8g,@parvezsiddiqui8729,Change the word ..which have problem,1,2026-03-13T04:53:13Z,2026-03-15T09:36:53.283442
Ugw-LK_kccZQgMnmMtR4AaABAg,36zuvzQmK8g,@viralshorts_ak,Agar is song m last m honey Singh paji ka rap hota to ye song jabarjast hota 🎉,1,2026-03-12T11:36:57Z,2026-03-15T09:36:53.283442
Ugxq7XTvQyWsQ1_kC1J4AaABAg,36zuvzQmK8g,@Arnavverma-p9c,I am fan of yoyo paji but ye song achha hai Vibe v hai,1,2026-03-12T14:20:16Z,2026-03-15T09:36:53.283442
UgzpIuqrdcai7piqI4R4AaABAg,36zuvzQmK8g,@iloveharyanaharyanvi442,Arrest warrant hum niklwaye ge,0,2026-03-11T17:11:18Z,2026-03-15T09:36:53.283442
UgzzJj0kn6xTrReRTqh4AaABAg,36zuvzQmK8g,@meGamingFreeFire,Mast song,1,2026-03-11T16:39:44Z,2026-03-15T09:36:53.283442
UgxY2yJFvjin--2lXLd4AaABAg,fDGqZ2YyaVI,@all.54,Jisne like nhi kiya vo exam mai fail 😂,138,2026-03-14T07:32:42Z,2026-03-15T09:36:54.252519
UgyJ0QZ4ctlBohZsXxB4AaABAg,fDGqZ2YyaVI,@I_M_Nallaa,&quot;Jisne like nai kiya wo exam me fail&quot; aisa bolne walo ki aisi ki tesi😅,210,2026-03-14T07:40:57Z,2026-03-15T09:36:54.252519
Ugw4DSdWab79icrunFN4AaABAg,fDGqZ2YyaVI,@kushagraneekhra141,"<a href=""https://www.youtube.com/watch?v=fDGqZ2YyaVI&amp;t=10"">0:10</a> bro Ronnie is dark person😂😂",7,2026-03-14T10:09:05Z,2026-03-15T09:36:54.252519
Ugz1uN-uMAmFdIkIc8p4AaABAg,fDGqZ2YyaVI,@brownfiles12,jan pooch kar kyrox or anna or ronnie marte hain,8,2026-03-14T09:37:08Z,2026-03-15T09:36:54.252519
UgxF3NHp2bD40FnU1VZ4AaABAg,fDGqZ2YyaVI,@AyusH_FF99x_official,"<a href=""https://www.youtube.com/watch?v=fDGqZ2YyaVI&amp;t=12"">0:12</a> Dark🌚🌚",24,2026-03-14T07:39:22Z,2026-03-15T09:36:54.252519
Ugzcnukb2yObYZOnDx94AaABAg,fDGqZ2YyaVI,@SeemaVerma-i6e,Dev bhaiya horer gama ka video banao na,1,2026-03-14T18:17:59Z,2026-03-15T09:36:54.252519
Ugx5Fzc31pNZ3FRvNoV4AaABAg,fDGqZ2YyaVI,@scchannel7058,Bhaiya apse 1v3 nhi hoga,6,2026-03-14T09:27:04Z,2026-03-15T09:36:54.252519
Ugx7SIsF5NLYkzSW47V4AaABAg,fDGqZ2YyaVI,@Laxmidevi-gq9wf,"<a href=""https://www.youtube.com/watch?v=fDGqZ2YyaVI&amp;t=11"">0:11</a> wtf💀",23,2026-03-14T09:36:49Z,2026-03-15T09:36:54.252519
UgzCpwfaO3mQpKRQ5Bl4AaABAg,fDGqZ2YyaVI,@ManhaShaikh-q4x,Dev bhaiya lilyville ke strean kab ho gi by the way video roos aa rahi ha nice 👍🏽🙂,4,2026-03-14T08:05:32Z,2026-03-15T09:36:54.252519
Ugys8Rsr60UBe3EEvEJ4AaABAg,fDGqZ2YyaVI,@Jatin_01yt,Lilyville ki stream kyo nhi ho rhi etne time se😢😢,40,2026-03-14T07:32:33Z,2026-03-15T09:36:54.252519
Ugy5iP6STQwPDQZLS7J4AaABAg,fDGqZ2YyaVI,@blackgoldgamer8096,Funniest manhunt ever 😂😂,1,2026-03-14T19:25:38Z,2026-03-15T09:36:54.252519
UgwJ1la0nRPU-2hxiwJ4AaABAg,fDGqZ2YyaVI,@mayanmaheshwari,Bhai 1 Sal se upar Ho Gaya hey Fleet SMP kab Aaegi,3,2026-03-14T07:56:37Z,2026-03-15T09:36:54.252519
UgwTLJFX4ODMLL_ravF4AaABAg,fDGqZ2YyaVI,@MDIshan-g,Ghost prank with friends,12,2026-03-14T09:42:15Z,2026-03-15T09:36:54.252519
UgxTqpdqZKQL6-L81MV4AaABAg,fDGqZ2YyaVI,@chhavi2009,"<a href=""https://www.youtube.com/watch?v=fDGqZ2YyaVI&amp;t=3599"">59:59</a> Lol 😂😂😂",9,2026-03-14T11:14:29Z,2026-03-15T09:36:54.252519
Ugzfc5LZUPgpnDXaoi14AaABAg,fDGqZ2YyaVI,@honeyyyyyy12333,Thnx bro new video dal n ke liye 🎉,2,2026-03-14T09:31:19Z,2026-03-15T09:36:54.252519
UgxvCnt0cR1kn5SNVYR4AaABAg,fDGqZ2YyaVI,@MrSumitttttt,"<a href=""https://www.youtube.com/watch?v=fDGqZ2YyaVI&amp;t=11"">0:11</a> kon kon smjha 🌚🌚🌚",23,2026-03-14T07:34:18Z,2026-03-15T09:36:54.252519
Ugxvvy3Gf-GF7xblKMN4AaABAg,fDGqZ2YyaVI,@Rudra7XD,Bhai mai kab se wait kar rha tha ki nayi video kab aayegi,1,2026-03-14T08:11:52Z,2026-03-15T09:36:54.252519
Ugw9K4K6fy5BN_oqrAd4AaABAg,fDGqZ2YyaVI,@ashiqueahmed322,Dev bhaiya or manhunt ki video lao,0,2026-03-15T01:33:21Z,2026-03-15T09:36:54.252519
UgyKEo6V5ICjFZflJa14AaABAg,fDGqZ2YyaVI,@COCADDA-g5e,Exams chal rhe hain toh bhi 8min ke andar aagya🗿,1,2026-03-14T07:39:40Z,2026-03-15T09:36:54.252519
UgzM4u3z68NXEHL1Go14AaABAg,fDGqZ2YyaVI,@hemalg1711,Hide and seek banao,1,2026-03-14T15:43:28Z,2026-03-15T09:36:54.252519
Ugxh0AUl1tr260Dq0pR4AaABAg,4JH4KpCADyg,@AnshikaVerma-i7l,Jai papmochani ekashashi mata ki jai,0,2026-03-15T03:41:10Z,2026-03-15T09:36:55.249932
Ugx28kYZ9cYisbnGzRl4AaABAg,4JH4KpCADyg,@SureshKumar-nc1ly,Om Jay Jagdish Mata,0,2026-03-15T03:40:55Z,2026-03-15T09:36:55.249932
Ugx_PSM0u_j50CKXJ4p4AaABAg,4JH4KpCADyg,@PoojaRani-t8i1s,Hari Krishna ❤,0,2026-03-15T03:09:00Z,2026-03-15T09:36:55.249932
Ugz8nsBQJgcmapZDqWN4AaABAg,4JH4KpCADyg,@krishnashukla6066,जय एकादशी जय जय एकादशी,2,2026-03-15T02:41:40Z,2026-03-15T09:36:55.249932
UgxgWtDU3jM-K0kkx3B4AaABAg,4JH4KpCADyg,@vijaykumar0762,🌹जय श्री श्याम बाबा की🌹🌹 जय श्री श्याम बाबा आपने मोज कर दी🙏🙏🙏,3,2026-03-14T12:46:58Z,2026-03-15T09:36:55.249932
UgwENlDKN1feptvJfyB4AaABAg,4JH4KpCADyg,@Raja0.4,❤❤❤,0,2026-03-15T03:45:11Z,2026-03-15T09:36:55.249932
UgxOWO49rJX8nZWafYZ4AaABAg,4JH4KpCADyg,@pratibhamishra3033,❤❤❤❤ Jay Shri Shyam Baba,1,2026-03-15T02:14:29Z,2026-03-15T09:36:55.249932
UgwHkLik1ovCXqykwGN4AaABAg,4JH4KpCADyg,@ChhaviSrivastava-upasnadidi,🙏🌹🙏🌹🙏🌹🙏🌹🙏,0,2026-03-14T13:40:15Z,2026-03-15T09:36:55.249932
Ugx4Swh4zWpHmeWHRnB4AaABAg,4JH4KpCADyg,@vijaykumar0762,❤,0,2026-03-14T12:47:14Z,2026-03-15T09:36:55.249932
Ugz6ThzQDZWMxPBJVhN4AaABAg,RBA8FBkgUPc,@mdmahboobalam-y8b,Target bhaiya Franklin Indian bike driving 3D gameke ghar hi jao use gadi dikhane,1,2026-03-14T12:59:01Z,2026-03-15T09:36:55.747517
UgwVC--j3f83ULxPCAx4AaABAg,RBA8FBkgUPc,@chitrameena7200,<b>Vote for Indian bike driving 3D game video</b><br>👇🤫,7,2026-03-14T09:48:45Z,2026-03-15T09:36:55.747517
UgyoI95OAqG61Jwcxa94AaABAg,RBA8FBkgUPc,@zeeshanahmad8302,My super duper Pro target bhaiya GTA v ka 18 part le aao,1,2026-03-14T14:52:23Z,2026-03-15T09:36:55.747517
UgwWfoQBC4kcCYZXJkh4AaABAg,RBA8FBkgUPc,@fatehgurbaaj,Bhaiya please Indian bike driving 3D khelo meet aalu khaoge bhaiya 🥔🥔🥔🥔🥔 meet app drone mod Laga ke niche jaaoge to aapko Pani dikhega aur dusra bhi aap hashtag lagakar mukke per karoge to fir aapko Aag nikal Gaye,1,2026-03-14T16:22:32Z,2026-03-15T09:36:55.747517
Ugy9W9yP1-yBQGAoNUJ4AaABAg,RBA8FBkgUPc,@BidicMadal,Traget bhiya AAP habar bike laka AAP stikey man banoga or Batho ga to magick ho ga I love you target bhiya,3,2026-03-14T13:52:08Z,2026-03-15T09:36:55.747517
UgxqjxNzE_2RxFxhc4V4AaABAg,RBA8FBkgUPc,@VenkteshR-f2d,Are yaar target bhaiya aapane abhi tak Pokemon game nahin khelna mere ko ek game ka pata hai uska naam hai palwold Khel kar dikhao usko pura complete karke dikhao Dam Hai to,1,2026-03-14T17:17:14Z,2026-03-15T09:36:55.747517
Ugwz8Ljg-V1oncQb-Cl4AaABAg,RBA8FBkgUPc,@Naitikkeshawani15,Ek aur Franklin mein donon acche Hain aap donon game khelte Ham Kya Karen,0,2026-03-14T10:18:24Z,2026-03-15T09:36:55.747517
UgzlGMZ-a8cQ5-hzFZV4AaABAg,RBA8FBkgUPc,@Anant_story,Thanks for 72 subscriber❤🎉,1,2026-03-14T13:27:36Z,2026-03-15T09:36:55.747517
UgwrsE4pom-COODiI7p4AaABAg,RBA8FBkgUPc,@RajnathMishra-md1wc,Spider fighter 3 ke video mein bhai aap captain America ko unlock kariye please bhai please Mera comment aap le lo,0,2026-03-14T10:19:08Z,2026-03-15T09:36:55.747517
UgzNSON54vcF0LdGERx4AaABAg,RBA8FBkgUPc,@KalluShukla-g2m,Hello target bhaiya Indian bike driving 3D game mein jo petrol pump Hai vahan per aap 400 wali bike lekar jaaoge aur bike se utar Kar petrol pump ke pass likhoge PT on to aapke bike mein petrol jaane lagega please pic my comment❤❤❤,1,2026-03-14T14:33:02Z,2026-03-15T09:36:55.747517
UgyJ_xoGLd3et2iNkjp4AaABAg,RBA8FBkgUPc,@ArtiSandeep-m5m,Target bhaiya engine bike driving photo ki Krishna ji ki video bnao 🥰🥰🥰,0,2026-03-14T14:00:19Z,2026-03-15T09:36:55.747517
UgyMbYjMsnU8NNlVss14AaABAg,RBA8FBkgUPc,@GamingVerse98,Bhaiya Michael house aur Franklin House game mein kaise dalna hai yah bhi bata do please,0,2026-03-14T09:38:47Z,2026-03-15T09:36:55.747517
UgxqidjHn39P6OffBJN4AaABAg,RBA8FBkgUPc,@siddhisingh1526,Yah Mera comedy agar aap cycle aur ATV mein ek Sath baithoge to Fir Ek magic hoga,0,2026-03-14T09:37:43Z,2026-03-15T09:36:55.747517
Ugy0ueWRZRNG3z2N6n94AaABAg,RBA8FBkgUPc,@AmeerAmeer-b7b4j,Target Bhaiya Indian bike Driving 3d me ap build sompe kar ka build ka sda or hulk ban ha build ka sda jump Marr na ha ap build<br>Under chal Jo gya Bhai ap mere comment nhi lat love Target Bhaiya ❤❤❤❤❤❤❤❤❤❤❤❤❤❤❤❤❤❤❤❤❤❤❤❤❤❤❤❤❤❤❤❤❤❤❤❤❤❤❤❤❤❤❤❤❤,0,2026-03-14T10:05:51Z,2026-03-15T09:36:55.747517
Ugw3Xviif8PqZrr2m7t4AaABAg,RBA8FBkgUPc,@manishasharma6208,Target bhaiya Jab aap Indian Theft Auto ki video banate Ho tab aap thumbnail to sahi dalte ho per Apna Indian Theft Auto ki jagah Indian bike driving 3D ka logo Dal dete Ho,0,2026-03-14T12:10:06Z,2026-03-15T09:36:55.747517
UgwEjvzidGS4FX-ktiV4AaABAg,RBA8FBkgUPc,@FirozKhan-yj9pr,Agar tum gadi ko black colour karoge Indian theft aura mein black colour ke andar dekhoge to dusri City dikhai degi please pic my comment I love u target bhai❤❤,2,2026-03-14T15:05:32Z,2026-03-15T09:36:55.747517
UgzwWeNDEP8c4wq9Az14AaABAg,RBA8FBkgUPc,@RajeshBhagat-f2v,Hello pro Abhishek bhaiya . Ek tagdi wali myth. Laya hu it&#39;s my third comment please take ye jindagi bhar nahi bhuloge.<br>Ita myth : <br>Aapko game ko restart karna hai uske 😊 baad super run lagakar royal Enfield jo ghar ke bahar laga rahta hai use lekar car showroom le jana hai raste me ek bar bhi gadi se utarna nahi hai .bike lekar sidha showroom ke andar chale jana hai aur bike ko sidha voh gol wala part jaha par bike pahle se khadi hoti hai vaha par le jakar khadi hui bike ko thok Dena hai uske bad vahi gadi ko purchase karke royal Enfield se vaha. Tak jana hai jaha😊 gaddi hoti 😊 hai uske bad vahan gadi se utar jana hai aur nai wali gadi per baithkar apne ghar ke pass chale jana hai uske bad ab Apne Ghar Se bhi gadi purchase kar sakte ho,1,2026-03-14T15:03:12Z,2026-03-15T09:36:55.747517
Ugw8JbidOP34F5d67rV4AaABAg,RBA8FBkgUPc,@ParminderSingh-yf1eb,Target bhaiya kuch aise cheat codes jo aap bhul gye honge❤<br><br>1. H11 in rgs tool<br>2. Ui on and ui off   rgs tool<br>3. 4215 on dial pad<br>4. 4050 on dial pad<br>5. 911 on dial pad<br><br>Bhaiya comment lelo me aapka bahot bada fan hu❤❤<br><br>Love you 3000❤,4,2026-03-14T15:14:55Z,2026-03-15T09:36:55.747517
Ugy-al-BHVrJMOgSDAV4AaABAg,RBA8FBkgUPc,@SurenderKumar-x7k1i,Play store ma steal a brainrod kelo plese target bhaiya,0,2026-03-14T10:17:25Z,2026-03-15T09:36:55.747517
UgyLay9MP63-bqhYDbd4AaABAg,RBA8FBkgUPc,@infinitygamer-l9q,Thank you for 10 subscribe ❤,1,2026-03-14T10:39:12Z,2026-03-15T09:36:55.747517
Ugy-drx66GiWXob1pRl4AaABAg,fPFyRfCGJCU,@Niranjankumarraj79,Q bhai log thoda hat ke gana hai na,4,2026-03-12T10:01:04Z,2026-03-15T09:36:56.257633
Ugxw8nwICXC3HWjFbCJ4AaABAg,fPFyRfCGJCU,@Bihartopperhomestudy,nice song viral ❤❤❤❤,6,2026-03-12T11:08:08Z,2026-03-15T09:36:56.257633
Ugw340B5F8nqNcPZi014AaABAg,fPFyRfCGJCU,@gorelalyadavofficial1678,Super bhi song❤❤❤❤,3,2026-03-13T16:06:17Z,2026-03-15T09:36:56.257633
UgzQ89JlRMa10mk9zcl4AaABAg,fPFyRfCGJCU,@mobile22333,Real wala yahi hai,3,2026-03-13T17:36:16Z,2026-03-15T09:36:56.257633
UgxbbqrRXViV-qOK49p4AaABAg,fPFyRfCGJCU,@RaviRanjan-hr9cl,Mast song hai,3,2026-03-13T10:06:53Z,2026-03-15T09:36:56.257633
UgwHnX6AiLD-B1gNoGB4AaABAg,fPFyRfCGJCU,@MaheshRoy-y7n,Super 👍👍🌹🌹🌹,4,2026-03-13T11:31:28Z,2026-03-15T09:36:56.257633
UgzS880KA2l5j2kXnfR4AaABAg,fPFyRfCGJCU,@AjitKumar-b1e1q,Accha song hai,3,2026-03-13T13:24:05Z,2026-03-15T09:36:56.257633
UgxgPHnorGzHxvHPxcZ4AaABAg,fPFyRfCGJCU,@StarMusicSkp,❤🎉❤🎉🎉❤🎉 HIT SONG 🎉❤🎉❤🎉,2,2026-03-13T15:12:03Z,2026-03-15T09:36:56.257633
Ugyt79Jz1GldBd3Dyh54AaABAg,fPFyRfCGJCU,@DRSmusic76,Super song 😍🥰🥰🥰,2,2026-03-14T08:23:01Z,2026-03-15T09:36:56.257633
UgyP6BB3psPRHQn2tVJ4AaABAg,fPFyRfCGJCU,@aryanshurajkumar,Babal macha diya 🎉🎉🎉,7,2026-03-12T01:31:16Z,2026-03-15T09:36:56.257633
Ugys78h8f7M4lsjomON4AaABAg,fPFyRfCGJCU,@msvs0.826,Kon kon reel dhek k  yaha aya hai 😊,8,2026-03-12T06:28:26Z,2026-03-15T09:36:56.257633
UgyaP1wtQ9CkpZtpOdJ4AaABAg,fPFyRfCGJCU,@renukaThakur-o1u,Nice song ❤❤,5,2026-03-12T03:33:08Z,2026-03-15T09:36:56.257633
UgwW1KkeHp89iOZckmp4AaABAg,fPFyRfCGJCU,@such_it200,"Hit song <a href=""https://www.youtube.com/watch?v=fPFyRfCGJCU&amp;t=70"">1:10</a>",4,2026-03-12T08:45:50Z,2026-03-15T09:36:56.257633
UgzoyBOBAWnlHpJtpdt4AaABAg,fPFyRfCGJCU,@Niranjankumarraj79,Babal,6,2026-03-12T07:39:08Z,2026-03-15T09:36:56.257633
Ugzep07xD-eDjvChqu54AaABAg,fPFyRfCGJCU,@AryanshuRaj-i2g,Super 🎉🎉,5,2026-03-12T01:38:39Z,2026-03-15T09:36:56.257633
Ugwrtjb2Nu-IVMawJw54AaABAg,fPFyRfCGJCU,@Niranjankumarraj79,🎉🎉🎉,2,2026-03-12T07:38:59Z,2026-03-15T09:36:56.257633
UgyOHCfyCtIhSL6RTDF4AaABAg,fPFyRfCGJCU,@Shubhamhit9,Super,5,2026-03-12T03:05:32Z,2026-03-15T09:36:56.257633
UgxULOvDHIdttDwheL94AaABAg,fPFyRfCGJCU,@Niranjankumarraj79,🎉🎉🎉🎉🎉🎉,3,2026-03-12T01:51:45Z,2026-03-15T09:36:56.257633
UgzUiarM4jKwdxVOkhV4AaABAg,fPFyRfCGJCU,@such_it200,Facebook  वायरल हो गया है,15,2026-03-12T08:46:41Z,2026-03-15T09:36:56.257633
UgzVal5hUhMrEZbHI0p4AaABAg,fPFyRfCGJCU,@aryanshurajkumar,Mast ❤❤,5,2026-03-12T01:31:03Z,2026-03-15T09:36:56.257633
UgzJls2pVvD-nxjrYc14AaABAg,Fui7y-CNrPU,@Farazahmad-v7k1x,Jo insta me QNA h usme aap answer  de to ha kya abhi,12,2026-03-13T08:41:34Z,2026-03-15T09:36:57.256322
UgwEbsqocS30cQ9z7IV4AaABAg,Fui7y-CNrPU,@Its_tvisha45678,Face reveal kero naaa❤❤,5,2026-03-13T09:02:35Z,2026-03-15T09:36:57.256322
UgxHGQY-KveLeEDZYcZ4AaABAg,Fui7y-CNrPU,@Sr_gaming89_02,Bhai hamara notun notun video Pathak,1,2026-03-13T09:27:50Z,2026-03-15T09:36:57.256322
Ugz2kYa5lYbdMaO67Mp4AaABAg,Fui7y-CNrPU,@jaypatel3922,Kartik bhaiya face reveal<br><br> karoge,1,2026-03-13T16:53:59Z,2026-03-15T09:36:57.256322
UgyD8c8DNoZozv5eqKB4AaABAg,Fui7y-CNrPU,@kunal_free_fire_15,😂😂😂😂😂😂😂😂😂😂,0,2026-03-13T08:59:01Z,2026-03-15T09:36:57.256322
UgxeRi7DrZ0rpNfbFPF4AaABAg,Fui7y-CNrPU,@SandeepMishra-i1g,MC Prem bhaiya apna face reveal karo,0,2026-03-14T15:07:15Z,2026-03-15T09:36:57.256322
UgxAgDhB_mcPAJMseWR4AaABAg,Fui7y-CNrPU,@neelufaryasmin2049,Meri English Nahin aata Tum Bangla mein ek video bnao,0,2026-03-13T17:50:54Z,2026-03-15T09:36:57.256322
UgxXHnKiHo-ITh5lsh94AaABAg,Fui7y-CNrPU,@SarveshGurishankar,Kartik bhaiya I am big fan of you mein apke sari video like ke hai please replay do na,2,2026-03-13T08:43:03Z,2026-03-15T09:36:57.256322
Ugxg2u2oIzUM1WdcJkx4AaABAg,Fui7y-CNrPU,@kartikjatav200,Kartik bhai face reveal,1,2026-03-14T13:24:57Z,2026-03-15T09:36:57.256322
UgytQ1CpxixMDYVjslJ4AaABAg,Fui7y-CNrPU,@SaritaGupta-t9v,Kyon nahin lekar aao,1,2026-03-13T15:54:46Z,2026-03-15T09:36:57.256322
UgxuVp7Y-w4Xc6ImhkF4AaABAg,Fui7y-CNrPU,@shyamsundarsahu7522,Face reveal karna he toh Jeldi se 5 million karo,1,2026-03-13T08:18:38Z,2026-03-15T09:36:57.256322
UgxQuBNNv65PwWRcQQ94AaABAg,Fui7y-CNrPU,@Lavizaansari-h4o,Big fan bhai MC flame bhai ka one best,1,2026-03-13T09:18:19Z,2026-03-15T09:36:57.256322
Ugx0D7qPhNydmAXNBKZ4AaABAg,Fui7y-CNrPU,@Gudiyakumari-q1g,Kartik bhaiya Ujjwal Chaurasiya ka number dijiye na,1,2026-03-14T08:04:14Z,2026-03-15T09:36:57.256322
Ugx7M22TbCJBjD6juMN4AaABAg,Fui7y-CNrPU,@JusnooDon,Op😊😊😊,0,2026-03-13T10:03:17Z,2026-03-15T09:36:57.256322
UgyZ_1EanIoHD1ibfpR4AaABAg,Fui7y-CNrPU,@MostoFizur-k9e,🇮🇳🇮🇳🇮🇳🇮🇳🇮🇳,0,2026-03-13T09:11:39Z,2026-03-15T09:36:57.256322
UgzYCwlmIbCgowcnxyB4AaABAg,Fui7y-CNrPU,@priyaupadhyay1782,Bhaiya Apke pass dark heroes key pro boys Valley power Aagayi hain,0,2026-03-13T08:31:51Z,2026-03-15T09:36:57.256322
UgyzwZ2MLfSzG4Tgd_N4AaABAg,Fui7y-CNrPU,@tumpapal8916,"One think I say that you post only Minecraft videos that is why your subscribers are less you should play every day a new games like roblox, horror games, poppy playtime, etc . Every day same game can&#39;t reach you to 1m subscribers. So play different games every day",0,2026-03-14T16:13:44Z,2026-03-15T09:36:57.256322
UgyHzw81mqPTi2D-0FJ4AaABAg,Fui7y-CNrPU,@RashmirekhaSaikia-b2d,Wowbro,0,2026-03-13T08:45:06Z,2026-03-15T09:36:57.256322
Ugx4qrLUkYm3-IsR3ad4AaABAg,Fui7y-CNrPU,@kanchanmarwah4399,Vote for face Reveal😢😢😢😢,1,2026-03-13T08:15:17Z,2026-03-15T09:36:57.256322
UgykD601dTNKQLK_a5t4AaABAg,Fui7y-CNrPU,@ZainKhan-c4s8m,😊,0,2026-03-13T18:23:14Z,2026-03-15T09:36:57.256322
UgxzPNapOEhjCII0SJV4AaABAg,LeszyRcJO4s,@Up.karan.rokes143,So sweet song❤,7,2026-03-11T16:23:20Z,2026-03-15T09:36:57.836503
Ugwfcgk34rycjQBZCnJ4AaABAg,LeszyRcJO4s,@ArifHassanzada-g1b,❤❤❤❤wow,0,2026-03-13T20:12:15Z,2026-03-15T09:36:57.836503
Ugzr3NgkYyaNiIX9rmp4AaABAg,LeszyRcJO4s,@Afghangir,Offff vocal 🫠,1,2026-03-10T19:29:09Z,2026-03-15T09:36:57.838044
UgxQmvlzvNvxIws7hYx4AaABAg,LeszyRcJO4s,@ArifHassanzada-g1b,So weet❤❤❤ bro,1,2026-03-13T20:12:50Z,2026-03-15T09:36:57.838044
UgwBktSGkUzdkidgChp4AaABAg,LeszyRcJO4s,@SultanmirzaSultanmirza-b7c,❤❤❤,0,2026-03-13T09:43:46Z,2026-03-15T09:36:57.838044
UgyMY4mnVIDxQ4OOz4N4AaABAg,LeszyRcJO4s,@RajniSingh-dr3vs,❤❤❤❤❤❤❤❤❤❤❤❤❤❤🧚🏾‍♂💜💜💜💜💜💜,0,2026-03-14T10:25:11Z,2026-03-15T09:36:57.838044
Ugx5iVlOISDmA6eB6Hp4AaABAg,LeszyRcJO4s,@DeepakValmikiValmiki-n4e,❤❤❤,0,2026-03-14T10:30:02Z,2026-03-15T09:36:57.838044
UgzCyqx0HTteRgCeCil4AaABAg,Xwa3QRFGojM,@RajKumar-cw7vu,Good 😊😊😊 bhi spot in my life and antonyms 😢 you are the best of luck for the environment before printing this email and family members 😢 hai 😢 hai good Happy holi 🌆💋🗽🗽🗽🗽🗽🗽🗽✅ the environment,3,2026-03-13T12:47:10Z,2026-03-15T09:36:58.752050
Ugylxnf9g59lYdGUr3x4AaABAg,Xwa3QRFGojM,@JURKEGAMER,Hello bhai ya video kaise banate ho Konsa game hai,1,2026-03-14T04:28:20Z,2026-03-15T09:36:58.752050
UgxsyRtpbskiLvwVzNx4AaABAg,Xwa3QRFGojM,@Ultimateindiangamingvideos,Very nice video and my favourtie Doreamon Shinchan and chota franklin🥰🥰🥰🥳🥳❤❤❤❤❤❤❤❤❤💜💜💜💜💜,30,2026-03-13T06:03:00Z,2026-03-15T09:36:58.752050
UgxnSiz5HzZl1bE3m_h4AaABAg,Xwa3QRFGojM,@ashlyrebello4137,Oggy,2,2026-03-13T16:08:16Z,2026-03-15T09:36:58.752050
UgwMEYFqWmfyiPkum0Z4AaABAg,Xwa3QRFGojM,@ArunGamer84,Franklin Get Anywhere Door Outside His House In Indian Bike Driving 3d,3,2026-03-13T09:24:16Z,2026-03-15T09:36:58.752050
Ugy-8cYmBs3kX0w2r314AaABAg,Xwa3QRFGojM,@banwarilalmeena-c4x,Namedevansh,0,2026-03-13T13:54:05Z,2026-03-15T09:36:58.752050
UgzSkhNhClWyVOZ_1ct4AaABAg,Xwa3QRFGojM,@RajKumar-cw7vu,Papa ar2,0,2026-03-13T13:03:26Z,2026-03-15T09:36:58.752050
UgxQ9mizJ9TPnc95q7d4AaABAg,Xwa3QRFGojM,@AftabBaloch-p2x,😅❤❤❤❤❤❤❤❤❤❤❤❤😮😮😮😮😮😮😮😊😊😊😊😊😊😂😂😂😂😂😂,5,2026-03-13T05:01:48Z,2026-03-15T09:36:58.752050
Ugxwlg7VOnLnGziN3fN4AaABAg,Xwa3QRFGojM,@DarkPlayz76,❤❤❤,13,2026-03-13T03:08:01Z,2026-03-15T09:36:58.752050
UgyMEeeHuQZdRvs-mLR4AaABAg,xFGZH3BzP2g,@LaxmiAhir-rv1pv,🧠 Brain:- How many time?<br>Heart:- one more time 🙂❤️‍🩹,164,2026-03-11T18:19:41Z,2026-03-15T09:37:00.263120
UgyW3LwTWULwDJvbAGZ4AaABAg,xFGZH3BzP2g,@GenialG,Definitely come again to listen this.....whenever someone will like the comment !!!!,271,2026-03-10T13:35:49Z,2026-03-15T09:37:00.263120
UgwYQ-Ky2voPqslBwkF4AaABAg,xFGZH3BzP2g,@UGG-nt4zh,Hey stranger you have a good taste in music 🎀💖🤌,63,2026-03-12T16:43:58Z,2026-03-15T09:37:00.263120
UgzLuJR2hSq53pOlXdp4AaABAg,xFGZH3BzP2g,@Riyaay._.05,I&#39;m hacked by thisss song&gt;&gt;&gt; 😭🛐,77,2026-03-11T03:37:03Z,2026-03-15T09:37:00.263120
UgwLyQxEVk2FRAdGpbJ4AaABAg,xFGZH3BzP2g,@deluluversee,As a haryanvi myself... BHAIIYYAAA YAARRR ISSEE GAANE BANTE REHNE CHIYEE!! KYA MATLAB AB SWAAD AARHYAA HAIII😭!!,31,2026-03-13T11:20:06Z,2026-03-15T09:37:00.263120
UgyJgfFHbGxkauBTuux4AaABAg,xFGZH3BzP2g,@AAMINAMUMTAZ-q9q,Urge to be loved by someone like this song...,11,2026-03-13T11:29:56Z,2026-03-15T09:37:00.263120
UgxfVrjIqVciwxmsQfN4AaABAg,xFGZH3BzP2g,@Nexttoppers-suhana-p8c,I hear it everyday in every hour dil bechain sa ho jata hai jane kyu bar bar sunne ka man krta hai bas adhura lagta hai ❤,3,2026-03-14T16:37:37Z,2026-03-15T09:37:00.263120
UgxzZsaxi_stD9CMmFh4AaABAg,xFGZH3BzP2g,@daydreamer5145,Kabhi lagta hai song ka status laga k usko apni feelings batau phir lagta hai bar bar jatana pyar nhi hai .. <br>Kuch bhi ho ye song Dil dimag sb pr chaa chuka hai kya karu mann nhi bhar rha is song se.. kya lines hai ..❣️😌,223,2026-03-11T04:03:16Z,2026-03-15T09:37:00.263120
UgxJC_RTwB231H6qWUx4AaABAg,xFGZH3BzP2g,@RakeshKumar-gt5bs,Haryanvi song aise bhi hote h bhaaiii❣️,30,2026-03-11T07:19:03Z,2026-03-15T09:37:00.263120
UgxjHPainMRRsiPVXNl4AaABAg,xFGZH3BzP2g,@BTS-rh2su,bhai pehle ye youtube pe recommend hua tha maine itna dhyaan ni diya abh ye hrr jgha acche se sunne prr catchy lga to abh mai isse bar bar sunn ri hoon❤❤,1,2026-03-15T01:47:19Z,2026-03-15T09:37:00.263120
UgzUCGLpK0UX1m7BrSJ4AaABAg,xFGZH3BzP2g,@shinxo_gaming,"LYRICS - <br><br>Ho, manne sambh-sambh rakhe tere jhanjhara ke jode<br>Meri gel ro-ro ye bhi chhori bawle se hore<br>Manne aaye jaave khyaal tere, khaye jaave khyaal tere<br>Jeen koni deti, haaye bairi tanhaayi manne<br><br>Geetaan mein gaayi, kade chhaati ke lagaayi manne<br>Jit bhi gaya re, teri yaad khadi paayi manne<br>Sambh-sambh rakhi bahut, chhaati ke lagaayi manne<br>Jit bhi gaya re, teri yaad khadi paayi manne<br><br>Ho, maarya-maarya phire, dekh haal tu bichare ka<br>Tere bina jeena bhi ke jeena banjaarе ka?<br>Khoya rahun yaad teri kar ke nadaaniyaan<br>Batue mеin rakhun teri sambh ke nishaaniyaan<br>Tere bina kaal horeya, theek konya haal mera<br>Haath jodun Ram, dede saanson te rihaayi manne<br><br>Geetaan mein gaayi, kade chhaati ke lagaayi manne<br>Jit bhi gaya re, teri yaad khadi paayi manne<br>Sambh-sambh rakhi bahut, chhaati ke lagaayi manne<br>Jit bhi gaya re, teri yaad khadi paayi manne<br><br>Haan-aan, aan-aan<br>Haan-aan<br><br>Je tu thodi ghabraajya, meri yaad ta",1,2026-03-15T04:02:14Z,2026-03-15T09:37:00.263120
UgyqC5QpTSbJSpsaQ7x4AaABAg,xFGZH3BzP2g,@Ride.scramz4,"Ab aa bhi ja yaar Wapis, Bhot hua mazak 💔",8,2026-03-11T13:42:19Z,2026-03-15T09:37:00.263120
Ugw5_8IuM5qRShd0tEh4AaABAg,xFGZH3BzP2g,@birjeshmehra8412,Kabhi kabhi us ke Yad a Jaati Hai ya  song sun Kar 😢,7,2026-03-12T02:04:31Z,2026-03-15T09:37:00.263120
UgyzY3rMlj24qNYIodN4AaABAg,xFGZH3BzP2g,@Itsmee-022,True lines with true feelings hayeeeeeee itna pyar ata h mere favourite person par iss song ko sun ke kitni bar sunu itna pyara gana h yaar yeh aye hayeeee ❤❤❤,5,2026-03-12T15:31:38Z,2026-03-15T09:37:00.263120
UgxqMJA_l2SAyMB3mnd4AaABAg,xFGZH3BzP2g,@sonaa__0405,Bhaii koi ye gaana mere dimaag se nikal do😩❤️,1,2026-03-14T15:44:10Z,2026-03-15T09:37:00.263120
UgxYAhQJb9DdREcM2ZV4AaABAg,xFGZH3BzP2g,@VimlaDevi-r5k1k,Bhai kya song hai,0,2026-03-14T15:18:14Z,2026-03-15T09:37:00.263120
UgxgJIg5anHpWqpGTqR4AaABAg,xFGZH3BzP2g,@AakritiPariyar-u8e,i do not relate to this lyrics but i definitely loved the vibe 💖 love from Nepal,7,2026-03-11T15:21:34Z,2026-03-15T09:37:00.263120
UgyjwGC9unytYFUZPKN4AaABAg,xFGZH3BzP2g,@LazoSagar,0.59 hyeeeeee❤,0,2026-03-14T17:51:19Z,2026-03-15T09:37:00.263120
UgxdMHB9qVKQG_Lx_vd4AaABAg,xFGZH3BzP2g,@zebracross-h6l,chatti ke lagai gives me goosebumps,6,2026-03-12T09:46:32Z,2026-03-15T09:37:00.263120
UgzARRcz9PFZU_WgTLZ4AaABAg,xFGZH3BzP2g,@PrachiMorya-g2k,Hyee kya song .....💗🤌❤️‍🩹❤️‍🩹,0,2026-03-13T12:07:37Z,2026-03-15T09:37:00.263120
UgwJLKsPvQ7WAJtGtQ94AaABAg,10EryHkHRfc,@RIBINZX,Akshay bro enn live vannillankil akshay ene live varenda,38,2026-03-14T11:09:36Z,2026-03-15T09:37:01.777113
Ugy6_jk0U0lmVDQ2GMd4AaABAg,10EryHkHRfc,@ogtva,In power CHOROMASONIC mp40 great📈<br>In look COBRA moggs🙌,19,2026-03-14T12:32:32Z,2026-03-15T09:37:01.777113
Ugyr5s5e-U3YiD2ijhp4AaABAg,10EryHkHRfc,@PRIMEGAMING5525,Kozhapam illa kozhapam illa kozhapam illa 😂😂😂,3,2026-03-14T16:33:39Z,2026-03-15T09:37:01.777113
UgyQzGn_vSsH0HRliOF4AaABAg,10EryHkHRfc,@sulthanff2604,Ego <br>Garenakale labham,5,2026-03-14T13:24:39Z,2026-03-15T09:37:01.777113
UgwS7Ayx0Ec8Ab0q7eV4AaABAg,10EryHkHRfc,@HANANTK-3,Bro dey real name akhil alle😂😂🖐️👏💥,3,2026-03-14T18:21:47Z,2026-03-15T09:37:01.777113
UgyHDhjqafR5bLVunEd4AaABAg,10EryHkHRfc,@syamamajeesh,Please please please please please please please bro please bro day 2aayi paryunay,2,2026-03-15T02:23:41Z,2026-03-15T09:37:01.777113
Ugyd2AvLOQkF6NdPsVZ4AaABAg,10EryHkHRfc,@bishrbintawfeeq7833,"<a href=""https://www.youtube.com/watch?v=10EryHkHRfc&amp;t=521"">8:41</a> 😂😂",3,2026-03-14T16:27:15Z,2026-03-15T09:37:01.777113
Ugwae14a93ZQG6sdN5J4AaABAg,10EryHkHRfc,@VazhuMC,Ah pay to win ennaanallo brode acc fullum😅,2,2026-03-14T15:40:19Z,2026-03-15T09:37:01.777113
Ugy1L8OhLJLdClrnzB54AaABAg,10EryHkHRfc,@najmashafeeq-g2z,😢😢 bro BRO please 😢 nann kuree day ayi parayunu ee dress combo please please                                               7 Elite cap              yellow fire eye       Golden first Elite mask   Golden second elite shirt                  yellow angelic pant                    normal second elite shoe             please please🙏😊,2,2026-03-14T17:37:06Z,2026-03-15T09:37:01.777113
UgyREWMD4VfveV7E7_p4AaABAg,10EryHkHRfc,@OEROFX,Laval 4 akk,0,2026-03-14T11:43:39Z,2026-03-15T09:37:01.777113
Ugzp659hAxzr4daoniF4AaABAg,10EryHkHRfc,@ADHIIII-D7K,Bulkk toupp cheyy akzhay😂😂😂,1,2026-03-14T11:35:47Z,2026-03-15T09:37:01.777113
Ugw6PfG6DAUicegWmXp4AaABAg,10EryHkHRfc,@Thomas-1np,"<a href=""https://www.youtube.com/watch?v=10EryHkHRfc&amp;t=110"">1:50</a> Ath ntha garenak mon illee👀🤨",2,2026-03-14T13:49:15Z,2026-03-15T09:37:01.777113
Ugwy56_jGBYTI7VJYWZ4AaABAg,10EryHkHRfc,@ahh_gameredits,Evo gun spin❌ ego gun spin ✅,1,2026-03-14T16:56:23Z,2026-03-15T09:37:01.777113
Ugwq1rAnacxyUfaicvB4AaABAg,10EryHkHRfc,@AronGTijoAron,Akshay chetta enne onnu friend akkumo chetta please please chetta ente oru veliya oru agrahama,1,2026-03-14T17:31:42Z,2026-03-15T09:37:01.777113
UgwFWr9c77AsrOLjKGB4AaABAg,10EryHkHRfc,@abhinand.b5578,Chormosonic power is great,0,2026-03-14T13:00:28Z,2026-03-15T09:37:01.777113
UgxRkGnzrZhNhR79i8R4AaABAg,10EryHkHRfc,@balachandrannair6773,Akshay bro enn live vannillanki Akshay  ene enkilum live il  varumo,1,2026-03-14T12:56:10Z,2026-03-15T09:37:01.777113
UgyGdjosBng8KCxmm4h4AaABAg,10EryHkHRfc,@AMALC-p3l,Akshay cobra MP40 pazheth ayond enik puthiya MP40 vedich thaa😌,1,2026-03-14T11:29:46Z,2026-03-15T09:37:01.777113
Ugz64e673Zcprszzwbp4AaABAg,10EryHkHRfc,@Aarush-h5f,Hello akshay pin akko plz,0,2026-03-14T11:56:48Z,2026-03-15T09:37:01.777113
UgyUcWTyqg2p2sYZXVt4AaABAg,10EryHkHRfc,@S_R_S_vlog,♥️♥️♥️,0,2026-03-14T12:46:28Z,2026-03-15T09:37:01.777113
Ugz_AkwUHG6xUXvBL6h4AaABAg,10EryHkHRfc,@KERALAINSURANCE-m7k,LV8,0,2026-03-14T15:20:05Z,2026-03-15T09:37:01.777113
Ugy38RotFX1xh8emH3Z4AaABAg,OQD11yH5EPQ,@BalramYadav-e6c6v,😂😂,1,2026-03-12T11:50:07Z,2026-03-15T09:37:03.142296
UgxxqDDicUXkQvUsLXN4AaABAg,OQD11yH5EPQ,@MunnaBind-ny9jy,❤,17,2026-03-11T04:27:40Z,2026-03-15T09:37:03.142296
Ugww6Doy5SpgITXNGRp4AaABAg,OQD11yH5EPQ,@PammiSingh-eo5ws,Acha hai,1,2026-03-12T09:13:36Z,2026-03-15T09:37:03.142296
Ugzrixd3j2sp5lwspuV4AaABAg,OQD11yH5EPQ,@KesarvKumar,1,1,2026-03-11T05:14:21Z,2026-03-15T09:37:03.142296
Ugxk_7HzQbQnVOKYtgh4AaABAg,OQD11yH5EPQ,@PrashantRathore-d7y,😅😅,2,2026-03-11T15:05:22Z,2026-03-15T09:37:03.142296
UgwNr-SEuTxnuDC4nZR4AaABAg,OQD11yH5EPQ,@golukumar12v,🥰🥰🥰👌🏻👌🏻,11,2026-03-10T23:39:34Z,2026-03-15T09:37:03.142296
Ugypffv1YVPZyaIUu1x4AaABAg,OQD11yH5EPQ,@BrandArjunAhir,Good❤❤❤❤❤❤❤like❤❤❤❤Dil ke gana❤❤,9,2026-03-11T02:46:12Z,2026-03-15T09:37:03.142296
UgxAJTH-wLZ9P8JgXjh4AaABAg,OQD11yH5EPQ,@RatneshThakuriya-kd9hf,Mujhe bahot achhi lagi a gana❤❤❤❤❤,6,2026-03-11T02:40:37Z,2026-03-15T09:37:03.142296
UgzZ3CaExcB3smABoXl4AaABAg,OQD11yH5EPQ,@Amarjeetkumar-l6w2t,❤❤❤❤❤❤❤❤,0,2026-03-11T02:41:33Z,2026-03-15T09:37:03.142296
UgziVTITl7KdTyCunLN4AaABAg,OQD11yH5EPQ,@RahulAd-yp5di,😢😢😢😢,4,2026-03-11T00:37:06Z,2026-03-15T09:37:03.142296
Ugw9ZhHnvDiOKWCawNZ4AaABAg,OQD11yH5EPQ,@PeerAli-u9g7x,😊😊,1,2026-03-13T13:05:28Z,2026-03-15T09:37:03.142296
UgyJymMF3zVotGUclHp4AaABAg,OQD11yH5EPQ,@VinodSingh-l2d,Nice pic super 👌,1,2026-03-11T17:08:20Z,2026-03-15T09:37:03.142296
Ugw3S-bwJGYW7lcHbzN4AaABAg,OQD11yH5EPQ,@PRAVEENPANIKA-n5d8o,So cut soga,54,2026-03-11T06:01:58Z,2026-03-15T09:37:03.142296
UgyVf9Zs3tURDSK9VtR4AaABAg,OQD11yH5EPQ,@yadavJii7667,❤❤❤❤❤❤❤❤,1,2026-03-13T03:39:59Z,2026-03-15T09:37:03.142296
Ugx5IIJfpFLNkHXnard4AaABAg,OQD11yH5EPQ,@LokendraSingh-b1i,❤❤❤❤❤,1,2026-03-11T05:58:30Z,2026-03-15T09:37:03.142296
Ugzc1A7CXzIKgjYc7uN4AaABAg,OQD11yH5EPQ,@JashvatSingh-h6p,❤❤❤❤❤,1,2026-03-15T02:16:25Z,2026-03-15T09:37:03.142296
UgwdgqF6efIH8EMf2-V4AaABAg,g_COXtDyxAA,@kaushalpal6475,Trogon gameplay❌ AWM Gameplay 👍🏻,46,2026-03-14T08:00:28Z,2026-03-15T09:37:04.792387
UgwNadxpqEYrHDwUTYF4AaABAg,g_COXtDyxAA,@SarfuddinAnsari-j8b,"<a href=""https://www.youtube.com/watch?v=g_COXtDyxAA&amp;t=21"">0:21</a> PC se phone lobby ko mar ke Hero bano 🤡",39,2026-03-14T08:03:42Z,2026-03-15T09:37:04.792387
Ugy8aRhjIxplnOoApsZ4AaABAg,g_COXtDyxAA,@arxznrajput,BHAIYA 6 YEAR SE AAPKO DEKH RAHA HUU ❤❤<br>LOVE FROM BIHAR,92,2026-03-14T05:32:16Z,2026-03-15T09:37:04.792387
Ugy32BFW1n9lSGgqArV4AaABAg,g_COXtDyxAA,@SUNG_JINWOO100M,Maine toh socha tha master ki lobby hogi lakin badge bhai toh heroic main bhi nahi hai 😂😂,9,2026-03-14T08:35:37Z,2026-03-15T09:37:04.792387
UgxweLMLsaRYCuciYDB4AaABAg,g_COXtDyxAA,@SUNG_JINWOO100M,Thank you guys for 200 subscriber&#39;s ❤❤🎉,1,2026-03-14T08:18:20Z,2026-03-15T09:37:04.792387
UgwahOkbqnX2qAAi5QV4AaABAg,g_COXtDyxAA,@BabluDhruw-i9c,"Vote for &quot;pranks&quot; videos 😅 <a href=""https://www.youtube.com/watch?v=g_COXtDyxAA&amp;t=116"">1:56</a>",3,2026-03-14T09:48:53Z,2026-03-15T09:37:04.792387
Ugyspm_-m5v4ZxI4zSZ4AaABAg,g_COXtDyxAA,@Vishugaming129,Chalo ek dusre ko support karte hai dosto❤❤❤❤,4,2026-03-14T06:08:31Z,2026-03-15T09:37:04.792387
Ugx9dWQ9O7kigw2QUt54AaABAg,g_COXtDyxAA,@SonaliPatra-p1e,Jay Shri Jagannath Swami ❤❤,2,2026-03-14T16:17:44Z,2026-03-15T09:37:04.792387
Ugyz8cGkcP5Q4RCoQjp4AaABAg,g_COXtDyxAA,@sahina.sahina,kis kis ko badge 99 ka voice aacha lagta hai❤,2,2026-03-14T09:30:56Z,2026-03-15T09:37:04.792387
UgyYMvraNuMl_YEf0GV4AaABAg,g_COXtDyxAA,@SubodhSagar-s8r,Ye sabhi jo partner program me player h un sabhi ko bas paison se matlab h na hi enko game se frk padata or na hi audiance se en se kitana bhi bol lo ki phone player ko support karo or phone pr khelo enko kuch frk nhi padega kitana bhi bol lo. Badge bhai me apko apna ideal manta tha 5 sal se follow kr rha hu pr ab lagata h kisi galat bande ko idel bana liya,6,2026-03-14T07:22:29Z,2026-03-15T09:37:04.792387
UgzK-1jNH1vv7lU1Or94AaABAg,g_COXtDyxAA,@JyotiShaw-p1p,Bhai fast like kiya haaa,10,2026-03-14T05:30:49Z,2026-03-15T09:37:04.792387
UgyvcHGcwmlUeZy1QD54AaABAg,g_COXtDyxAA,@abhinavmer1694,Bohot badiya bharat dadda love from Haldwani ❤️,6,2026-03-14T05:30:59Z,2026-03-15T09:37:04.792387
UgxzrlljGjdhL8R1TCZ4AaABAg,g_COXtDyxAA,@Aditya-q4i7k,congratulation for 12 million badge bhaiiiii,4,2026-03-14T08:30:59Z,2026-03-15T09:37:04.792387
UgztSOeRqwnqG4EHVud4AaABAg,g_COXtDyxAA,@UGLIVE1,Best of luck for you brother badge 99 👍👍👍😊😊 aap bahut achhe ho ❤️❤️❤️,5,2026-03-14T05:33:12Z,2026-03-15T09:37:04.792387
UgyWQoNvKyYKASMQ6fZ4AaABAg,g_COXtDyxAA,@SHIVAM_SG1,Thank you 132 subscribe 🎉🎉,0,2026-03-14T09:33:05Z,2026-03-15T09:37:04.792387
Ugzj2J-JbqtAPctIoyl4AaABAg,g_COXtDyxAA,@Skyro-011,Bhai tornament lobby me 1v4 ka challange.. vote for here..,0,2026-03-14T07:40:03Z,2026-03-15T09:37:04.792387
Ugx_aP532yx2m9QpgQF4AaABAg,g_COXtDyxAA,@BARBAADFF009,Badge 99 is my favourite gamer❤,14,2026-03-14T05:35:23Z,2026-03-15T09:37:04.792387
UgzD0BG1ZORqqlFMKSB4AaABAg,g_COXtDyxAA,@all_12-809,Bro video upload in 4k,1,2026-03-14T18:38:16Z,2026-03-15T09:37:04.792387
UgxYE_a2WeADsJBWdIZ4AaABAg,g_COXtDyxAA,@Saadat-99,Badge bhai we need solo vs squad in region grandmaster lobby with red criminal who agree ❤,0,2026-03-14T14:44:39Z,2026-03-15T09:37:04.792387
UgzFP5nSjPX4fOuTT6F4AaABAg,g_COXtDyxAA,@KushalG-x1e,Frist coment bhi ❤❤,21,2026-03-14T05:30:28Z,2026-03-15T09:37:04.792387
UgxyWWL97iUo0QSGEbN4AaABAg,4i8NASWyuQA,@psychedelicwallflwer9242,She is giving the typical first wife who dies in the first end of the movie 😅😂,407,2026-03-12T13:52:49Z,2026-03-15T09:37:05.757806
UgyvUewDPukzsXFekFZ4AaABAg,4i8NASWyuQA,@h__an_i_,that phone feels like it&#39;s very important part of the story <br>😅,475,2026-03-12T11:53:59Z,2026-03-15T09:37:05.757806
UgyNYCfVK0MOit02Y9h4AaABAg,4i8NASWyuQA,@SreehariTalkies,Phone has a major role..☠️📈😌,239,2026-03-12T13:05:03Z,2026-03-15T09:37:05.757806
UgznUxu9TZ9zSTdlG2d4AaABAg,4i8NASWyuQA,@mrwizard8988,1) Darsana may die <br>2) darsana may be a spy<br>3 ) the phone may be a clue or pathfinder,68,2026-03-12T15:09:40Z,2026-03-15T09:37:05.757806
UgyH1yM_h4SSNqrqRFR4AaABAg,4i8NASWyuQA,@swathikrishnadas6870,Darshana gonna die and that phone have something to do in  this movie for suree,187,2026-03-12T13:20:12Z,2026-03-15T09:37:05.757806
UgyWH-nGgCiKqPTeB4V4AaABAg,4i8NASWyuQA,@Rahul-kf8zb,MAMMOOKKA 💫💫💫,123,2026-03-12T12:52:27Z,2026-03-15T09:37:05.757806
UgzouTKba9nkasdDphp4AaABAg,4i8NASWyuQA,@gowthamsanju296,Slow poison..🎧<br>Hearing on loop..🔁,10,2026-03-13T18:38:40Z,2026-03-15T09:37:05.757806
UgxWfXIfHDNGNoGm7rp4AaABAg,4i8NASWyuQA,@hejacx,Who from Mammootty&#39;s instagram story,66,2026-03-12T12:16:16Z,2026-03-15T09:37:05.757806
UgyPKWEdcVVC6BLq_uZ4AaABAg,4i8NASWyuQA,@mesabari.s,Chackochan fans assembe❤,17,2026-03-13T14:14:53Z,2026-03-15T09:37:05.757806
UgxofP0sV3sDB0cXCkB4AaABAg,4i8NASWyuQA,@MahadeviA-f2w,"Njan nokkiyath full chackochane aan😮😍his looks, still he is the chocolate hero❤",21,2026-03-12T17:27:35Z,2026-03-15T09:37:05.757806
UgwuDh-pyT1s8QOIFlF4AaABAg,4i8NASWyuQA,@jetlinjoseph322,Chakochan ❤ uff enna look aado,27,2026-03-12T17:12:55Z,2026-03-15T09:37:05.757806
UgwqOc40bdJCYMzrCIZ4AaABAg,4i8NASWyuQA,@ShajahanKK-t5g,ചെറിയൊരു തീരമേ ... തീരമേ ...(മാലിക്ക്‌) ഇൻസ്പിറേഷൻ ഉണ്ട് ©,36,2026-03-13T07:32:11Z,2026-03-15T09:37:05.757806
Ugxk6cIrU0tAJjITMAF4AaABAg,4i8NASWyuQA,@Amar-z1u5j,Okay.. Darshana&#39;s Character Gonna Die in the Movie for the Plot 😌,47,2026-03-12T13:31:31Z,2026-03-15T09:37:05.757806
Ugwud9_ngwnt7skH0fN4AaABAg,4i8NASWyuQA,@TinuAntony,criminally underrated,3,2026-03-14T14:26:25Z,2026-03-15T09:37:05.757806
UgzBGKhbwEXi6QIKACh4AaABAg,4i8NASWyuQA,@Adamlucifer666,Cinematography is awesome ❤️. Amazing frame work..,34,2026-03-12T11:53:05Z,2026-03-15T09:37:05.757806
Ugx0Nqnl3fWLFJROw3d4AaABAg,4i8NASWyuQA,@mirai-u3h,Mobile is a part of this film 😅😅😅,22,2026-03-12T12:21:54Z,2026-03-15T09:37:05.757806
UgyZ2x-ADgiHsuRtRzZ4AaABAg,4i8NASWyuQA,@raheem-ARM,Welcome back sushin shyam ❤,11,2026-03-12T18:39:03Z,2026-03-15T09:37:05.757806
UgyfY-Nrs6nF2YAu_zp4AaABAg,4i8NASWyuQA,@leninjohn6982,MamOokkka fans evide 😊,14,2026-03-12T17:39:36Z,2026-03-15T09:37:05.757806
Ugy-Lx5QXApUn2et3Np4AaABAg,4i8NASWyuQA,@MurshidMurshi-z3s,"<a href=""https://www.youtube.com/watch?v=4i8NASWyuQA&amp;t=179"">2:59</a> sushin ❤❤❤packed here",42,2026-03-12T12:40:10Z,2026-03-15T09:37:05.757806
UgwOywP6airsAmq4Qqt4AaABAg,4i8NASWyuQA,@MuhammedAshifC,Mammookka x lalettan movie <br>Patriot ❤❤,90,2026-03-12T11:44:28Z,2026-03-15T09:37:05.757806
Ugy3CSihv39H_wuH1s94AaABAg,l4Bd2YPQ6vw,@sowmyanaidukimidisowmyanai322,Govindaa🚩💪🏻🤩💟💐🤌🏻🫂😻❤️🥹🥺🙇🏻‍♀️🙏🏻🥰👏🏻🌍,2,2026-03-14T05:21:40Z,2026-03-15T09:37:18.594270
UgzV8FL05aN1IILctx54AaABAg,l4Bd2YPQ6vw,@ChilakalapudiKeerthi,Super❤❤❤❤🎉🎉🎉🎉🎉🎉l love govinda namam,0,2026-03-14T12:15:14Z,2026-03-15T09:37:18.594270
UgyWNrV4YdpDSyDlXjd4AaABAg,l4Bd2YPQ6vw,@kavithadharni3969,Om namo venkatesa namah 🙏🙏🙏,0,2026-03-14T13:36:07Z,2026-03-15T09:37:18.594270
UgwotYsn3hNnk8DS0yR4AaABAg,l4Bd2YPQ6vw,@sudhirkumar.V-lp7le,Hi Lord Sri Venkatesh Perumal I Love You 💕 God Lord Sri Perumal have a nice day God Lord Sri Perumal take care of your health 🎉 God Govinda... Govinda... Eadukondalavada Govinda...,0,2026-03-14T06:03:54Z,2026-03-15T09:37:18.594270
UgxvwrTTwR1gGO81IIt4AaABAg,l4Bd2YPQ6vw,@BalakondaiahDonti,Om.namo venkatesaya  namaste 🙏,0,2026-03-14T04:45:46Z,2026-03-15T09:37:18.594270
UgxWTrBdnNvN5ix886N4AaABAg,l4Bd2YPQ6vw,@lalithabaiadarasupally7787,జై govinda,0,2026-03-15T02:04:49Z,2026-03-15T09:37:18.594270
UgyrsmDA_wQqvUH6FuV4AaABAg,l4Bd2YPQ6vw,@mohamrao9551,Om Govinda Hari Govinda 🙏🙏🙏,0,2026-03-14T11:28:16Z,2026-03-15T09:37:18.594270
Ugyix9oUZ41vDvjlL0N4AaABAg,l4Bd2YPQ6vw,@SandipThorat-r4y,🙏🙏🙏❤🌺❤🙏🙏🙏,0,2026-03-15T01:12:39Z,2026-03-15T09:37:18.594270
UgzBzvZTXZAyKN1IIlZ4AaABAg,l4Bd2YPQ6vw,@lalithalalitha9187,గోవిందా🌹 గోవిందా🌹 గోవింద,1,2026-03-14T10:54:24Z,2026-03-15T09:37:18.594270
UgwVh7fqvLeGWhnKroN4AaABAg,l4Bd2YPQ6vw,@ammu-cb2ge,Govinda Govinda 🙏🙏🙏🙏🙏,1,2026-03-14T05:06:04Z,2026-03-15T09:37:18.594270
UgxjHrSnEs7ZuXlhznh4AaABAg,l4Bd2YPQ6vw,@thusharbalajitb1201,ഗോവിന്ദ ഗോവിന്ദ,3,2026-03-14T00:54:34Z,2026-03-15T09:37:18.594270
UgyA92TDSO3Q2UtgTQV4AaABAg,l4Bd2YPQ6vw,@mohamrao9551,Aaj plastics 🙏🙏🙏,0,2026-03-14T11:28:30Z,2026-03-15T09:37:18.594270
Ugyi00BWHxfeXdM-2VF4AaABAg,l4Bd2YPQ6vw,@mohamrao9551,Naa na business ki blessings evvandi 🙏🙏🙏,0,2026-03-14T11:28:44Z,2026-03-15T09:37:18.594270
UgxsEQzwGX6LYk4RApN4AaABAg,l4Bd2YPQ6vw,@JamiVenkataappalanarayana,గోవిందా హరి గోవిందా వెంకటరమణా గోవిందా 🙏🙏🙏🙏🙏🙏🙏🙏🙏🙏🌹,5,2026-03-14T04:31:38Z,2026-03-15T09:37:18.594270
UgygdUONJhd7amtUEM94AaABAg,GJZhw03g0Fg,@hoki-l8h,Bro grannyente kaniikooo❤😊,1,2026-03-14T06:58:23Z,2026-03-15T09:37:24.840599
UgxgnnpK-O-7uoPNi2V4AaABAg,GJZhw03g0Fg,@ShayanKalody,Part 4 plzz granny hi paryo fraklin hi and salam pararyo,0,2026-03-13T18:06:06Z,2026-03-15T09:37:24.840599
UgxkZkaztamM-jFOP7d4AaABAg,GJZhw03g0Fg,@naseerashameer7919,naxt part venam,0,2026-03-12T14:29:29Z,2026-03-15T09:37:24.840599
Ugz58yDuSkT7F34E7CB4AaABAg,GJZhw03g0Fg,@mhd.sRafeek-Rufeen,Bro granny 5 കളിക്കു,2,2026-03-12T13:25:08Z,2026-03-15T09:37:24.840599
UgxpUO6ELASwLSEnLZ54AaABAg,GJZhw03g0Fg,@DANTIESJOSEPH-e1p,നല്ല വീഡിയോ ഇഷ്ടപ്പെട്ടു,0,2026-03-12T13:50:10Z,2026-03-15T09:37:24.840599
UgxOhkhFg_zsyhMG1kx4AaABAg,GJZhw03g0Fg,@FirosFirospc,bro next part,0,2026-03-12T12:50:37Z,2026-03-15T09:37:24.840599
UgwYKW9jaoqQtv5aXV54AaABAg,GJZhw03g0Fg,@SainabaNV-n4x,"Super video, next part",0,2026-03-12T16:55:34Z,2026-03-15T09:37:24.840599
Ugw7FX_2IQG_H0FyXil4AaABAg,GJZhw03g0Fg,@Anandu-s1p,Next Part venam,0,2026-03-12T11:43:07Z,2026-03-15T09:37:24.840599
UgzWSSwi_PoG9xHT6094AaABAg,GJZhw03g0Fg,@PatturuRumal,Fathima fayaza part 4,5,2026-03-12T11:03:14Z,2026-03-15T09:37:24.840599
UgyRzQwHXAJwll-FjDd4AaABAg,GJZhw03g0Fg,@Shibilaah,❤❤❤❤,0,2026-03-12T11:29:05Z,2026-03-15T09:37:24.840599
UgwTRHZdL0iHkptQARp4AaABAg,GJZhw03g0Fg,@TL-ADWIK67,Shinchan enikkum oru hi tharo please,0,2026-03-13T04:06:46Z,2026-03-15T09:37:24.840599
UgxBuewgSz69sWarkMd4AaABAg,GJZhw03g0Fg,@Mubishafi-iy7vl,Part4 venam bro,0,2026-03-14T06:23:36Z,2026-03-15T09:37:24.840599
UgxrOSkjy9NipoAtnKN4AaABAg,GJZhw03g0Fg,@SaurishAaradhya,This is very super and put part 4 plzzzzzz,0,2026-03-13T13:44:20Z,2026-03-15T09:37:24.840599
Ugzsro69d8dKuhzc1sp4AaABAg,GJZhw03g0Fg,@AncyAncyJose-g1d8j,Bro please nxst part in 1000 Serbian dancing lady,0,2026-03-13T00:46:54Z,2026-03-15T09:37:24.840599
Ugw89Xbyzx1M-83jS8x4AaABAg,GJZhw03g0Fg,@UmmrFathima,Granny hi parayo please😢 by meharin,0,2026-03-13T12:26:04Z,2026-03-15T09:37:24.840599
Ugw8Jz6iBDWo9jS_n1J4AaABAg,GJZhw03g0Fg,@SeenaM-k2z,Bro zombie part 2 please,0,2026-03-12T16:00:28Z,2026-03-15T09:37:24.840599
Ugx7YAQv0Yi9NDyP_xV4AaABAg,GJZhw03g0Fg,@SuthimolvenuVenu-z1b,"Part 4,5 venam, ❤️❤️❤️❤️😁",0,2026-03-13T03:39:25Z,2026-03-15T09:37:24.840599
UgwlIm5gYIVejtSe1MF4AaABAg,GJZhw03g0Fg,@RajinaShareef,Ithopole ennum vedio idane😊,0,2026-03-12T15:14:18Z,2026-03-15T09:37:24.840599
UgzgsJ5KZfedF0LN_jd4AaABAg,GJZhw03g0Fg,@MaymoonaT-o5p,😂😂😂❤❤❤😱💀☄️😯,2,2026-03-12T11:28:30Z,2026-03-15T09:37:24.840599
UgzftaPQmj0ktxm39AN4AaABAg,GJZhw03g0Fg,@NadirNashim,Next part,2,2026-03-12T10:54:59Z,2026-03-15T09:37:24.840599
Ugxwuj-dbbFN3xzR1254AaABAg,Wgd6ACl7FRQ,@HaryanviStarRecords,“गुरप्रीत कौर 🔥 ने जमकर धमाल मचा दिया। आप बताओ ‘टटीरी’ गाना आपको कैसा लगा? कमेंट करके जरूर बताएं।”❤🙏,238,2026-03-12T03:53:19Z,2026-03-15T09:37:26.123336
UgyggMJyBnLUIi72J1J4AaABAg,Wgd6ACl7FRQ,@mrs.dahiya8dec2024,Phla asa gaana hai yo jiss ne apna pura Parivar saath me le rakha hai bhot acha gana hai,57,2026-03-12T06:27:12Z,2026-03-15T09:37:26.123336
Ugz3NC-vYW5O9v-rmM54AaABAg,Wgd6ACl7FRQ,@Narenderkumar-zz1fx,ये सिर्फ गाना नहीं तमाचा है बादशाह के मुंह पर❤,26,2026-03-12T10:32:27Z,2026-03-15T09:37:26.123336
Ugy8oMWrjOtF8NfnulR4AaABAg,Wgd6ACl7FRQ,@RidhamKaindal,15 se 20 bar kis kis ne suna h ye song 🎵 😊😊😊meri trh,8,2026-03-13T04:26:18Z,2026-03-15T09:37:26.123336
UgwaNuZWrqI7mEdodRR4AaABAg,Wgd6ACl7FRQ,@mrvikramkumar4964,Family ko saath me lekar song kra thanks bro and bhabhi ji love you ❤❤❤❤❤,17,2026-03-12T05:25:21Z,2026-03-15T09:37:26.123336
UgzD8DEY2ODb5QG5mI14AaABAg,Wgd6ACl7FRQ,@DeepakKumar-t2c,अगर बादशाह इस सॉन्ग को नहीं करता तो इसको कोई नहीं सुनता 😂😂😂,34,2026-03-12T07:46:29Z,2026-03-15T09:37:26.123336
UgxKXRLmZaXFBasEQm94AaABAg,Wgd6ACl7FRQ,@AnilDubethaofficial,सारी टीम ने बहुत अच्छा काम कर रखा है बहुत हु प्यारा गाना है सभी साथी करो स्पॉट ❤❤❤,32,2026-03-12T05:33:38Z,2026-03-15T09:37:26.123336
UgwQCWJath5JU3GG29J4AaABAg,Wgd6ACl7FRQ,@manjurani4191,Sbse best is song ki itni video dekhi lekin sbse best aapki performance h all family k sth 🎉🎉🎉,10,2026-03-12T07:57:11Z,2026-03-15T09:37:26.123336
UgzZjvrhShQhJrOXjat4AaABAg,Wgd6ACl7FRQ,@MeenuVerma-l2x,❤❤❤,2,2026-03-14T05:38:39Z,2026-03-15T09:37:26.123336
Ugy1bsUu42eDLhhg7XN4AaABAg,Wgd6ACl7FRQ,@SunderSain-k60,आप एक अच्छे हरियाणवी कलाकार हो बहुत अपने हरियाणवी संस्कृति को साथ में लेकर चलने वाले कलाकार हो बहुत अच्छा लगा आपका सॉन्ग बहुत अच्छा है,29,2026-03-12T04:55:19Z,2026-03-15T09:37:26.123336
UgzX9RMcAcJIPZA5OFF4AaABAg,Wgd6ACl7FRQ,@KisdA.W,सुपरहिट 👌🏻,4,2026-03-12T09:24:21Z,2026-03-15T09:37:26.123336
Ugw9XNVPWwLk5_thOVp4AaABAg,Wgd6ACl7FRQ,@RinkuSangwan-x3x,Gurpreet didi nd Deepak bhai nice song bhot acha song h 🥳🥰😍😊,16,2026-03-12T03:59:10Z,2026-03-15T09:37:26.123336
UgyFe69YFjMSA5oXiEd4AaABAg,Wgd6ACl7FRQ,@immosingh,बादशाह का एक भी गाना नही है जिसमे ऐसा कुछ नही मिलेगा आपको,0,2026-03-15T00:42:51Z,2026-03-15T09:37:26.123336
UgzAwA46S-1wyWE45sN4AaABAg,Wgd6ACl7FRQ,@SunderSain-k60,वेरी नाइस सोंग्स बहुत अच्छा सॉन्ग साईं गुरप्रीत कौर जी ऐसे ही अच्छे अच्छे सोंग्स एप्लीकेशन,5,2026-03-12T04:54:51Z,2026-03-15T09:37:26.123336
UgxvhdRd_WUch0JWleV4AaABAg,Wgd6ACl7FRQ,@poojagurjar6286,"Acha acting h , nice song😊😊❤❤❤❤❤🎉🎉🎉😊😊😊😊😊😊😊😊",2,2026-03-12T08:18:25Z,2026-03-15T09:37:26.123336
UgzQ5ATOveGfD5jfHKF4AaABAg,Wgd6ACl7FRQ,@MohitGujjar-p9c,Nice song Di,3,2026-03-12T10:32:27Z,2026-03-15T09:37:26.123336
Ugz1K3LeJ9RuJWoH4Hp4AaABAg,Wgd6ACl7FRQ,@NeelamChahal9,Wow super nice song ❤❤❤❤❤,2,2026-03-12T08:23:13Z,2026-03-15T09:37:26.123336
UgzHZpBlvQSq_aFPu7t4AaABAg,Wgd6ACl7FRQ,@deepikalambalifemoments,Sabse jyada acha song banaya h aapne best of luck bahan ❤,4,2026-03-12T18:00:01Z,2026-03-15T09:37:26.123336
UgxSnFFUIS93d0CDgPx4AaABAg,Wgd6ACl7FRQ,@sarladahiya5409,Gurpreet is a natural beauty. Deepak and Gurpreet bahut sunder jodi,0,2026-03-15T01:30:24Z,2026-03-15T09:37:26.123336
UgzEX7Cr5HOr4daYCBN4AaABAg,Wgd6ACl7FRQ,@AnnoyedChameleon-jb9zc,❤❤❤❤🎉🎉🎉 बहुत अच्छा गाना लगाओ और गुरप्रीत बिना चुन्नी डाले सर पर बहुत ही अच्छी लग रही है,5,2026-03-12T05:07:45Z,2026-03-15T09:37:26.123336
Ugyf_JhxAuzwai7OtNB4AaABAg,J91gCs9smJ4,@ArjunTanniru-l7t,💲472;627 k dollar 💰,4,2026-03-14T13:07:29Z,2026-03-15T09:37:27.938301
UgwpXTiXEPUeB1sxEAl4AaABAg,J91gCs9smJ4,@ArjunTanniru-l7t,❤❤❤ # pennam ⭐,3,2026-03-14T13:05:09Z,2026-03-15T09:37:27.938301
Ugyzo3TgdO6m-QX81tN4AaABAg,J91gCs9smJ4,@MPGLION,❤❤❤,2,2026-03-14T11:06:46Z,2026-03-15T09:37:27.938301
UgxvLgZH_atWvCWv6294AaABAg,J91gCs9smJ4,@Cva5384,❤❤❤,2,2026-03-14T12:19:16Z,2026-03-15T09:37:27.938301
UgydAd3Xgf2RKwtjdAJ4AaABAg,xZiNXDSzsx4,@anuanandgupta6263,Jai shree shyam,7,2026-03-12T03:04:09Z,2026-03-15T09:37:29.253539
UgzcMiRUaO2PiS0v3wJ4AaABAg,xZiNXDSzsx4,@SherSingh-q1j8l,हरे का सहारा खाटू श्याम हमारा,2,2026-03-14T10:09:17Z,2026-03-15T09:37:29.253539
UgxPzKjAsuIKbw-7azN4AaABAg,xZiNXDSzsx4,@PawankumarYadav-m3x,Jai shree shyam ❤🥹,3,2026-03-13T00:14:26Z,2026-03-15T09:37:29.253539
UgzUQ9jmQhpIKOJhUFt4AaABAg,xZiNXDSzsx4,@KajalSharma-i8i5q,Jayyy khatuuuu jiiii 🙏❤️,2,2026-03-14T02:34:02Z,2026-03-15T09:37:29.253539
Ugyh2wbKFwhHAun8ss14AaABAg,xZiNXDSzsx4,@sanjaybharti6349,Muskil may hai das tarya aib jallde ao na,2,2026-03-13T06:11:47Z,2026-03-15T09:37:29.253539
UgzXsffBQvA-3AnsCFh4AaABAg,xZiNXDSzsx4,@patelushabenv6845,tum to hare ko sahara ho Baba tari dikarini raksha karna please BABA 🙏🙏,2,2026-03-14T19:08:36Z,2026-03-15T09:37:29.253539
UgxgFXuIVO5VId5_o0B4AaABAg,xZiNXDSzsx4,@PurushottamSingh-w5v,Jay shree shyam baba😊,2,2026-03-14T01:00:32Z,2026-03-15T09:37:29.253539
UgzXlWpBapZXXPcPNC14AaABAg,xZiNXDSzsx4,@ShivamSingh-w8n3d,Jai shree shyam Baba❤️❤️🙏🙏,0,2026-03-13T01:36:50Z,2026-03-15T09:37:29.253539
UgyJ6Y44_XMwgCXX-SN4AaABAg,xZiNXDSzsx4,@ruchitapande-p6h,❤❤❤❤❤❤❤,0,2026-03-13T03:31:49Z,2026-03-15T09:37:29.253539
UgxHl8_AsUr3XYUlEL94AaABAg,xZiNXDSzsx4,@pathakraj2842,Hare ka shahara,0,2026-03-15T02:23:40Z,2026-03-15T09:37:29.253539
Ugyz1eCWIA4arezA_hZ4AaABAg,xZiNXDSzsx4,@NirmalSingh-x2k4m,❤❤❤❤❤ Khatu Shyam,1,2026-03-14T08:03:33Z,2026-03-15T09:37:29.253539
Ugw5a0DbOKHT_7REAo14AaABAg,xZiNXDSzsx4,@DushyantTiwari-z6i,❤,0,2026-03-13T15:28:32Z,2026-03-15T09:37:29.253539
Ugy8Iyxhedz_ewndtlh4AaABAg,xZiNXDSzsx4,@RupchandYadav-xv2jz,He khatu shyam muje or mere paribar per kripa karo prabhu,2,2026-03-13T09:56:49Z,2026-03-15T09:37:29.253539
Ugw6xMItqm-21Rg5gLh4AaABAg,xZiNXDSzsx4,@AbinashSharma-i9y2k,🙏🙏🙏,0,2026-03-12T14:33:47Z,2026-03-15T09:37:29.253539
UgwbtPNj3ZTY_uebuQx4AaABAg,xZiNXDSzsx4,@DushyantTiwari-z6i,😢,0,2026-03-13T15:28:44Z,2026-03-15T09:37:29.253539
UgwND8FgHS7bdyqc_294AaABAg,xZiNXDSzsx4,@pathakraj2842,Sab kuch moh maya hai bhagwan 😊,0,2026-03-15T02:26:30Z,2026-03-15T09:37:29.253539
UgzOX0fa8ituDhtJowR4AaABAg,xZiNXDSzsx4,@devikapawar8857,🎉🎉🎉,1,2026-03-14T01:42:43Z,2026-03-15T09:37:29.253539
Ugyns00bN6_cRDRi3KJ4AaABAg,xZiNXDSzsx4,@VkKumar-w1r,Hey mere syam muje bhi khatu bula lo apse milna h,5,2026-03-13T04:08:03Z,2026-03-15T09:37:29.253539
Ugx73yY8WiMUffwBdNZ4AaABAg,xZiNXDSzsx4,@pathakraj2842,Ladki ke pyar se chhutkara mil jaye,0,2026-03-15T02:26:57Z,2026-03-15T09:37:29.253539
UgzzAa5kXm66QRuiuOJ4AaABAg,xZiNXDSzsx4,@pathakraj2842,Kab bula rhe hai bula lo,0,2026-03-15T02:22:29Z,2026-03-15T09:37:29.253539
Ugzh-5GsZZ8eUePkRB94AaABAg,1QXofumYvMo,@kus_h-sb,Hare ka shara baba syam,0,2026-03-15T03:37:52Z,2026-03-15T09:37:32.270029
Ugzo-cK09w6gdDUMk614AaABAg,1QXofumYvMo,@ArunGupta-u6n,Jai shree khatu shyam baba ki 🌹🙏🌹,0,2026-03-14T13:40:11Z,2026-03-15T09:37:32.270029
Ugw2P3gzFUSXmsq44CV4AaABAg,1QXofumYvMo,@RituRituChandra,🌺🙏🏹🌸जय श्री श्याम🌸 🙏🏹🙏❤🕉🌸🚩,0,2026-03-14T14:27:59Z,2026-03-15T09:37:32.270029
UgyVY_b13QhfOR5poo94AaABAg,1QXofumYvMo,@KanchanSen-n9p,Jai shree shyam ji 🙏,0,2026-03-14T14:04:22Z,2026-03-15T09:37:32.270029
UgxIyNtEkT0q2BkRIWB4AaABAg,1QXofumYvMo,@rygamingff7615,🎉🎉🎉🎉🎉🎉🎉🎉🎉🎉🎉,0,2026-03-14T16:36:05Z,2026-03-15T09:37:32.270029
Ugz_RtQE7isy37Tyvg14AaABAg,1QXofumYvMo,@lalanThakur-b9l,Sukoon milta hai ye song sun kr🙏🙏🙏🙏🙏🙏,0,2026-03-14T13:32:03Z,2026-03-15T09:37:32.270029
UgwcYCu0rEYb7a0etP14AaABAg,1QXofumYvMo,@kavitagupta528,Hare k sahare baba shyam humare.......,0,2026-03-14T13:55:42Z,2026-03-15T09:37:32.270029
UgxbpjOFBukDm_wl2Bt4AaABAg,1QXofumYvMo,@RajKumar-u7n5b,Please baba🙏,0,2026-03-14T13:19:02Z,2026-03-15T09:37:32.270029
Ugzievyve0KXXb21zzd4AaABAg,1QXofumYvMo,@JyotiSahu-m2f,Jaishrishyam❤❤🙏🙏😃😃💕💕🌹🌺⭐,1,2026-03-14T12:49:57Z,2026-03-15T09:37:32.270029
Ugxl_Y4yMRvxz3n5CzZ4AaABAg,1QXofumYvMo,@AgitKumar-m2n,Jay shree shyam ❤🙏🙏🙏🙏🙏,0,2026-03-14T03:00:01Z,2026-03-15T09:37:32.270029
Ugz7CuaafpKReIG-xAJ4AaABAg,1QXofumYvMo,@premkumar-bj7,मेरी श्यामा बाबा की जय हो,0,2026-03-15T02:53:20Z,2026-03-15T09:37:32.270029
Ugwh3KPsuKApPw0n0YJ4AaABAg,1QXofumYvMo,@durga218,❤❤❤❤❤❤❤❤❤❤,0,2026-03-14T11:33:25Z,2026-03-15T09:37:32.270029
Ugx2e83L4hxvNnCwhER4AaABAg,1QXofumYvMo,@YashwantYadav-m2z,Khatu naresh ki jai ❤❤❤❤,0,2026-03-14T14:46:54Z,2026-03-15T09:37:32.270029
UgzddwfiFmmb40u3M6l4AaABAg,1QXofumYvMo,@11vinayyyyyy,Jai baba khatu shyam,1,2026-03-13T05:24:30Z,2026-03-15T09:37:32.270029
UgxMHD8VdabI4muZxVN4AaABAg,1QXofumYvMo,@VishalNayak-k9s,Jai shree khana ji❤❤🎉🎉,1,2026-03-13T05:39:22Z,2026-03-15T09:37:32.270029
Ugx6M8VuT71qpP0mbIl4AaABAg,1QXofumYvMo,@Lalbaburam-b8o,🌹🌹🙏🙏👍👍Jay Khatu Baba 👍👍🙏🙏🌹🌹,0,2026-03-14T01:07:10Z,2026-03-15T09:37:32.270029
Ugy5rVE4xwmH3nOuSkB4AaABAg,1QXofumYvMo,@HarshitChoudhary-xb7nj,Jay shree shyam,0,2026-03-14T04:01:40Z,2026-03-15T09:37:32.270029
UgxgcpBrkd6w8oIzTHR4AaABAg,1QXofumYvMo,@samr__thakur__7777,Veary nice song❤❤😊,0,2026-03-15T01:26:09Z,2026-03-15T09:37:32.270029
UgyudLE5woRaOdnj4mV4AaABAg,1QXofumYvMo,@AabaDeshmukh-p4q7b,जय श्री श्याम ❤,1,2026-03-14T09:51:51Z,2026-03-15T09:37:32.270029
UgzjWjJ6ntIkI4lZ61x4AaABAg,1QXofumYvMo,@Ajaycomedyvlog92,हर हर maha,0,2026-03-14T03:32:26Z,2026-03-15T09:37:32.270029
Ugxb53cCLS-v4_6rYkp4AaABAg,Rni3YhixWoQ,@NikhilPandey-y9k,Live khtm hone ke baad Kon kon dekh rha hai 🎉,16,2026-03-14T19:51:34Z,2026-03-15T09:37:32.793769
UgwYiEYLDAhTWGaMzz14AaABAg,Rni3YhixWoQ,@SENJOX-x,Everyone Thanks For Watching The Stream See You Tomorrow ❤️,1,2026-03-14T19:50:16Z,2026-03-15T09:37:32.793769
Ugxp2zlAd20INqnLo_V4AaABAg,Rni3YhixWoQ,@Anshul-o6l,Bro ek handcam video leker auooo,0,2026-03-14T21:32:03Z,2026-03-15T09:37:32.793769
UgzvHCXBI7wetK4-dD14AaABAg,Rni3YhixWoQ,@starcs1223,Bhai koi control code dega max ka,0,2026-03-14T22:42:45Z,2026-03-15T09:37:32.793769
UgwlAU1CW_0INlx1YWZ4AaABAg,Rni3YhixWoQ,@MrCropffial,Bhai kaise ho❤❤❤,0,2026-03-14T20:15:37Z,2026-03-15T09:37:32.793769
UgxBfiRJGAi7QC0SOdR4AaABAg,Rni3YhixWoQ,@ELFMADY,m,2,2026-03-14T19:56:32Z,2026-03-15T09:37:32.793769
UgyFGBaEBcSpape1Nxl4AaABAg,Rni3YhixWoQ,@MrCropffial,Bhai mera challenge ka naam bol do Plz maxet place,0,2026-03-14T20:17:18Z,2026-03-15T09:37:32.793769
Ugwk6tLzSYYfl_Yn5e14AaABAg,Rni3YhixWoQ,@chillurappya,Hello,1,2026-03-14T19:50:58Z,2026-03-15T09:37:32.793769
Ugz2xPzxUtX7gC0CTLJ4AaABAg,Rni3YhixWoQ,@MrCropffial,Bhai reply do Plz😢😢,1,2026-03-14T20:19:09Z,2026-03-15T09:37:32.793769
UgzFZ41aHDt5hvywXRZ4AaABAg,Rni3YhixWoQ,@user-777karangaming,Sensivity code please,0,2026-03-15T00:16:56Z,2026-03-15T09:37:32.793769
Ugye8qTs0tP5tEdbRbd4AaABAg,Rni3YhixWoQ,@srishhtiiee_777,Nind k chkkr m puri stream v nhi dekh pai oh shit! 😓🥀🙌,0,2026-03-15T03:45:43Z,2026-03-15T09:37:32.793769
Ugyx5NX4xKfqOczYU354AaABAg,Rni3YhixWoQ,@ELFMADY,sunny,1,2026-03-14T19:56:57Z,2026-03-15T09:37:32.793769
UgyTbekh4wqAPEqcjI94AaABAg,Rni3YhixWoQ,@SunnyVerma-p1r,No one knows how I got so many likes🌚,4,2026-03-14T19:55:12Z,2026-03-15T09:37:32.793769
UgxgiVJZ2EQ7RHJPJAN4AaABAg,Rni3YhixWoQ,@SAIFF404,"<a href=""https://www.youtube.com/watch?v=Rni3YhixWoQ&amp;t=215"">3:35</a> kar di na sath sone wali bt🥀",0,2026-03-14T20:21:31Z,2026-03-15T09:37:32.793769
UgyqrN3IPFQkdc4VXP94AaABAg,SpEUvFD-e5U,@ParasIkwanVlogs81950,ਕਮੇਂਟ ਪੜ੍ਹਨ ਆਈ ਸੰਗਤ ਨੂੰ ਚਾਹ ਸਮੋਸਿਆਂ ਦਾ ਲੰਗਰ ਭਾਈ 😅😅😅,16,2026-03-14T02:33:43Z,2026-03-15T09:37:33.782875
UgzQXk-vvWqfrPrSO-J4AaABAg,SpEUvFD-e5U,@Surjeetkaur-j1t,Sachi gal yaar 🤍 bomb song yaar lucky sidhu bathinda wala ❤❤🎉🎉,3,2026-03-14T05:04:35Z,2026-03-15T09:37:33.782875
Ugx-tf2Af2mYBRj2kHp4AaABAg,SpEUvFD-e5U,@g.s.khokhar4040,"ਭੁੱਲਰ ਸਾਬ ਜੀ ਬਹੁਤ ਵਧੀਆ ਗੀਤ ਹੁੰਦੇ ਸਾਡੇ, ਸੁਦੇਸ਼ ਕੁਮਾਰੀ ਮੈਡਮ ਨਾਲ ਗੀਤ ਕਰੋ ਕੋਈ ਸੈਡ ❤❤❤❤ love you Bhuller saab",9,2026-03-13T19:02:49Z,2026-03-15T09:37:33.782875
UgyesMxiI0erNXeJhD94AaABAg,SpEUvFD-e5U,@sandeephoshiarpuriye7507,❤❤❤❤❤saade legend 90-95 waleya de,0,2026-03-14T19:36:12Z,2026-03-15T09:37:33.782875
UgyyBvSXJYwMcnbxmNt4AaABAg,SpEUvFD-e5U,@bhindasarpanch1576,Sudesh kumari to bina gal ji bandi y.. pls os nal song  bnao,7,2026-03-13T13:11:49Z,2026-03-15T09:37:33.782875
UgyBHMStyllbh61aJ5p4AaABAg,SpEUvFD-e5U,@punjabishayari4784,"ਬਦਲਦੇ ਚਿਹਰੇ<br><br>ਨਿੱਤ ਖ਼ਾਹਿਸ਼ਾਂ ਦਾ ਕਤਲ ਹੁੰਦਾ ਵੇਖਦਾ ਹਾਂ ਮੈਂ,<br>ਨਿੱਤ ਸੱਧਰਾਂ ਦੀ ਧੂਣੀ ਬਾਲ ਕੇ ਸੇਕਦਾ ਹਾਂ ਮੈਂ।<br><br>ਹਰ ਰਾਤ ਬੈਠਦਾ ਹਾਂ ਤਾਰਿਆਂ ਦੀ ਛਾਂ ਹੇਠਾਂ,<br>ਦਿਨ ਚੜ੍ਹਦੇ ਹੀ ਗ਼ਮਾਂ ਨੂੰ ਸਮੇਟਦਾ ਹਾਂ ਮੈਂ।<br><br>ਪੀੜਾਂ ਨਾਲ ਬਣ ਗਿਆ ਏ ਰਿਸ਼ਤਾ ਨਜ਼ਦੀਕੀ ਦਾ,<br>ਹਾਸਿਆਂ ਨੂੰ ਦੂਰੋਂ ਹੀ ਮੱਥਾ ਟੇਕਦਾ ਹਾਂ ਮੈਂ।<br><br>ਦਿਲ ਦੇ ਭੇਦ ਲੈ ਹਰ ਕੋਈ ਖੰਜਰ ਚਲਾ ਜਾਂਦਾ,<br>ਰਿਸਦੇ ਫੱਟਾਂ ‘ਤੇ ਲਫ਼ਜ਼ਾਂ ਦਾ ਮੱਲ੍ਹਮ ਲਪੇਟਦਾ ਹਾਂ ਮੈਂ।<br><br>ਤੇਰਾ ਬਦਲਣਾ ਕੋਈ ਹੈਰਾਨੀ ਵਾਲੀ ਗੱਲ ਨਹੀਂ,<br>ਹੈਰਾਨ ਤਾਂ ਲਾਲਪੁਰੀ ਕਿਸਮਤ ਦੇ ਲੇਖ ਹਾਂ ਮੈਂ।<br><br>     ਰਵਿੰਦਰ ਸਿੰਘ ਲਾਲਪੁਰੀ",12,2026-03-13T11:30:00Z,2026-03-15T09:37:33.782875
Ugz_wF4HzQVsmXvj0h54AaABAg,SpEUvFD-e5U,@jatindernagra5832,Ah banda ni talda jeo babe siraa geet,0,2026-03-14T07:49:59Z,2026-03-15T09:37:33.782875
Ugy_Lass_8ph7p_QbdV4AaABAg,SpEUvFD-e5U,@simran-j1r5d,Good song ji bahut pyara songa a pic v nice wa ji👌👍❤️❤️❤️❤️❤️❤️❤️❤️❤️,3,2026-03-13T04:55:53Z,2026-03-15T09:37:33.782875
UgzWD7z152vj386QntJ4AaABAg,SpEUvFD-e5U,@lakhveer_dhimaan,ਬਹੁਤ ਸੋਹਣਾ ਗੀਤ ਆ 22 ❤❤❤👌🏻👌🏻👍🏻👍🏻,2,2026-03-13T15:56:28Z,2026-03-15T09:37:33.782875
Ugy8Flgxmh7DaLLipnJ4AaABAg,SpEUvFD-e5U,@AmrinderSingh-d7n,ਨਾਮ ਜਿਵੇ ਦੁੱਲੇ ਦੇ ਕੱਬਡੀ ਵਿੱਚ ਨੀ❤,9,2026-03-13T05:29:53Z,2026-03-15T09:37:33.782875
UgyVSDk9Pm2GDQBNsvd4AaABAg,SpEUvFD-e5U,@jagatkamboj9975,ਪੰਜਾਬ ਪੰਜਾਬੀ ਪੰਜਾਬੀਅਤ ਜ਼ਿੰਦਾਬਾਦ ❤,1,2026-03-14T13:35:33Z,2026-03-15T09:37:33.782875
UgyMkXcpsUdjzLn1C7l4AaABAg,SpEUvFD-e5U,@gurbhejsingh3095,Good song and siraaa k ❤❤❤❤🎉🎉🎉🎉,3,2026-03-13T16:13:53Z,2026-03-15T09:37:33.782875
UgwQRr52-r5wMk8zAPl4AaABAg,SpEUvFD-e5U,@sumitrana4647,Rabb chardi kala ch rakhe Bhullar saab nu 🌹🌹🌹God bless u,1,2026-03-14T04:31:58Z,2026-03-15T09:37:33.782875
UgxuqtPrxh8dfrZj9jh4AaABAg,SpEUvFD-e5U,@PreetSidhufarming,"Sudesh kumari ji nl again kro 10,15 songs dear sir",6,2026-03-13T05:44:35Z,2026-03-15T09:37:33.782875
UgwO2Zk3MSwP-djClTB4AaABAg,SpEUvFD-e5U,@AmandeeAmandeepKaurbhullar,❤ bhullar sirra veera ❤,2,2026-03-13T14:54:23Z,2026-03-15T09:37:33.782875
Ugz9kLFkcokz7AViSQV4AaABAg,SpEUvFD-e5U,@BinderRai-z9m,ਬਹੁਤ ਸੋਹਣਾ ਗੀਤ ਏ ਸਿਰਾਂ ਆ 22❤❤🎉🎉,0,2026-03-14T09:16:17Z,2026-03-15T09:37:33.782875
UgynmmoguEzPD6KNTpB4AaABAg,SpEUvFD-e5U,@ManjotJohal-v9b,Bhullar bhullar ee aw....,2,2026-03-13T15:25:49Z,2026-03-15T09:37:33.782875
UgyO9MX28Y2bP1QjLGx4AaABAg,SpEUvFD-e5U,@KaurKaur-r5g,Bahut pyara song 👌👌👌,3,2026-03-13T09:16:23Z,2026-03-15T09:37:33.782875
Ugy50WyDUHxAruR6m-94AaABAg,SpEUvFD-e5U,@PreetSidhufarming,"Sudesh kumari ji nl kro 10,15 song hor sir",7,2026-03-13T05:43:23Z,2026-03-15T09:37:33.782875
UgyRebv3P6SgHjhpMqN4AaABAg,SpEUvFD-e5U,@CHANVEERSINGH-d7i,Kadi chal ase v bhle aa tare gane sunn nu,5,2026-03-13T04:30:24Z,2026-03-15T09:37:33.782875
UgwxbUkEjfS82hbdfCp4AaABAg,WVe_ssTWNlU,@malleshbandari1206,Video songs Telugu new videos songs recently,13,2026-03-12T13:34:46Z,2026-03-15T09:37:34.206263
UgyOI5LNLCgPMvG-ub14AaABAg,WVe_ssTWNlU,@ChepuriMahenderreddy,penam Mama I love you so much okay bye penam Mama,3,2026-03-12T13:17:27Z,2026-03-15T09:37:34.206263
UgxC6aWj61zoE5172AR4AaABAg,WVe_ssTWNlU,@MPGLION,❤❤,7,2026-03-12T11:06:49Z,2026-03-15T09:37:34.206263
UgyqF_rc9xvo_gRstn94AaABAg,WVe_ssTWNlU,@venunch633,Hi pennem star anna,3,2026-03-12T15:32:38Z,2026-03-15T09:37:34.206263
UgyUSlK733N_2W93z9B4AaABAg,WVe_ssTWNlU,@kushalpaisa5506,🎉 YouTube videos seeing,1,2026-03-14T10:24:02Z,2026-03-15T09:37:34.206263
UgyXhFdcdXxbVZ62R214AaABAg,WVe_ssTWNlU,@gayathriuppara3275,I love you,3,2026-03-12T15:10:04Z,2026-03-15T09:37:34.206263
UgzhDYFzxs6PxPqiShN4AaABAg,WVe_ssTWNlU,@NandhitaSriKalluri,Hi pennam mava,0,2026-03-12T15:31:23Z,2026-03-15T09:37:34.206263
UgwclJV797TRU1jwcEV4AaABAg,WVe_ssTWNlU,@ChepuriMahenderreddy,My Name is Akshita Nanu chustunnanannu,6,2026-03-12T13:16:23Z,2026-03-15T09:37:34.206263
UgygQNIZdXwsWhwVfgh4AaABAg,WVe_ssTWNlU,@SaiPuppalagudem,నేను చూస్తా సైకిల్,3,2026-03-13T00:50:52Z,2026-03-15T09:37:34.206263
Ugw6c2mHcaX1gkP2ikl4AaABAg,WVe_ssTWNlU,@AliShaik-j2c7g,Haridwar,0,2026-03-13T08:51:36Z,2026-03-15T09:37:34.206263
UgyRPPOKdXR7FklBuJt4AaABAg,WVe_ssTWNlU,@pushpalathaballem8182,I will see  gtt.5,0,2026-03-13T08:08:47Z,2026-03-15T09:37:34.206263
UgzpS2oFUMkrzYU4b314AaABAg,WVe_ssTWNlU,@Mallikarjunam-l4s,M,0,2026-03-12T12:26:32Z,2026-03-15T09:37:34.206263
UgzsOGB0oVvMsnlaT_54AaABAg,WVe_ssTWNlU,@BurjiGanapathi-b6b,Car super,0,2026-03-13T16:20:02Z,2026-03-15T09:37:34.206263
UgyhxeKrEGjBcGQVPzh4AaABAg,WVe_ssTWNlU,@mettudayakar,Chapati fighting champion,0,2026-03-14T04:30:21Z,2026-03-15T09:37:34.206263
UgxHk67Hvb54S4UFhsB4AaABAg,WVe_ssTWNlU,@MADHUPENNEMGAMING,❤❤❤❤,5,2026-03-12T11:26:18Z,2026-03-15T09:37:34.206263
Ugxxy5N5pv17HkLsi5J4AaABAg,WVe_ssTWNlU,@PillaGangaraju-r3d,Nenu sriram,0,2026-03-14T02:43:48Z,2026-03-15T09:37:34.206263
Ugz2B6lVD1M8BXG-cpd4AaABAg,WVe_ssTWNlU,@sravyaniharika9874,❤❤,0,2026-03-13T08:35:42Z,2026-03-15T09:37:34.206263
UgyIjGdXypOp7t9g5bh4AaABAg,WVe_ssTWNlU,@PillaGangaraju-r3d,I love you,0,2026-03-14T02:44:56Z,2026-03-15T09:37:34.206263
UgwUGkwxZONufJBVCVZ4AaABAg,9fyrGKa9kgI,@aakashagarwal-y2t,Got this video trending ❤keep sporting ❤,1,2026-03-14T15:00:48Z,2026-03-15T09:37:35.287567
UgxoZVXG18nEfg1bfPx4AaABAg,9fyrGKa9kgI,@नल्लाGamer,"<a href=""https://www.youtube.com/watch?v=9fyrGKa9kgI&amp;t=1545"">25:45</a> in 2 shakes ka samjh hi nhi aata hai kabhi dost ban jate hai or kabhi dusman😅😅",10,2026-03-13T16:01:10Z,2026-03-15T09:37:35.287567
Ugz8yFYAbiiXa6rIJbB4AaABAg,9fyrGKa9kgI,@mangalamangala5484,Bhai Dubai Sheikh tho aapka friend tha na kya hua please batao 😢,11,2026-03-09T13:04:53Z,2026-03-15T09:37:35.287567
Ugx_i1I34x3BOyDQsMV4AaABAg,9fyrGKa9kgI,@NotSaavid,"<a href=""https://www.youtube.com/watch?v=9fyrGKa9kgI&amp;t=2401"">40:01</a>  birthday party ❌ Nasediyo ki party ✅ 😂😂😂",31,2026-03-13T16:17:54Z,2026-03-15T09:37:35.287567
Ugw8d47S3fJ8iFmOgDp4AaABAg,9fyrGKa9kgI,@MiranParasara,Habibi ka comeback ho gya 😂😂,1,2026-03-14T14:45:17Z,2026-03-15T09:37:35.287567
UgyiZE9zE02F2YOi1al4AaABAg,9fyrGKa9kgI,@AvanishkumarChandel,High tech weapon kha hai,10,2026-03-13T14:17:22Z,2026-03-15T09:37:35.287567
Ugwxb1baf7pGSrS01BF4AaABAg,9fyrGKa9kgI,@Nagesh2007s,Crazy game bro,5,2026-03-08T19:39:11Z,2026-03-15T09:37:35.287567
Ugx9tec_x8fkQDadcip4AaABAg,9fyrGKa9kgI,@LatikerChandraShekar,1 hour video please,12,2026-03-13T13:52:43Z,2026-03-15T09:37:35.287567
UgyZzEjcjSLNXSbjxPN4AaABAg,9fyrGKa9kgI,@DevenMusale,Please i request you agle video 1 ghante ke dalna ❤❤,1,2026-03-14T15:27:20Z,2026-03-15T09:37:35.287567
Ugwjs0IeAxlfkOxQRNF4AaABAg,9fyrGKa9kgI,@Aayush2520,🔥❤,3,2026-03-08T19:54:48Z,2026-03-15T09:37:35.287567
UgxDc_vsD9gXqb0rno54AaABAg,9fyrGKa9kgI,@aakashagarwal-y2t,"<a href=""https://www.youtube.com/watch?v=9fyrGKa9kgI&amp;t=2285"">38:05</a> The paradise of gamers ❤",1,2026-03-14T16:20:14Z,2026-03-15T09:37:35.287567
Ugxx4cvd6pMJDqen0bF4AaABAg,9fyrGKa9kgI,@Tigergamingfreefire6677,Nice episode,4,2026-03-09T03:23:09Z,2026-03-15T09:37:35.287567
UgxUZLeJ1vOKC-OS5yZ4AaABAg,9fyrGKa9kgI,@rekhasaxena821,👋🏻👋🏻👋🏻👍🏻👍🏻👍🏻👍🏻👍🏻👍🏻👋🏻👋🏻👋🏻❤️❤️❤️,1,2026-03-08T20:49:05Z,2026-03-15T09:37:35.287567
UgzA3_lE6d_5gPnyoc54AaABAg,9fyrGKa9kgI,@YASIR-SNY,😮😮,2,2026-03-08T19:42:52Z,2026-03-15T09:37:35.287567
UgwAyJomwEcV1tqxIEF4AaABAg,9fyrGKa9kgI,@DRACO_MONU,Khana khate hue hee dekh rha thaa...😢😂😂😂😂,5,2026-03-13T13:49:35Z,2026-03-15T09:37:35.287567
UgzBGLTJITBIeShFNnR4AaABAg,9fyrGKa9kgI,@StoryMantraOfficial-r7s,bodygard ko kyu nahi bulaya,2,2026-03-09T07:34:02Z,2026-03-15T09:37:35.287567
UgwesUNVNM6Hy8JiXZx4AaABAg,9fyrGKa9kgI,@aakashagarwal-y2t,GTA King 👑 mayank,1,2026-03-14T14:53:52Z,2026-03-15T09:37:35.287567
UgxE9ZD67Yv2R_JLnuN4AaABAg,9fyrGKa9kgI,@funnybothub01,Ha bhai khana kha rha tha😂❤,1,2026-03-13T14:35:12Z,2026-03-15T09:37:35.287567
UgwX4yzWIl__e2q6QJ14AaABAg,9fyrGKa9kgI,@ashikurrohman9307,Big fan,3,2026-03-08T21:26:22Z,2026-03-15T09:37:35.287567
UgyCxjIVZbfYZGqroXJ4AaABAg,9fyrGKa9kgI,@GARVYT2,Next episode,2,2026-03-09T04:23:11Z,2026-03-15T09:37:35.287567
UgyEqRp-JrJhZ919dZh4AaABAg,_jkqmQun8No,@manojdabhi7049,શુપર હિટ ગીતછે યાદો તાજી થઈ સાભડીને,1,2026-03-14T14:37:51Z,2026-03-15T09:37:36.449806
Ugy-Sp65xPA_olH8NA14AaABAg,_jkqmQun8No,@Hairbysanju,Bhivj mast banavyu song . And videos ❤,1,2026-03-14T11:44:00Z,2026-03-15T09:37:36.449806
UgxxTzdDg-nsIjfXbu14AaABAg,_jkqmQun8No,@dipakmali7878,"રમેશભાઈ વછીયા, ગોપાલભાઈ, ગુણવંતભાઈ અને વિશાલભાઈ હોય પછી ગીતની વાત જ નાં થાય સીધું હૃદય ને સ્પર્શી જાય ❤💯❤<br>જય હો જીગર સ્ટુડિયોની... <br>કેટલા સમય થી નવા સોન્ગની રાહ જોતો હતો....❤❤❤",5,2026-03-13T12:06:10Z,2026-03-15T09:37:36.449806
UgypcjSZCF6gw85nk2R4AaABAg,_jkqmQun8No,@geetavikramcomedian,Super song ❤❤❤❤❤ ha jigar studio 🎙️ gunavant thakor ha gopal bharvad ha,1,2026-03-13T17:16:13Z,2026-03-15T09:37:36.449806
UgyE9lPfoEOFXu0MsTV4AaABAg,_jkqmQun8No,@RuduMakwana-w4k,જય શ્રી કૃષ્ણ,1,2026-03-14T11:57:45Z,2026-03-15T09:37:36.449806
Ugx0z7ImtoZ2-cAZCR54AaABAg,_jkqmQun8No,@raghumir1852,ગોપૂ તારા વાત નો થાય હા રમેશ vachiya તમારા ગીતો હા,2,2026-03-13T12:15:50Z,2026-03-15T09:37:36.449806
Ugy2tTfG6xP9BGnZg6h4AaABAg,_jkqmQun8No,@Shortvideo2026trivedi,કોને કોને હિન્દી સોંગ કરતાં વધારે ગુજરાતી ગીતો સાંભળવા ગમે છે 👏❤❤ દોસ્ત 🥲🫡,19,2026-03-13T02:52:46Z,2026-03-15T09:37:36.449806
UgyOqz8JMvJA2Wu7wVh4AaABAg,_jkqmQun8No,@mukeshjani7388,Aava song karvaa kalakar tarike vadhare mazaa aave.,3,2026-03-13T09:22:39Z,2026-03-15T09:37:36.449806
UgxLnRjb9AgF8QAy-WJ4AaABAg,_jkqmQun8No,@JayeshSaraviya,❤. મે તને સંભારી દિલથી તને હેડકી આવી હશે .  ............🥰,4,2026-03-13T08:42:25Z,2026-03-15T09:37:36.449806
UgwrV-CaBfQFstbT1254AaABAg,_jkqmQun8No,@sapnabarotofficil,Super duper song wah 👌 Jigar studio gunvantbhai <br>Congratulations all teem <br>-----------------<br>Sapna barot <br>Ganesh barot,3,2026-03-13T08:28:10Z,2026-03-15T09:37:36.449806
UgxStzGZCMXbo93aHrZ4AaABAg,_jkqmQun8No,@Veer2612-army,Bhai bow mst song nice ❤❤❤❤❤,1,2026-03-13T12:30:44Z,2026-03-15T09:37:36.449806
UgxCY8vSt5UjOV1QRrp4AaABAg,_jkqmQun8No,@ReshmabenMakwana-n4u,સૂપર ગોપાલ ભાઇ તમારૂ આવા ગીતો રોજ નવા સાંભળું મંન શાતિ મળે છે,4,2026-03-13T08:28:18Z,2026-03-15T09:37:36.449806
Ugz6A1bD2exwwoNPvj94AaABAg,_jkqmQun8No,@RavalVivek-c4n,Ex ....<br>પ્રભુ કેમ આપી મને આખો<br>થોડું જગત સમુ તાકો <br>પ્રભુ કેમ આપી મને આખો<br>થોડું જગત સમુ તાકો <br>આ તમારા રે રાજ માં શું થઇ રહ્યું દુનિયા માં<br> <br>ભાઈ ભાઈ થી અલગ થયો<br>ધન સંપત્તિ ની છે માયા <br>આ તમારા રે રાજ માં શું થઇ રહ્યું દુનિયા માં,1,2026-03-14T15:44:41Z,2026-03-15T09:37:36.449806
Ugx_gQ12OccpA7dh64B4AaABAg,_jkqmQun8No,@desisangitniduniya2930,Vah !Gopalbhai jordar song chhe...mane bau gamyu...Dahod Dhanpurthi jou chhu...,1,2026-03-13T17:22:00Z,2026-03-15T09:37:36.449806
UgxxStZl5Fr7Qm16e9p4AaABAg,_jkqmQun8No,@Gopalbharwad89,Gopal bharwad na song ma Kai ghate j nayyy❤,2,2026-03-13T02:00:41Z,2026-03-15T09:37:36.449806
Ugz9_C4i3gZcrS14Max4AaABAg,_jkqmQun8No,@chaman_manvar_93278,બેસ્ટ સોન્ગ છે પણ એક વાત તો છે કે જે માણસ થી આપણને સૌથી વધારે લગાવ હોય એ માણસ આપણ થી દૂર થઇ જાય ત્યારે ખુબજ દર્દ થાય છે,3,2026-03-13T02:49:30Z,2026-03-15T09:37:36.449806
Ugxh1rTXTf0Hw6_hhmh4AaABAg,_jkqmQun8No,@BabuMeldimaa,Gopal Bharwad song Bhai ❤,2,2026-03-13T04:29:54Z,2026-03-15T09:37:36.449806
UgxucbaKMfZYplvUp2d4AaABAg,_jkqmQun8No,@PanchalaApunofficial,Super duper Hit song bhai ❤,2,2026-03-13T07:51:07Z,2026-03-15T09:37:36.449806
UgxedDM97eL5eVT-IRh4AaABAg,_jkqmQun8No,@mukeshjani7388,Gopalbhai na badhaa geeto mane gamyaa che.kaik vaat no haard jova male che. Superb all friends artist. ❤🎉❤mara mate pan kahesho koi pan role.,1,2026-03-13T09:21:59Z,2026-03-15T09:37:36.449806
UgzbZo009TL_dvWcTjt4AaABAg,_jkqmQun8No,@GujaratiGujaratiG,નવું સોંગ ગોપાલ ભરવાડ ના કંઠે ગવાયું સુપર હિટ હોય ને ખુબ સરસ❤❤👍👍,5,2026-03-13T03:26:24Z,2026-03-15T09:37:36.449806
UgyFKM0zgYTAkpuGStZ4AaABAg,i9ZHedoeHwE,@AnandRaj-g3r,So nice song mast hi bhai song,5,2026-03-11T04:49:36Z,2026-03-15T09:37:39.823337
UgxwPeQjW2U_i-rTY6t4AaABAg,i9ZHedoeHwE,@simpleboy___4z,❤❤❤❤,3,2026-03-11T03:57:53Z,2026-03-15T09:37:39.823337
UgzFH2iYVD0bN55ichR4AaABAg,i9ZHedoeHwE,@TinkukumarTinku-m2l4m,❤super duper,19,2026-03-10T20:25:23Z,2026-03-15T09:37:39.823337
UgwifBES4s7IsksuKlR4AaABAg,Ga_k5envGAY,@satheeshulli1131,వైష్ణవి గారు మీరు చాలా నాచురల్ గా నటించారు. మీరు సినిమా లో కోట్లు తీసుకునే హీరోయిన్లు కన్నా చాలా బాగా చేశారు.మీరు ఇంకా చాలా ఎదగాలని మనస్ఫూర్తిగా దేవుణ్ని కోరుకుంటున్నట్లును.,16,2026-03-14T15:26:11Z,2026-03-15T09:37:46.779790
Ugx2VSE22P_tdFLOqsZ4AaABAg,Ga_k5envGAY,@SravanthichinnuAtoz,Nice song singer Hanumanth yadhav,1,2026-03-14T15:20:14Z,2026-03-15T09:37:46.779790
Ugw1UvSuNCA4GT6IRJN4AaABAg,Ga_k5envGAY,@voiceofjanani9509,Wow super sir,1,2026-03-14T16:41:09Z,2026-03-15T09:37:46.779790
Ugx0ZWMGjMUT_fme8jZ4AaABAg,Ga_k5envGAY,@VenkateshKadali-z9d,❤ super sang vishnavi sony exlent performance 🎉🎉🎉,1,2026-03-14T15:00:16Z,2026-03-15T09:37:46.779790
UgypqUytDsdsiYTEYR14AaABAg,Ga_k5envGAY,@NAMASWIFOLKS,సూపర్ నైస్ సాంగ్ ❤❤,0,2026-03-14T16:51:43Z,2026-03-15T09:37:46.779790
UgzeOtfLUMBPXIBVOCR4AaABAg,Ga_k5envGAY,@SasigullapallySasi,"VAISHANAVI U R LOOKING VERY BEAUTIFUL IN THIS SONG AMA 👌👍, KALYAN THANKS FOR THIS SONG 👌👌",2,2026-03-14T15:35:59Z,2026-03-15T09:37:46.779790
Ugyp1oQzKeF6bvF_YQB4AaABAg,Ga_k5envGAY,@ANILPALLEKABURLU,Dop editing wonderful💫🙏🙏,2,2026-03-14T15:05:22Z,2026-03-15T09:37:46.779790
UgyQShetOSR_3y6U_qt4AaABAg,Ga_k5envGAY,@asmak9678,Super akka 🥰,1,2026-03-14T16:45:37Z,2026-03-15T09:37:46.779790
UgyMoUjbHHKmMWCuhKt4AaABAg,Ga_k5envGAY,@battinisathish6054,చాలా అద్భుతమైన లిరిక్స్&amp; యాక్టింగ్ మంచి పదాల అల్లిక మీకు హృదయపూర్వక అభినందనలు ❤❤❤❤❤,1,2026-03-14T16:46:32Z,2026-03-15T09:37:46.779790
UgzLRMjrV9D4kCM_ED54AaABAg,Ga_k5envGAY,@Anilkumarsri,Nice Chala Bagundi song expressions Vaishnavi Sony and Eshwar sai many more to come with good songs like this,4,2026-03-14T12:33:47Z,2026-03-15T09:37:46.779790
Ugy0PxPOdhA_O25IbHh4AaABAg,Ga_k5envGAY,@ఆరేపల్లిచిరుతలరామాయణంArepallyChiruth,2026  Year Best Folk Song❤❤,1,2026-03-14T14:06:59Z,2026-03-15T09:37:46.779790
Ugw91CozHDm-qVj6Uzl4AaABAg,Ga_k5envGAY,@chikkikushisisters9524,Super undhi  song,0,2026-03-14T17:01:39Z,2026-03-15T09:37:46.779790
Ugxyx9-8K7Vzr2OHPRp4AaABAg,Ga_k5envGAY,@harikrishna3938,Superb song,0,2026-03-14T16:06:40Z,2026-03-15T09:37:46.779790
Ugz4EhvtEB0C2Te8xHt4AaABAg,Ga_k5envGAY,@satheeshulli1131,వైష్ణవి గారు మీరు చాలా అందంగా ఉన్నారు. సాంగ్ చాలా బాగుంది.మన పల్లె జానపద సాంగ్స్ ప్రపంచవ్యాప్తంగా ఆదరణ పొందుతున్నాయి.,3,2026-03-14T15:20:09Z,2026-03-15T09:37:46.779790
UgyBzCC2O1DWrp1WLQV4AaABAg,Ga_k5envGAY,@rajenderbekkam8754,కళ్యాణ్ అన్నా మీ సంగీతం అద్భుతం అన్నా ❤❤🔥🔥,0,2026-03-14T17:15:23Z,2026-03-15T09:37:46.779790
UgxuA6PuvTGlcchi3U54AaABAg,Ga_k5envGAY,@medishailaja7802,చాలా రోజుల నుండి ఎదురు చూస్తున్న ఈ పాట కోసం,1,2026-03-14T15:55:45Z,2026-03-15T09:37:46.779790
UgzUEh_06CZgvsBCP514AaABAg,Ga_k5envGAY,@BalagamTvMusic,పాట చాలా అద్భుతంగా ఉంది...,0,2026-03-15T01:42:08Z,2026-03-15T09:37:46.779790
UgyVdhg4Ygj42nOK3QN4AaABAg,Ga_k5envGAY,@thekey440,వెన్నెల అన్న సాహిత్యం నిత్యానందం... నాకైతే నిత్యనూతనంగా అనిపిస్తుంది. ఎన్ని అంచనాలు పెట్టుకున్నా అందని ఆకాశం అంత ఉన్నతంగా ఉంటుంది❤,0,2026-03-14T15:51:56Z,2026-03-15T09:37:46.779790
UgxzBqj_DST6C46q5ll4AaABAg,Ga_k5envGAY,@Palletooridancer-es9qk,సాంగ్ కోసం చాలా వెయిట్ చేశాం 🎉🎉🎉,2,2026-03-14T13:53:37Z,2026-03-15T09:37:46.779790
Ugz9un-yvCpTwYjk1Cx4AaABAg,Ga_k5envGAY,@Sweetyallinone1content,Super undi song slow motion lo haayiga vintunte manasuki hayiga undi super song 👌👌👌👌👌👌👌👌👌👌👌👌👌❤️👌❤️❤️❤️❤️,0,2026-03-14T16:21:31Z,2026-03-15T09:37:46.779790
UgxaWROkS0B7nEeF2H14AaABAg,RoHTt2why7Y,@beliweruh224,"<a href=""https://www.youtube.com/watch?v=RoHTt2why7Y&amp;t=2940"">49:00</a>",1,2026-03-14T07:33:17Z,2026-03-15T09:37:52.956763
UgxJIffeBLDmS8Ky_2t4AaABAg,RoHTt2why7Y,@Dallas-e2s,Longest stream ever 😅😅😅,0,2026-03-14T08:19:36Z,2026-03-15T09:37:52.956763
UgxuWf1aGWDxVkak2_94AaABAg,RoHTt2why7Y,@Lunaticultis9792,Never join this guy live again guys,0,2026-03-14T08:01:39Z,2026-03-15T09:37:52.956763
UgzvYCFR00V2BPhSsjZ4AaABAg,RoHTt2why7Y,@Lunaticultis9792,"Bye, you sucker",0,2026-03-14T08:01:56Z,2026-03-15T09:37:52.956763
UgwtZ_3DGnR_t1Tfxgt4AaABAg,9SOtyn49oHY,@stcboys-k8g,श्रि हरी नाराय ॐ ॐ ॐ ॐ ॐ ॐ ॐॐ श्रीमन नाराय जय जय,0,2026-03-15T02:30:29Z,2026-03-15T09:37:56.917547
UgybX1_HcZ3_G_G93GN4AaABAg,9SOtyn49oHY,@poonamrawat3274,Om Namah Bhagvati vasudevaya Namah.,0,2026-03-15T03:18:26Z,2026-03-15T09:37:56.917547
UgyYjC-VBOWk_ku6z7R4AaABAg,9SOtyn49oHY,@itzjayyt9363,Jayshreeharivisanuji<br>Kokotikotinamankartehan,1,2026-03-15T01:11:14Z,2026-03-15T09:37:56.917547
UgyRseCT-CRRETAGpDh4AaABAg,9SOtyn49oHY,@kanchandance,Om Namo Vasudevaye Namaha 🙏🏻🌹,0,2026-03-15T03:44:56Z,2026-03-15T09:37:56.917547
Ugzz3ZtIHMAUXaHw89J4AaABAg,H7AFRJVGhe4,@BuaRani-w1c1e,😊,1,2026-03-15T03:26:35Z,2026-03-15T09:37:59.583713
UgwgpSL1D9TNO4pn7cZ4AaABAg,H7AFRJVGhe4,@SurajKumar-o4s8w,❤,2,2026-03-15T03:09:42Z,2026-03-15T09:37:59.584785
UgyV5Uy1QQtX3NavX9F4AaABAg,H7AFRJVGhe4,@ArunKumar-bv6gj,😊😊😊,5,2026-03-14T06:20:13Z,2026-03-15T09:37:59.584785
UgwyjqDNNp2b2zKkfRp4AaABAg,H7AFRJVGhe4,@ManjeetGupta-b9h,🥰🥰🥰🥰🥰🥰🥰🥰🥰🥰🫂🫂🫂🫂🫂🫂,2,2026-03-15T02:23:14Z,2026-03-15T09:37:59.584785
UgyZPP1wbI2dglU9iIF4AaABAg,H7AFRJVGhe4,@PrinceKumar-r7n2w,❤❤❤❤,14,2026-03-14T02:31:18Z,2026-03-15T09:37:59.584785
UgwMVuHaw1fmgZm-xPp4AaABAg,H7AFRJVGhe4,@VipinVarma-w6i,❤❤,3,2026-03-14T11:51:42Z,2026-03-15T09:37:59.584785
Ugy5fma81Ih5BPj7LYh4AaABAg,H7AFRJVGhe4,@VimleshKashyap-c8l,❤❤❤,1,2026-03-15T02:23:01Z,2026-03-15T09:37:59.584785
Ugxw4Dcce1pNgf3LW994AaABAg,tfLk1xAFApU,@locopilotinvention3714,GTA v,0,2026-03-14T11:19:27Z,2026-03-15T09:38:03.151353
Ugwvb166xT0pUCh3VCR4AaABAg,tfLk1xAFApU,@Gaming_Lover503,Please bhai bata do 😢😢😢,1,2026-03-14T07:52:03Z,2026-03-15T09:38:03.151353
Ugw9R-vGKwee035eF7V4AaABAg,tfLk1xAFApU,@Gaming_Lover503,Bhai game ka kya name hai,1,2026-03-14T07:51:52Z,2026-03-15T09:38:03.151353
UgzmCJCIx9QT3GS5yjZ4AaABAg,WgmARIX1Y5A,@PapuBiñdhani-e7f,"HiDMA,, ok",7,2026-03-11T02:29:35Z,2026-03-15T09:38:07.245209
Ugwm0YK5V6sCQpht4QB4AaABAg,WgmARIX1Y5A,@yogitarakshe6506,❤ aaj  dm ne stutus dhala he sad song ka tu vakt mare liye tu he mera lammha kaise rahega bala hoka tu mujse juda .. caption lika he i miss you.. slilet journey me 2 yrs huva .  Aur me kuch nahi kar pari aaj he channel song resonate mi thanku❤,19,2026-03-12T17:28:16Z,2026-03-15T09:38:07.245209
UgzaYYFdNVLI6EgpyVh4AaABAg,WgmARIX1Y5A,@PayalKumari-l3s2q,Thanks for song,19,2026-03-10T14:39:54Z,2026-03-15T09:38:07.245209
UgyMXEp4SRDXl7hne2V4AaABAg,WgmARIX1Y5A,@rinkusarwar5440,life time best khal nayak,6,2026-03-10T11:38:59Z,2026-03-15T09:38:07.245209
UgzgN-p9Vp28EBFOSoB4AaABAg,WgmARIX1Y5A,@ShravaniDambhare-o5z,❤,1,2026-03-14T06:53:31Z,2026-03-15T09:38:07.245209
Ugyi0SfoAj4sJTYVRGt4AaABAg,tALBRb6L45g,@aakanshu06,To all our godl warm blooded fans...itna toxic hona theek nhi hai...sirf ek banter s kilas jate ho.. grown up buddies!!  🫂💛,194,2026-03-14T17:56:02Z,2026-03-15T09:38:09.011605
UgxTHIfEZ2n1Fql5xi54AaABAg,tALBRb6L45g,@rajatsingh4298,I think this banter is needed .... It&#39;s between insta team not between the players🚀💛,14,2026-03-14T18:42:41Z,2026-03-15T09:38:09.011605
Ugw8jrCWVOrU1ypyx_R4AaABAg,tALBRb6L45g,@KaranpreetSingh-z8j,Godlike and Soul players💀<br>Godlike and saul fans🤡,26,2026-03-14T22:11:26Z,2026-03-15T09:38:09.011605
UgwRWJqGW7VRoefVk8h4AaABAg,tALBRb6L45g,@SKETCH7797,Jonathan ❤,59,2026-03-14T17:53:27Z,2026-03-15T09:38:09.011605
Ugyo-cQ-7yZB_CDNxhp4AaABAg,tALBRb6L45g,@Uchihasoulop,"GOBLIN ka  reloaded 4 ammo tha bhai,jonny ka tara 10 ammo nehi fir bhi hag diye wo alag bat",43,2026-03-14T18:12:52Z,2026-03-15T09:38:09.011605
UgxPJfCREas1oS2A-RR4AaABAg,tALBRb6L45g,@iamsudhansshhu,I am a soul fan but jonny what an athlete love you buddy no matter you win or lose you always will be the bgmi goat❤,5,2026-03-14T19:31:00Z,2026-03-15T09:38:09.011605
Ugwu-Xs7CpQooiQ74j94AaABAg,tALBRb6L45g,@Why.all.fanatic,"<a href=""https://www.youtube.com/watch?v=tALBRb6L45g&amp;t=342"">5:42</a> yeh banda spined bola😂 iingggillliiish mat bolo aap,🤡 lagte ho",6,2026-03-14T18:45:35Z,2026-03-15T09:38:09.011605
Ugw1Xy2YMTkkeQ_Jz1R4AaABAg,tALBRb6L45g,@RajaBoro-l8s,Love from iqsoul,25,2026-03-14T18:05:33Z,2026-03-15T09:38:09.011605
UgxPRiE4irFiLO_BWoR4AaABAg,tALBRb6L45g,@be.ishant,"Banter is a part of eSports industry not even in Indian or especially bgmi community but in the world, but they take banters as banters they respect each other and at the same time they also do banters at right moment it&#39;s the part of eSports I&#39;m a godL fan but if fans don&#39;t know how to take banters how much even you say we support eSports... It&#39;s useless<br>Peace out",8,2026-03-14T18:17:28Z,2026-03-15T09:38:09.011605
UgyxKbXqeDlHEAwL-ct4AaABAg,tALBRb6L45g,@jiraiyaboy7641,"<a href=""https://www.youtube.com/watch?v=tALBRb6L45g&amp;t=341"">5:41</a> scout hindi bole. Kash ko hindi samaj aati hai but nahi ataka huwa english bolna hai cool lagunga. Cool to nahi fool lagta hai😂😂🤡",23,2026-03-14T19:20:58Z,2026-03-15T09:38:09.011605
UgzL_e14JWbQ-nQ2pzF4AaABAg,tALBRb6L45g,@Manoj1080p,Admins alag hi game khel rhe,2,2026-03-14T18:09:29Z,2026-03-15T09:38:09.011605
UgwfHKb6DH1Be5XDGFl4AaABAg,tALBRb6L45g,@KAMALSINGHPARMAR28,"<a href=""https://www.youtube.com/watch?v=tALBRb6L45g&amp;t=300"">5:00</a> Jonathan most humble player that&#39;s why uske paas itna fam h💛",5,2026-03-14T20:00:38Z,2026-03-15T09:38:09.011605
Ugx9jVESDl3TFi8qki14AaABAg,tALBRb6L45g,@AadiMalikChandigarh,Bhai Jonathan jaisa Banda koi nahi all igc me,93,2026-03-14T17:56:26Z,2026-03-15T09:38:09.011605
UgxPcXy3grkgohfQEVV4AaABAg,tALBRb6L45g,@ApsantMarcoNepal,Godlike Player💀<br>Godlike Fans🤡,108,2026-03-14T18:09:25Z,2026-03-15T09:38:09.011605
UgwoTdnAk3eF7f1YZxt4AaABAg,tALBRb6L45g,@rasiksworld689,he lost but still appericiating his arc rival thats why he is goat.,80,2026-03-14T18:06:28Z,2026-03-15T09:38:09.011605
UgwE13ZW6HJqu3m62-R4AaABAg,tALBRb6L45g,@GaganSingh-jz3ui,scout ki english 😢😢😢😢,3,2026-03-14T20:14:21Z,2026-03-15T09:38:09.011605
UgylXNJAg7Tx8GMTl2Z4AaABAg,tALBRb6L45g,@abhijeetkumar8192,Bhai chants Soul walo k liye ho rha tha 😂😂😂. But ye jabardast ka hype kr diya casters ne,11,2026-03-14T20:00:30Z,2026-03-15T09:38:09.011605
UgyzUuBI3Q3B1X910QR4AaABAg,tALBRb6L45g,@destination-g2x,"<a href=""https://www.youtube.com/watch?v=tALBRb6L45g&amp;t=341"">5:41</a> scout bhai ye bat ap Hindi me bhi bol sakte the na , muse pata nahi chalta kyu kash dii ke ane par scout bhai ka english suru ho jata he 😂",15,2026-03-14T18:20:14Z,2026-03-15T09:38:09.011605
UgyVnQCsPNmq42RGqBd4AaABAg,tALBRb6L45g,@MARCOplayZzz18,Twitch par payal ka live kaise dekhu bhai,3,2026-03-14T18:20:52Z,2026-03-15T09:38:09.011605
UgwUTjO_H5VG772zRLp4AaABAg,tALBRb6L45g,@INTERNOTT,White tiger bdhiya player hai,3,2026-03-14T18:34:52Z,2026-03-15T09:38:09.011605
UgzsU3IDkgf1oOIfccp4AaABAg,Poo_7YDMcqw,@SangitaGhimire-x1n,Om namah sibaya🎉🎉,0,2026-03-15T01:46:10Z,2026-03-15T09:38:15.549450
UgyAinIoSM3m2jodOqB4AaABAg,Poo_7YDMcqw,@shankarkandel577,❤❤❤❤❤ ओम नम शिवाय माता पार्वती गणेश जी कुमार जी को कोटी कोटी प्रणाम ❤❤❤❤❤❤,4,2026-03-14T23:12:25Z,2026-03-15T09:38:15.549450
UgzTWp5UwQOOVZb7GDJ4AaABAg,Poo_7YDMcqw,@MontuNegi-q7z,Jai shiv parvati om namaha shivay har har mahadev jai shree ganesh jai shree ganeshaye namaha jai shree kartik jai shree kartikaye namaha ❤🎉😢😮😅😊,1,2026-03-14T01:35:16Z,2026-03-15T09:38:15.549450
UgyM1w3-nT9qbh_e3AB4AaABAg,Poo_7YDMcqw,@JagdishsinhGohil-il1vm,जयश्रमाहादेव,1,2026-03-15T03:21:47Z,2026-03-15T09:38:15.549450
UgwvTuJs4WvaGqysmzl4AaABAg,Poo_7YDMcqw,@sureshyadav-mt5ob,Jay mata parwati 🙏🕉️🙏🏿🙏🕉️🙏🏿,1,2026-03-13T04:28:23Z,2026-03-15T09:38:15.549450
UgzubHoLn1bPcXBMFb54AaABAg,Poo_7YDMcqw,@RamAsare-s9u,हर हर महादेव ❤❤❤❤❤ नमः शिवाय,2,2026-03-14T01:09:38Z,2026-03-15T09:38:15.549450
UgyUpfBdCy2dJYkgYS14AaABAg,Poo_7YDMcqw,@sureshyadav-mt5ob,Har har mahadev 🙏🙏🙏🙏🙏,1,2026-03-13T04:27:32Z,2026-03-15T09:38:15.549450
UgxQS4hHl9497kuHQyF4AaABAg,Poo_7YDMcqw,@VijayPrasad-y8g,Om namah shivaya 🙏🙏🙏🙏🙏🙏🙏🙏🌹🌹🌹🙏🌹,1,2026-03-13T23:35:31Z,2026-03-15T09:38:15.549450
UgyAEOV3zr_35DthJn14AaABAg,Poo_7YDMcqw,@BasantiDevi-h2u,Om namah shivay,2,2026-03-14T05:17:02Z,2026-03-15T09:38:15.549450
Ugy1D7gm6SxGIXgbJRJ4AaABAg,Poo_7YDMcqw,@ajittikait8926,Har har mahadev,1,2026-03-15T01:11:38Z,2026-03-15T09:38:15.549450
Ugx_CGKX0vvdqcav0Ah4AaABAg,Poo_7YDMcqw,@PsBisht-t5i,Omno shvay,3,2026-03-13T02:34:12Z,2026-03-15T09:38:15.549450
Ugw2PA3s5t3HazBvePd4AaABAg,Poo_7YDMcqw,@sarojpandey5020,।।श्री शिवाय नमस्तुभ्यम।।,1,2026-03-15T01:40:53Z,2026-03-15T09:38:15.549450
Ugxffr2-Mzap-RuGtH14AaABAg,Poo_7YDMcqw,@GovindrajGiri,🙏🙏🙏🙏🙏🌹🌹🌹🌹,3,2026-03-14T00:28:16Z,2026-03-15T09:38:15.549450
Ugz13_XzWaHC1LMJhhB4AaABAg,Poo_7YDMcqw,@dilprasadlimbu2049,❤❤,1,2026-03-14T17:21:26Z,2026-03-15T09:38:15.549450
UgzaDJis-dOXnUlUcFh4AaABAg,Poo_7YDMcqw,@SantoshSingh-x8i8w,Ji bramaand nyaay nyty ka rishta sangati thakur ka charitra mahaanta ho gurujano gurudevjano seva ushashy lekar aaya hai fir bhi tukdo par gadhar dogala pan karne par majbur sabhi bhagwan ya  bhagwan saty fir kar kartab Gyaan kyo jo karloo yahi saty hai,5,2026-03-14T23:50:13Z,2026-03-15T09:38:15.549450
Ugzm8MV9xW83tF9EUNJ4AaABAg,Poo_7YDMcqw,@MithaleshpanditPandit,❤❤❤❤❤❤❤❤❤❤❤❤❤❤❤😂,1,2026-03-14T02:02:27Z,2026-03-15T09:38:15.549450
Ugx0es2V5Wzhv79f9CN4AaABAg,Poo_7YDMcqw,@marigaming-k9f,जय।भोलेनाथ,3,2026-03-15T01:12:32Z,2026-03-15T09:38:15.549450
UgyOLB37eDLMog8oKWR4AaABAg,Poo_7YDMcqw,@sureshyadav-mt5ob,Om namah shivay 🙏🕉️🙏🕉️🙏,3,2026-03-13T04:27:11Z,2026-03-15T09:38:15.549450
UgzerA58mKRO1gaduZp4AaABAg,Poo_7YDMcqw,@Monoranjanbanik.Majdha.Monoran,ওম জয় শিব শংকর তব শ্রী চরণে হাজার কোটি প্রণাম।🙏🌹🙏🌹🙏🌹🙏🌹🙏🌹🙏🌹🙏,2,2026-03-15T02:43:02Z,2026-03-15T09:38:15.549450
Ugy8rxHQ8bJYS5CIoiN4AaABAg,Poo_7YDMcqw,@BHARATYADAV-e2l2d,om namah shivay 🙏🙏🙏,1,2026-03-13T23:02:46Z,2026-03-15T09:38:15.549450
UgxmOuMwkbBpy_nkVux4AaABAg,Hvd7wshpHek,@HossainIsla,AG&#39;s Audi said the far the ❤,2,2026-03-14T19:50:19Z,2026-03-15T09:38:16.586416
Ugye6s6xkSgm0goen3J4AaABAg,Hvd7wshpHek,@irfansajid5384,এক্সেল লাইক দিতে হয় কে,6,2026-03-14T06:18:09Z,2026-03-15T09:38:16.586416
UgwjzlCbfzVVL29oR3p4AaABAg,Hvd7wshpHek,@YosufmajiAbdu,❤️❤️❤️❤️❤️❤😊😊,0,2026-03-14T08:29:46Z,2026-03-15T09:38:16.586416
UgzvtCc32GZKiPPlIH14AaABAg,Hvd7wshpHek,@AbdussamadSk-t2z,❤,1,2026-03-14T09:45:40Z,2026-03-15T09:38:16.586416
Ugzc1ozHccNw2ROOvJF4AaABAg,Hvd7wshpHek,@JobborBapiry,❤😂😅😅😮😮😮,1,2026-03-14T13:29:25Z,2026-03-15T09:38:16.586416
UgzKI1Sml91jm_fYheV4AaABAg,Hvd7wshpHek,@Thebijongamer-523,Via video ta onek valo legeche ❤ tumi amake chinte parco Ami Nafis❤ . Aer tumi chesta korcho regular video charar jonno. And video ta onek sundor hoiche❤. Avabe aste aste regular video charba ok ❤. Love from Bangladesh🇧🇩😊😊❤❤❤❤😄😄,34,2026-03-14T05:17:13Z,2026-03-15T09:38:16.586416
UgwXBKNyGkVMxnJjHgh4AaABAg,Hvd7wshpHek,@MdTafiqul-dt4gd,Ra,1,2026-03-14T14:29:06Z,2026-03-15T09:38:16.586416
Ugwir056ubvF0KG4yFJ4AaABAg,Hvd7wshpHek,@AkhterMahmud-g3q,220 tk,3,2026-03-14T04:33:08Z,2026-03-15T09:38:16.586416
Ugxe6AlD1tEL6Fz_rEh4AaABAg,Hvd7wshpHek,@gazishaidulislam,Abubokker😮😮😮❤❤,3,2026-03-14T09:29:38Z,2026-03-15T09:38:16.586416
UgxdTAmQ2Uw7FY4QM9p4AaABAg,Hvd7wshpHek,@TasminAkter-u7n,Shin-chan,3,2026-03-14T13:50:46Z,2026-03-15T09:38:16.586416
UgwwS1HR0etmgsa6ubF4AaABAg,Hvd7wshpHek,@MuktarMia-r4n1v,পারবেন ধাম দিতে 😮😮😮😮😮❤❤❤,12,2026-03-14T04:52:15Z,2026-03-15T09:38:16.586416
UgwVMqLQWdHqf1SczSB4AaABAg,Hvd7wshpHek,@shakilmir86,😊😊😊😊,6,2026-03-14T07:35:24Z,2026-03-15T09:38:16.586416
Ugzbi27ARKXlA43LOWh4AaABAg,Hvd7wshpHek,@SanjidaShova-q8g,"ভিডিওটা  অনেক সুন্দর হয়েছে ,💞❤️❤️❤️❤️❤️🎀🎀🎀🎀🎀",3,2026-03-14T14:09:28Z,2026-03-15T09:38:16.586416
UgyhjO6ZHbu_XO1EJ0p4AaABAg,Hvd7wshpHek,@MokterMunsi,ভিডিওটা অনেক সুন্দর হয়েছে 😊❤,4,2026-03-14T11:41:21Z,2026-03-15T09:38:16.586416
UgzBT5PJSugfCJRd5HN4AaABAg,Hvd7wshpHek,@SaymaSultana-u8c,Copy cat,4,2026-03-14T05:16:15Z,2026-03-15T09:38:16.586416
UgwDzJncLrtrE3SB01x4AaABAg,Hvd7wshpHek,@SamiulHasan-l2o,I,0,2026-03-14T08:08:40Z,2026-03-15T09:38:16.586416
UgwwH_lSVJ0W51iDc9J4AaABAg,Hvd7wshpHek,@SohelExtra-i9c,😢😢❤ Ramadan video please❤❤❤❤,0,2026-03-14T14:05:34Z,2026-03-15T09:38:16.586975
Ugw8bwDLeJHJGwSMUnN4AaABAg,Hvd7wshpHek,@MdArnobIslamAbir,❤❤❤❤😊😊😊😊😊,0,2026-03-14T12:11:26Z,2026-03-15T09:38:16.586975
UgwbyZCW27BXfp2D4VB4AaABAg,Hvd7wshpHek,@samimc5w9w,❤❤❤❤❤❤❤❤❤❤,0,2026-03-14T11:18:33Z,2026-03-15T09:38:16.586975
UgyVe5rc8Hg7Q_GLGCt4AaABAg,Hvd7wshpHek,@MdHarun-t4j,😊😊😊😊😊,0,2026-03-14T11:02:58Z,2026-03-15T09:38:16.586975
UgygrV6roWRw9E6G5e54AaABAg,DiwtyRqbevs,@Designer_100k-m,Hi,5,2026-03-14T10:25:51Z,2026-03-15T09:38:17.602075
UgzWRMvOM87Mv2vrKLR4AaABAg,DiwtyRqbevs,@BishalSuthardhar,🎉🎉🎉🎉,2,2026-03-14T14:52:07Z,2026-03-15T09:38:17.602075
UgwhtiAYydySdHV-swt4AaABAg,DiwtyRqbevs,@sarojsingh6048,Ghost,0,2026-03-15T04:00:41Z,2026-03-15T09:38:17.602075
Ugyj6tt_CnOC7yleO294AaABAg,DiwtyRqbevs,@kamaljeetkaur8957,Very Best song,2,2026-03-14T12:27:17Z,2026-03-15T09:38:17.602075
UgyRTOOwh6E_5oVBvzx4AaABAg,DiwtyRqbevs,@Designer_100k-m,Bro apka video par copyright kyu nahi aata hai aur reuse content ne bhi nahi jAta hai please mujhe bhi bata do,2,2026-03-14T10:26:47Z,2026-03-15T09:38:17.602075
UgyzJtdsvlNzYbRMA1F4AaABAg,GYAWaeSle70,@muralidharan2005-1,Murugan title song venum sirrrrr.,16,2026-03-13T12:32:31Z,2026-03-15T09:38:25.076996
UgxLZMEcXGOaojRMT9l4AaABAg,GYAWaeSle70,@doreamonbeatz,Part 2 vandha nalla irukkum,11,2026-03-13T12:59:40Z,2026-03-15T09:38:25.076996
UgzVI9iDO-4Xz83fiAN4AaABAg,GYAWaeSle70,@selva81652,Wonderful movie❤,0,2026-03-14T18:16:16Z,2026-03-15T09:38:25.076996
UgzsByKJqRxpSm0FKEh4AaABAg,GYAWaeSle70,@rewindvoice2,Murugan Song Thavira all song poduranga ...Lusu Pasanga 😂😂😂,5,2026-03-13T12:50:30Z,2026-03-15T09:38:25.076996
Ugz2WIJoHc6VXo6lD_J4AaABAg,GYAWaeSle70,@remoram111,Super movies ❤,1,2026-03-13T12:53:48Z,2026-03-15T09:38:25.076996
UgwnJtcw3n6EaxKyDZp4AaABAg,GYAWaeSle70,@LakshahanArun,Sk ❤❤❤❤❤❤,0,2026-03-13T13:54:01Z,2026-03-15T09:38:25.076996
Ugz7DTx6d5w5VUa4lux4AaABAg,GYAWaeSle70,@SharmilaMoorthi,❤❤❤❤❤❤,0,2026-03-13T15:57:35Z,2026-03-15T09:38:25.076996
UgyD7Jkp_oP7lSbHqD94AaABAg,GYAWaeSle70,@DeenaDhayalanbe,"<a href=""https://www.youtube.com/watch?v=GYAWaeSle70&amp;t=135"">2:15</a> yen da mute panninga nalla comedy da",0,2026-03-13T15:42:45Z,2026-03-15T09:38:25.076996
Ugx1N8A46dpYVo92zs54AaABAg,GYAWaeSle70,@sharavanvelu528,Hii,0,2026-03-13T13:07:23Z,2026-03-15T09:38:25.076996
UgwtGLA2T-arVeVFeZ14AaABAg,GYAWaeSle70,@Bose5305,Waiting for Murugan song,1,2026-03-13T14:27:34Z,2026-03-15T09:38:25.076996
Ugzs--ayKPXWQerjOjR4AaABAg,GYAWaeSle70,@Bose5305,Murugan song release pannunga ya,1,2026-03-13T14:27:00Z,2026-03-15T09:38:25.076996
Ugy4O3xj068plSNvqX14AaABAg,GYAWaeSle70,@Viral_Kollywood,Murugan song please please 🥺,0,2026-03-13T15:17:34Z,2026-03-15T09:38:25.076996
UgxOwGFUFFgL53AdTWR4AaABAg,pnqzJMAqGs0,@SampaSaha-c2b4m,🎉🎉🎉🎉🎉🎉,1,2026-03-14T08:15:41Z,2026-03-15T09:38:27.940384
Ugwp_mIlf_4RRbzJVT14AaABAg,hgsvk3Xk2GY,@SAJANKUMAR-l7p6l,Jaichatimaa<br>❤❤❤,9,2026-03-14T01:06:21Z,2026-03-15T09:38:32.795970
Ugy4m8vChUQHZ6ubdmp4AaABAg,hgsvk3Xk2GY,@SahebKumar-n3c7p,❤❤❤❤❤❤❤❤❤❤❤ Jay chhathi Maiya,5,2026-03-14T13:25:27Z,2026-03-15T09:38:32.795970
UgyOS7hXwTOGgAKpxVl4AaABAg,hgsvk3Xk2GY,@RajeshwrBhiyan08,Mo,14,2026-03-12T16:43:43Z,2026-03-15T09:38:32.795970
UgyHBXYJzAyTmWfeUwN4AaABAg,hgsvk3Xk2GY,@AayushKumar-y2z5y,Jail chathi maiya❤❤❤❤❤,5,2026-03-14T02:41:54Z,2026-03-15T09:38:32.795970
UgyBQIsxMRyXFeE_x4N4AaABAg,sznFyqxAAqU,@PORTALBYTE2.0,Ente sudhy anna kazhija let&#39;s play kurach boring ayirunnu😢😂🎉,231,2026-03-14T12:44:40Z,2026-03-15T09:38:37.688056
UgwE-g2swl6A2KtPOHd4AaABAg,sznFyqxAAqU,@Athul_P_,Bro ee series modern type build cheyy eppozum medieval venda 😊😊,100,2026-03-14T12:46:13Z,2026-03-15T09:38:37.688056
Ugz2m8mjCkE00mc7Mmp4AaABAg,sznFyqxAAqU,@Sanemi_g4ming,Thumbnail kandapo vijarichu pazhaya video recommend vannathanenn😮,42,2026-03-14T13:14:52Z,2026-03-15T09:38:37.688056
Ugzum89q36SWtVp1UKx4AaABAg,sznFyqxAAqU,@NOT_FUADH,SUDEESH ETTAA....😂,36,2026-03-14T12:44:00Z,2026-03-15T09:38:37.688056
Ugyec-OhAsmxXOAxwmV4AaABAg,sznFyqxAAqU,@AFXTROLL7,Cave life venam,12,2026-03-14T16:27:19Z,2026-03-15T09:38:37.688056
UgwgqEDO43n1cdfLiy54AaABAg,sznFyqxAAqU,@agriculturallifekarshika7603,Sslc preparation ntee idayill kaanunavar indaaa😹👨‍🦯,5,2026-03-14T16:19:11Z,2026-03-15T09:38:37.688056
UgxbL9tW2M9KNHWwliR4AaABAg,sznFyqxAAqU,@Shaanxx777,Enthe Ithe 50 comments umm first Njan.😂,6,2026-03-14T12:45:02Z,2026-03-15T09:38:37.688056
UgyIeKIF_PGqlSauLzR4AaABAg,sznFyqxAAqU,@MalluCraft__Legends,Bro loginte katiyum better plank fuel ayitt vekkunnathan,3,2026-03-14T16:05:51Z,2026-03-15T09:38:37.688056
Ugz7WooW-QfVQ-noVZ94AaABAg,sznFyqxAAqU,@safareyyyy,Anna ee series shader itt kalikk😊😊,3,2026-03-14T15:13:38Z,2026-03-15T09:38:37.688056
Ugx6mLvH963EluTgQTh4AaABAg,sznFyqxAAqU,@DakshanDarshanaDileep,Bro next world is multiplayer world,1,2026-03-15T03:48:43Z,2026-03-15T09:38:37.688056
Ugz2-yIMeUPTbB_4pDJ4AaABAg,sznFyqxAAqU,@AlanShiju-k8z,Sudhyude adutha avarathum starts with this episode 😂😂😂😂,2,2026-03-14T14:32:30Z,2026-03-15T09:38:37.688056
Ugx80bUxpF67mEcG6TN4AaABAg,sznFyqxAAqU,@BASIL2k6,Sudhy bro Njan nirthi,2,2026-03-14T15:11:37Z,2026-03-15T09:38:37.688056
Ugx6AN_VY6PQLYB2UiZ4AaABAg,sznFyqxAAqU,@ABHI-d6c5e,Shader id skyblockil engillum,15,2026-03-14T14:20:49Z,2026-03-15T09:38:37.688056
Ugz2PkdEHP5KouYsuaV4AaABAg,sznFyqxAAqU,@KochuZz_is_Live,sweet berry um farm cheyy,1,2026-03-14T17:11:28Z,2026-03-15T09:38:37.688056
UgyCiOi21NP4whi88oV4AaABAg,sznFyqxAAqU,@yadhunandca2598,Anna enthelum variety try cheyyyy,7,2026-03-14T14:02:12Z,2026-03-15T09:38:37.688056
UgxV_NisCY_iIiIj2O14AaABAg,sznFyqxAAqU,@NidhaJubin,Full fancy building ഉണ്ടാക്കണം please please,16,2026-03-14T12:56:35Z,2026-03-15T09:38:37.688056
UgycBvsATUK25R9CnKV4AaABAg,sznFyqxAAqU,@thetechingdude7095,Sudhy Anna kazhinja series pole uzhapparthe😂❤,1,2026-03-14T17:43:17Z,2026-03-15T09:38:37.688056
UgzBV5cgvyYlIZKKsQx4AaABAg,sznFyqxAAqU,@AadhidevCS-k1t,One blockum venam anna👈,1,2026-03-14T17:50:27Z,2026-03-15T09:38:37.688056
Ugy5p3GmcOKQw7HsW3J4AaABAg,sznFyqxAAqU,@NasilkNasilknasil,Zombies kurraa varuumm,2,2026-03-14T15:24:05Z,2026-03-15T09:38:37.688056
UgyQhpxnHUr5KP53dhN4AaABAg,sznFyqxAAqU,@AbdulSalam-lu9fj,"Anna apple kittanmengil ila thalli kozhikkan paadilla , normally kozhiyanam",3,2026-03-14T14:44:29Z,2026-03-15T09:38:37.688056
Ugw9cwzz3UhzxJhT5Dl4AaABAg,JOPmUwQnmSI,@noobmastervideos,"Can we hit 10000 Likes gooys 😄<br>Please follow me on Instagram: <a href=""https://www.instagram.com/noobmasterwastaken"">https://www.instagram.com/noobmasterwastaken</a>",29,2026-03-14T11:25:30Z,2026-03-15T09:38:39.192633
Ugw2uJGmzn5pKBqUToR4AaABAg,JOPmUwQnmSI,@ggladiatorz,Bro exam finish ayitte oru live varumo pls reply,27,2026-03-14T12:31:51Z,2026-03-15T09:38:39.192633
UgyXGAsjHrfbjx22NDR4AaABAg,JOPmUwQnmSI,@anoopnew2883,Big foot survival polo ps 😢😢😢😢😢😢😢😢😢😢😢😢😢😢😢😢😢😢😢😢😢😢pls pls pls please please please 😢,0,2026-03-14T16:41:29Z,2026-03-15T09:38:39.192633
UgyvXy_3xsGfAleUa6p4AaABAg,JOPmUwQnmSI,@ramlamp5664,Which is next?,12,2026-03-14T12:32:13Z,2026-03-15T09:38:39.194185
UgyYuhBsunaMYqMz5Qt4AaABAg,JOPmUwQnmSI,@SwasthyaInnerHealing,Please play palworld ❤❤😂😂🎉🎉😊,1,2026-03-14T16:55:32Z,2026-03-15T09:38:39.194185
UgxwJ1MafpPOI_1F_uB4AaABAg,JOPmUwQnmSI,@Shanakir830Shan,Bro little nightmares kalko plz,2,2026-03-14T13:29:45Z,2026-03-15T09:38:39.194185
UgwqkkBT8AoTywmDIWF4AaABAg,JOPmUwQnmSI,@LAPTER-b6s,Bro Gta vice city and san Andreas kalikkamo bc gta 6 gonna release this year finsh other game also san Andreas and vice city are goated am sure itzz going to be a fun journy,0,2026-03-14T19:26:06Z,2026-03-15T09:38:39.194185
UgwFqtqvWS2KGQboJPF4AaABAg,JOPmUwQnmSI,@tickboy3249,Bro resident evil 9 kalikumo plz,1,2026-03-14T14:12:21Z,2026-03-15T09:38:39.194185
Ugxy4wvB9m29rs6JRMV4AaABAg,JOPmUwQnmSI,@inhanappuvlogs647,Minecraft play pls 😢,1,2026-03-14T15:30:36Z,2026-03-15T09:38:39.194185
UgyStXOGhEni0FtLAJB4AaABAg,JOPmUwQnmSI,@FathimaPp-s5y,bro standerd deep pls😢😢😢😢,0,2026-03-14T12:36:55Z,2026-03-15T09:38:39.194185
UgxdaH7JZ2E__uqLtTB4AaABAg,JOPmUwQnmSI,@KhadeejaKeloth,bro please play resident evil 9,1,2026-03-14T15:04:41Z,2026-03-15T09:38:39.194185
Ugy_GCMaOm7_74Yt0AN4AaABAg,JOPmUwQnmSI,@Athuljoseph3192,next little nightmares waiting 😁❤❤❤❤❤❤,1,2026-03-14T14:53:34Z,2026-03-15T09:38:39.194185
Ugzcd6WTQgPI4hzeEit4AaABAg,JOPmUwQnmSI,@BinduBindu-t3w,Super adipoli bro😂😂❤❤,0,2026-03-14T12:42:51Z,2026-03-15T09:38:39.194185
UgzOwH12vttNnaCpXgp4AaABAg,JOPmUwQnmSI,@aibelbinoy2885,Bro please play full ending of popy playtime chapter 5,0,2026-03-15T03:26:05Z,2026-03-15T09:38:39.194185
UgwoSg7zAV1xjxu2aH54AaABAg,JOPmUwQnmSI,@KrishnadasRohini,Noobi wow🎉👍👍interst,1,2026-03-15T01:51:03Z,2026-03-15T09:38:39.194185
UgxFUmV0jax3XPsi_UF4AaABAg,JOPmUwQnmSI,@SwasthyaInnerHealing,Palworld,2,2026-03-14T16:56:55Z,2026-03-15T09:38:39.194185
Ugzh3OEdjHqQdpjqP354AaABAg,JOPmUwQnmSI,@subairmelethil446,Poli game enik eshtamayi 🎉🎉❤❤❤🎉❤🎉❤,0,2026-03-14T12:42:00Z,2026-03-15T09:38:39.194185
Ugx1CVt6nP27hSjcHgd4AaABAg,JOPmUwQnmSI,@anfarvms2907,Bro nale tabs and blox fruit idummo,0,2026-03-15T01:30:13Z,2026-03-15T09:38:39.194185
Ugx5lGjlp1wTxTUOrt94AaABAg,JOPmUwQnmSI,@Mridula-r5v,I am your big fan my name Ridul,0,2026-03-14T16:21:09Z,2026-03-15T09:38:39.194185
Ugy0z4yMvOY8s4_QXE14AaABAg,JOPmUwQnmSI,@ShonJ-g9e,Play ragini is back horror game plzzz plzz,0,2026-03-14T12:45:10Z,2026-03-15T09:38:39.194185
UgwtrmMWmhFbadIP3Fl4AaABAg,eu9lIrbx_j0,@AhmedrazaAnnigeri,Arfa.    Noori.    Annigeri🎉🎉🎉🎉🎉🎉🎉🎉🎉🎉❤❤❤❤❤❤❤❤❤❤😊😊,6,2026-03-14T05:30:02Z,2026-03-15T09:38:41.194994
UgwEkIm5rM8XXBt-tKp4AaABAg,eu9lIrbx_j0,@ShudatHuseen,Alvida Alvida mahe ramdan,2,2026-03-14T05:36:49Z,2026-03-15T09:38:41.194994
UgxgTKNrbw3BQ-xiXkN4AaABAg,eu9lIrbx_j0,@FaizQureshi-r9m,🥺🥺 alvida mahe ramdan,0,2026-03-14T12:39:39Z,2026-03-15T09:38:41.194994
Ugz3yhuqjAT1l6VcP0N4AaABAg,eu9lIrbx_j0,@NSK616,Alvida mahe Ramzan ❤🌹,0,2026-03-14T15:08:01Z,2026-03-15T09:38:41.194994
UgzpCw6W7VzYMYHrtix4AaABAg,eu9lIrbx_j0,@SaqibQureshi-h9x,Alvida Mahe Ramadan,3,2026-03-14T08:22:54Z,2026-03-15T09:38:41.194994
Ugy9Ex8wSjCgdokJ1sZ4AaABAg,eu9lIrbx_j0,@HammadDanish-t6d,❤❤❤❤❤,0,2026-03-14T15:52:33Z,2026-03-15T09:38:41.194994
UgwAGzAQFSqldf1zV5d4AaABAg,eu9lIrbx_j0,@MueedKhan-k1f,😢😢😢😢😢😢😢😢,0,2026-03-14T13:39:40Z,2026-03-15T09:38:41.194994
Ugy2OI1uzArtqDflqOJ4AaABAg,eu9lIrbx_j0,@FirozaahmedKapadia,Mashallah  voice 😢,0,2026-03-14T14:32:59Z,2026-03-15T09:38:41.194994
UgzF9qiEVyrgrUdYSrx4AaABAg,eu9lIrbx_j0,@FaizQureshi-r9m,😢😢😢😢😢🥺🥺🥺🥺,1,2026-03-14T12:43:59Z,2026-03-15T09:38:41.194994
UgygmqDts4_Svv_s3M54AaABAg,eu9lIrbx_j0,@shahidbasha1138,Alvada alvada mahe ramzan,3,2026-03-14T08:47:09Z,2026-03-15T09:38:41.194994
UgwQFIWWl40tHd93BwB4AaABAg,eu9lIrbx_j0,@JunedKhokhar-u2k,😢❤,1,2026-03-14T14:17:53Z,2026-03-15T09:38:41.194994
UgxBsNa3gQOJ-3S-AWR4AaABAg,eu9lIrbx_j0,@Bilal-z2j5t,😭😭😭😭😭😭😭😭,2,2026-03-14T06:55:59Z,2026-03-15T09:38:41.194994
UgzPiYiR8Nu3O7pf_m14AaABAg,eu9lIrbx_j0,@faizaalibmg1070,❤❤❤😢😢😢,2,2026-03-14T07:23:14Z,2026-03-15T09:38:41.194994
UgzV6b8byysiH0uYZ_p4AaABAg,eu9lIrbx_j0,@lxAbdurRahim786,❤❤❤❤❤❤❤❤❤❤❤❤,3,2026-03-14T03:36:13Z,2026-03-15T09:38:41.194994
UgxfZEZZe1TO22KA2_t4AaABAg,eu9lIrbx_j0,@saqlainali1627,الوداع  ماہ رمضان المبارک 2026,4,2026-03-14T12:36:00Z,2026-03-15T09:38:41.194994
Ugy5LvQM4XRI3LA2g4h4AaABAg,eu9lIrbx_j0,@AakashHossn,2026,0,2026-03-14T20:05:55Z,2026-03-15T09:38:41.194994
UgzrEn4550nRnY4mLCV4AaABAg,eu9lIrbx_j0,@JahangeerMustafaQadri,😢😢😢😢😢,2,2026-03-14T04:40:59Z,2026-03-15T09:38:41.194994
UgwgkOlPGidL-k9acLd4AaABAg,eu9lIrbx_j0,@SkKhan-k6q8g,😢😭😩,2,2026-03-14T07:40:37Z,2026-03-15T09:38:41.194994
Ugwg03qN3d6C1Bggq3x4AaABAg,eu9lIrbx_j0,@faisalashrafi2592,😢,0,2026-03-14T12:40:02Z,2026-03-15T09:38:41.194994
UgyxHTLUPHniA8m-n5F4AaABAg,eu9lIrbx_j0,@FarhanKhan-w1j5j,🥺🥺🥺🥺❤❤,3,2026-03-14T03:16:59Z,2026-03-15T09:38:41.194994
UgzCqFXc_UkTzTg__ax4AaABAg,X4OjrIE0R9w,@LogeshJoe-l6i,Super,1,2026-03-15T02:34:23Z,2026-03-15T09:38:42.199535
UgyugaP5itZRwapG2Zl4AaABAg,X4OjrIE0R9w,@arul_kd_823,FFk_arul_Boy,0,2026-03-15T00:25:15Z,2026-03-15T09:38:42.199535
UgySn6ImT8M1JVZTS-J4AaABAg,X4OjrIE0R9w,@LogeshJoe-l6i,Hi,0,2026-03-15T02:14:49Z,2026-03-15T09:38:42.199535
UgzDCqzdzRSacgYqC3t4AaABAg,X4OjrIE0R9w,@chelladuraidurai8117,1v1 please,0,2026-03-14T15:34:04Z,2026-03-15T09:38:42.199535
UgyMp5EZWTkaG42_Mt54AaABAg,hWtkufW1l_8,@MTRExpressOfficial,"हमारे चैनल पे नए गाने सबसे पहले सुनने के लिए हमारे Whatsapp Channel को जरूर <br>फॉलो कर लीजिये 👇👇<br><a href=""https://whatsapp.com/channel/0029VbBegfAFnSz7DhV8g50C"">https://whatsapp.com/channel/0029VbBegfAFnSz7DhV8g50C</a>",23,2026-03-13T02:54:04Z,2026-03-15T09:38:44.702301
UgxOgCdttOb7d9tHPIF4AaABAg,hWtkufW1l_8,@GhanshyamGupta-e5b,Koi jaruri nahi hai roti banenge ki,0,2026-03-14T14:53:15Z,2026-03-15T09:38:44.702301
Ugy6CYiCWx3Jcd_qKu14AaABAg,hWtkufW1l_8,@GhanshyamGupta-e5b,This is not good song,0,2026-03-14T14:52:31Z,2026-03-15T09:38:44.702301
Ugxh9r-QuPGJ8A77BGJ4AaABAg,hWtkufW1l_8,@budhramsingh1623,😂😂😂❤❤❤❤😮😮😮😮😮😮🎉🎉🎉🎉🎉🎉 very nice 👍🙂,1,2026-03-14T06:01:21Z,2026-03-15T09:38:44.702301
UgyemOjYuxOk5PRuao94AaABAg,hWtkufW1l_8,@AbhiVerma-q9k,❤❤❤❤😂😂😂😂😂😂😂,1,2026-03-14T04:03:06Z,2026-03-15T09:38:44.702301
UgxfsyC_7PZj-jYrMgd4AaABAg,hWtkufW1l_8,@GayatriDevi-f7o3x,😂😂😂😂😂😂😂😂😂😂😂,0,2026-03-14T01:26:48Z,2026-03-15T09:38:44.702301
Ugwr3Wak7KH5Md0OaaR4AaABAg,hWtkufW1l_8,@Rdxoffi,❤❤❤❤❤❤,1,2026-03-14T06:10:43Z,2026-03-15T09:38:44.702301
Ugy-dgXxjr0j67U3rWt4AaABAg,hWtkufW1l_8,@MnnuPal,❤🎉😊😮pko😊😊🎉🎉❤❤😮,4,2026-03-13T11:40:51Z,2026-03-15T09:38:44.702301
UgzwMWeKLoWquQ458kR4AaABAg,hWtkufW1l_8,@AdarshSoni-e6m,Humko bhi gana Aise banana hai video kya aap mujhe Padosan Denge❤❤,22,2026-03-09T05:35:11Z,2026-03-15T09:38:44.702301
UgzsyiDvH2IYrSstJkJ4AaABAg,hWtkufW1l_8,@surajKumar-gl4lx,🎉🎉🎉🎉🎉🎉🎉🎉🎉🎉🎉🎉🎉🎉🎉🎉🎉🎉🎉🎉💋💋💋💋💋💋💋💋💋,1,2026-03-14T01:16:35Z,2026-03-15T09:38:44.702301
UgyYTOpDkTaTqCo6OWp4AaABAg,r8zFk7Fvccw,@GoblinisLove,Goblin x Zgod🥶❤️❤️🐐🧿,74,2026-03-13T16:59:55Z,2026-03-15T09:38:45.702359
Ugz2Fx-47ulXPPYZIeN4AaABAg,r8zFk7Fvccw,@Reo-57,GOBLIN X ZGOD I HAVE SEEN THIS BEFORE ❤❤❤,36,2026-03-13T11:46:45Z,2026-03-15T09:38:45.702359
UgxryteDBi3WPmHROZN4AaABAg,r8zFk7Fvccw,@fawazarish92,GOBLIN x ZGOD 🔥🐐,24,2026-03-13T17:37:04Z,2026-03-15T09:38:45.702359
Ugwx8QeurRmeb-ZCms94AaABAg,r8zFk7Fvccw,@yashpratapsingh8415,Miramar me Marne ke baad kon kon aayaa hai 😂,148,2026-03-13T10:19:24Z,2026-03-15T09:38:45.702359
UgwDHaEvxD7KY3Rj5gZ4AaABAg,r8zFk7Fvccw,@soulcarnage2375,Bhai jonny or goblin ko sath me lo dono taraf se bohot tagda hate hai sahi krwao 🚀🚀💛💛💛💛🚀🚀,39,2026-03-13T17:02:47Z,2026-03-15T09:38:45.702359
UgyZRGyLEBhy8ur2oct4AaABAg,r8zFk7Fvccw,@bgmiteamreviews5450,Here for GODLIN 🚀,62,2026-03-13T13:23:01Z,2026-03-15T09:38:45.702359
Ugz63Zn-7x9_Fe-kZMB4AaABAg,r8zFk7Fvccw,@GodLxHarshog16,"<a href=""https://www.youtube.com/watch?v=r8zFk7Fvccw&amp;t=500"">8:20</a> Ninja Ninju same same😭😭😭😭",56,2026-03-13T10:30:47Z,2026-03-15T09:38:45.702359
Ugwz_VFyP99ran23pzh4AaABAg,r8zFk7Fvccw,@YAGnik18,W vlog Gagyaaa 🔥 <br>Let&#39;s Go 800k 🔜,62,2026-03-13T10:09:29Z,2026-03-15T09:38:45.702359
Ugy-3XOg_ZpsjnQQjvR4AaABAg,r8zFk7Fvccw,@l4minw,"W vlog gaggu🤘🏻❤️,<br>Goblin x Zgod totally unexpected 🚀💛. Fans itna ladte rehte players ek dusre ke sath chill rehtee thats what I love about igc",411,2026-03-13T10:08:08Z,2026-03-15T09:38:45.702359
UgwQFbMlpFRovKUTvQN4AaABAg,r8zFk7Fvccw,@l4minw,"<a href=""https://www.youtube.com/watch?v=r8zFk7Fvccw&amp;t=311"">5:11</a> new meme😭🥀",57,2026-03-13T10:38:27Z,2026-03-15T09:38:45.702359
UgzlJbRdAX_EZXvV6954AaABAg,r8zFk7Fvccw,@Asparagussheat,Here after seeing goblin thumnail nice bro keep the spirit btw players✌️✌️✌️🚀🚀🚀,34,2026-03-13T12:09:41Z,2026-03-15T09:38:45.702359
UgyTB3QGhR4TWmSsGvp4AaABAg,r8zFk7Fvccw,@Seemachoudharyy,Yayyyyyyy dekhne se pehle comment kardeti hun 😎💖🧿,95,2026-03-13T09:55:03Z,2026-03-15T09:38:45.702359
UgzNVOKpboWsh-t6oCV4AaABAg,r8zFk7Fvccw,@R1TDM,We blog🚀🚀🚀,8,2026-03-13T13:08:20Z,2026-03-15T09:38:45.702359
Ugy7EChgfbpRQw2gtw54AaABAg,r8zFk7Fvccw,@shivamsinghshorts,"<a href=""https://www.youtube.com/watch?v=r8zFk7Fvccw&amp;t=495"">8:15</a> ninja jod say jada personal ho raha 😅",18,2026-03-13T10:28:02Z,2026-03-15T09:38:45.702359
UgyD2AcAx9TQV5a4yJF4AaABAg,r8zFk7Fvccw,@FUNNY_MEMS56,Goblin X Zgod❤🚀💛,6,2026-03-14T01:17:32Z,2026-03-15T09:38:45.702359
UgzYdpGF7OjyytmBRfZ4AaABAg,r8zFk7Fvccw,@arrow__01,"<a href=""https://www.youtube.com/watch?v=r8zFk7Fvccw&amp;t=278"">4:38</a> lord crow 😂",17,2026-03-13T11:15:46Z,2026-03-15T09:38:45.702359
UgyCh7LDs_W5QnPCJVd4AaABAg,r8zFk7Fvccw,@akka-k7p,"<a href=""https://www.youtube.com/watch?v=r8zFk7Fvccw&amp;t=256"">4:16</a> ye kya dekh liya",94,2026-03-13T10:21:18Z,2026-03-15T09:38:45.702359
Ugy2wrSGKludi4i2LGh4AaABAg,r8zFk7Fvccw,@Dewaan-l5v,"Spower 💛x goblin 💚x zgod ❤ bahot sukoon mila 🥰😍 <a href=""https://www.youtube.com/watch?v=r8zFk7Fvccw&amp;t=232"">3:52</a>",35,2026-03-13T17:19:56Z,2026-03-15T09:38:45.702359
UgwABXyMw0IrDO3Dhp94AaABAg,r8zFk7Fvccw,@sonalishedage1699,Are zgod bhai match se pehle ganpati bapa morya bolo❤,13,2026-03-13T10:30:21Z,2026-03-15T09:38:45.702359
Ugw1Lhyt-QdJjiihjzd4AaABAg,r8zFk7Fvccw,@royalgaming3040,RNTX SPOWER confirm after BGIS 😢,10,2026-03-13T14:25:12Z,2026-03-15T09:38:45.702359
UgweQycQA4t3MMkoV7d4AaABAg,o2O5zld368E,@sangitaoraon6205,Bahut sundar sarhul geet hai hai pure teem ko happy sarhul,1,2026-03-14T00:18:16Z,2026-03-15T09:38:46.583367
Ugz2az7ETcNZcc6Er2R4AaABAg,o2O5zld368E,@AjayOraon-d6m,Nase song 💞💞💞💞💞 (•••••••••••••••••••••••••••••••••••),2,2026-03-13T08:05:37Z,2026-03-15T09:38:46.583367
UgyEgpisFZn5XgF2N-N4AaABAg,o2O5zld368E,@nandeooraon9064,बहुत सुंदर गीत हैं भइया ❤❤❤❤❤,1,2026-03-13T17:12:26Z,2026-03-15T09:38:46.583367
UgxzsoV5WQhGgUEky5R4AaABAg,o2O5zld368E,@JitramOraon-d6w,Pawan dada badiya gana sarhul aur niklaw naya,1,2026-03-13T16:12:19Z,2026-03-15T09:38:46.583367
UgwNVM2eKflJnaSdvqp4AaABAg,o2O5zld368E,@rajeshkum7234,Dada लिरिक्स लिखने वाले को रिवॉर्ड मिलना चाहिए <br>अति सुंदर बहुत अच्छा लगा गाना,11,2026-03-13T11:45:14Z,2026-03-15T09:38:46.583367
Ugw5snHBZmsYqt3TkXx4AaABAg,o2O5zld368E,@ASUMATIMUSIC21,आकाय दव डंडी अरा वीडियो र:ई ❤❤❤❤,1,2026-03-14T08:45:35Z,2026-03-15T09:38:46.583367
Ugz9O284Gw93pmXa60l4AaABAg,o2O5zld368E,@sanitigga1743,Biki dada mast miujik  diya hai,1,2026-03-14T04:20:06Z,2026-03-15T09:38:46.583367
UgwimSFbW6Vz__t1WnJ4AaABAg,o2O5zld368E,@SangitaOrain-m7q,बहुत  सुंदर लगा वीडियो और गाना,2,2026-03-13T13:37:53Z,2026-03-15T09:38:46.583367
Ugzpp5p-NI2qHLBlLZp4AaABAg,o2O5zld368E,@RameshOraon-u1l8r,Kurukh me  sarhul song 🎉🎉🎉❤❤❤ pawan roy  and Jyoti  Sahu ka achha laga,2,2026-03-13T09:34:55Z,2026-03-15T09:38:46.583367
Ugw3DV5j2kv9NhEG2at4AaABAg,o2O5zld368E,@rashmikerketta367,Bhut sundar,1,2026-03-13T16:59:28Z,2026-03-15T09:38:46.583367
UgxYkEZD6boFiFfZjAp4AaABAg,o2O5zld368E,@JyotiSahu,सभी को जोहार 🙏 <br>हमारे इस कुड़ुख गीत को अपना ढेर सारा प्यार दें 🙂🙏,16,2026-03-13T03:10:37Z,2026-03-15T09:38:46.583367
UgzNncgQvbDK6U6N2kF4AaABAg,o2O5zld368E,@AnilAniltirkey-nd6ut,Very nice,2,2026-03-14T10:50:05Z,2026-03-15T09:38:46.583367
UgxP_nsiRvMwK5j0IG54AaABAg,o2O5zld368E,@simonBhengra-wi3zu,Isi tarah ka song aplod karte rahiye,1,2026-03-14T02:55:27Z,2026-03-15T09:38:46.583367
UgyYvBMtVEohcP2b3JF4AaABAg,o2O5zld368E,@PradeepKachhap-kl8wi,Very very nice song video ❤❤❤❤❤❤❤❤❤,1,2026-03-14T00:22:37Z,2026-03-15T09:38:46.583367
UgwhC2sltEniYZN0rXl4AaABAg,o2O5zld368E,@kurukhsingerurmilaoraon2621,बहुत ही सुंदर लगा है और वीडियो भाई और बहन 🌹🌹🌹,3,2026-03-13T04:46:08Z,2026-03-15T09:38:46.583367
UgxXNZGByc-jG_bhoH94AaABAg,o2O5zld368E,@SINGERRAYMUNIORAON,Bara dav dandi ara video laga❤❤❤❤❤❤❤,1,2026-03-14T06:24:34Z,2026-03-15T09:38:46.583367
UgwRzDKnwXcKix9tZBd4AaABAg,o2O5zld368E,@SunitaSharma-oi3kf,बेहतरीन video बेहतरीन नृत्य सभी को sarhul ki शुभकामनाएं 🎉🎉,2,2026-03-13T10:01:20Z,2026-03-15T09:38:46.583367
UgzQB0Yl-TKIZvAgLYl4AaABAg,o2O5zld368E,@jharkhandnagpurivedio764,Happy sarhul 2026<br>All jharkhand wasi ko,2,2026-03-13T14:16:09Z,2026-03-15T09:38:46.583367
Ugye26iB2q5YNH-_ejV4AaABAg,o2O5zld368E,@karamchandlocalnews,Bahut sunder geet,1,2026-03-14T04:51:39Z,2026-03-15T09:38:46.583367
UgxyWoWV35q5Te6RwZN4AaABAg,o2O5zld368E,@SINGERSUKARMUNIORAON,❤❤❤❤❤❤❤❤❤❤❤,2,2026-03-13T15:59:38Z,2026-03-15T09:38:46.583367
Ugwkol6TP4udYzbJtEN4AaABAg,bBKNNnYgg9U,@ITS.YADAV.GIRL.002,Rashmika di ke fans hajir ho ❤❤,11,2026-03-13T06:15:33Z,2026-03-15T09:38:50.843468
UgxeoQEo7IY7EIbv_at4AaABAg,bBKNNnYgg9U,@tanveervlogs4019,Kon Kon Aryan Khan ka fan ha 🎉❤,0,2026-03-15T01:15:30Z,2026-03-15T09:38:50.843468
UgzlbRxT55VZH3Pnws14AaABAg,bBKNNnYgg9U,@IndianProud21,Good Morning all brother&#39;s and sis. 😊,6,2026-03-12T02:31:09Z,2026-03-15T09:38:50.843468
UgwMAaBk0KWb8JLGRNh4AaABAg,bBKNNnYgg9U,@IndianProud21,Anyone the right now ❤🎉,3,2026-03-12T02:31:37Z,2026-03-15T09:38:50.843468
UgzPZwHwaFjA8aanRpB4AaABAg,bBKNNnYgg9U,@HaiderSiddki,❤❤❤,0,2026-03-13T15:02:13Z,2026-03-15T09:38:50.843468
UgwKvIn68ACbJAmd_NF4AaABAg,bBKNNnYgg9U,@HrWorld09,AI Kuch bhi kar sakta hai🎉🎉🎉🎉,0,2026-03-13T05:01:21Z,2026-03-15T09:38:50.843468
Ugw7EI2DEF7vlSei51B4AaABAg,bBKNNnYgg9U,@GohilMAHAVIRSiNH-p5k,Khamoshiyo me tera hi Afsana hai. Meri har dhadkan me  tera thikaana hai door sahi tu magar ahesas wahi  meri har saans me  tera tarana hai,1,2026-03-14T10:44:27Z,2026-03-15T09:38:50.843468
UgwYlVTGvxDVASqRSvx4AaABAg,bBKNNnYgg9U,@indiannatyam3571,Awesome,5,2026-03-12T09:45:22Z,2026-03-15T09:38:50.843468
UgwjFvoWCj3306p8g-F4AaABAg,bBKNNnYgg9U,@dharmendradas6317,Cases should be filed against these kind of content.,0,2026-03-13T12:04:43Z,2026-03-15T09:38:50.843468
UgwY1T6kpLxylkwlCZN4AaABAg,bBKNNnYgg9U,@sumonbain3224,Mom son lagtahai,1,2026-03-13T15:34:11Z,2026-03-15T09:38:50.843468
UgwsWZAfUFfbGQ1JIDJ4AaABAg,bBKNNnYgg9U,@the_darb,"Hmmm, interesting. Great scenery. Beautiful language.",1,2026-03-13T01:23:25Z,2026-03-15T09:38:50.843468
UgyFXuOGDC3AeozCOzV4AaABAg,bBKNNnYgg9U,@SandipaChowdhury-s2j3m,Feel this song,5,2026-03-12T12:19:59Z,2026-03-15T09:38:50.843468
UgyVZw1DpWVhXg3Fuk94AaABAg,bBKNNnYgg9U,@JharnaMondal-e9z,Nice,1,2026-03-14T06:56:47Z,2026-03-15T09:38:50.843468
UgwBosFHaoXEaI5Hsep4AaABAg,bBKNNnYgg9U,@seeview,Which moive,1,2026-03-13T01:13:07Z,2026-03-15T09:38:50.843468
Ugx-fwz0wZ6JruyHcnJ4AaABAg,bBKNNnYgg9U,@AhamadAnsari-786,❤❤,0,2026-03-14T14:30:09Z,2026-03-15T09:38:50.843468
Ugz8eGHsWCY-YY2RFjN4AaABAg,bBKNNnYgg9U,@strugglelife123-g3k,Nice 😮😮😮😮,1,2026-03-13T04:21:27Z,2026-03-15T09:38:50.843468
Ugw-awA-NQVEJ8ydqgt4AaABAg,bBKNNnYgg9U,@Romanticopia.2,Bhai Collab karo bhai please bhai,14,2026-03-12T09:14:46Z,2026-03-15T09:38:50.843468
UgwsdULzWVEUV95EzQF4AaABAg,bBKNNnYgg9U,@AmirMhdForLife,60% A.I,0,2026-03-13T20:58:29Z,2026-03-15T09:38:50.843468
UgzheU6OmVs405ZMaSN4AaABAg,bBKNNnYgg9U,@amenakhanam2984,So nice song,1,2026-03-14T07:34:58Z,2026-03-15T09:38:50.843468
Ugzcy26wO-eTEp2w-w94AaABAg,bBKNNnYgg9U,@sakshitiwari1628,Nice song 😻,1,2026-03-14T03:16:28Z,2026-03-15T09:38:50.843468
UgzeO0vyuhiSV37ZgIh4AaABAg,qUbv25csvlA,@navinkevlogs99,Jio dhai👍🏻👍🏻👍🏻👍🏻🤗🤗🤗🥰🥰🥰🥰❤️❤️❤️❤️❤️❤️,1,2026-03-13T12:04:51Z,2026-03-15T09:38:54.261826
UgzNcv2i6Iu-l8-USMF4AaABAg,qUbv25csvlA,@officialRavan9473,Khatarak song,1,2026-03-13T17:16:36Z,2026-03-15T09:38:54.261826
UgxDzN-ZHHwZ4mC6PlJ4AaABAg,qUbv25csvlA,@RupeshKumar-ev3gn,Super super hero ❤❤,1,2026-03-13T16:25:15Z,2026-03-15T09:38:54.261826
UgzDPoqKa7lK8Mkf2Nh4AaABAg,qUbv25csvlA,@dancer.arvind.01,Nice song 🎉🎉❤❤❤,1,2026-03-14T01:38:40Z,2026-03-15T09:38:54.261826
UgymHavPcb53zmC5X794AaABAg,qUbv25csvlA,@Bihartopperhomestudy,किसको किसको लगता है ये सॉन्ग वायरल होगा इंस्टाग्राम पर कमेंट ❤❤❤❤,4,2026-03-13T06:51:04Z,2026-03-15T09:38:54.261826
UgwdB5diatuan6z3ikN4AaABAg,qUbv25csvlA,@SubodhYadav-w6u9u,Khortha song😊😮😮😮❤,1,2026-03-13T17:33:44Z,2026-03-15T09:38:54.261826
UgzHfkdT1H3otCH3lUF4AaABAg,qUbv25csvlA,@niranjanyadevjiibankasa,Bhut acha mere bhi ❤🙏love you dipak bbi,4,2026-03-14T02:27:44Z,2026-03-15T09:38:54.261826
Ugy1EVjkepAoiOJGcKx4AaABAg,qUbv25csvlA,@rohankingmafiya,Aur alg style me laya tha bhaiya ❤❤❤❤,1,2026-03-13T13:55:47Z,2026-03-15T09:38:54.261826
Ugzi-eDkP_DMNWvDzwN4AaABAg,qUbv25csvlA,@ManojYadav-t2x9r,❤❤❤🎉🎉okay 👍 👌 नमस्ते,1,2026-03-14T05:01:09Z,2026-03-15T09:38:54.261826
UgxGV9GLGBukNvCzAbZ4AaABAg,qUbv25csvlA,@YadavRishav-y,💪💪💪,2,2026-03-13T15:26:17Z,2026-03-15T09:38:54.261826
UgwAk4HuDYR_2OPvnRN4AaABAg,qUbv25csvlA,@DhirajKumar-y2v2s,Kahan gaya bhaiya writer Prince Priya🎉🎉🎉,22,2026-03-13T06:08:55Z,2026-03-15T09:38:54.261826
UgwHSUgGdNRJn40piIh4AaABAg,qUbv25csvlA,@Pinkyyadav-ud8dg,𝓶𝓪𝓼𝓽  𝓼𝓸𝓷𝓰 𝓱𝓪𝓲   𝓶𝓪𝓳𝓪 𝓪𝓪 𝓰𝓪𝔂𝓪  𝔂𝓪𝓪𝓻,1,2026-03-13T10:31:05Z,2026-03-15T09:38:54.261826
Ugyn221adorKMT8eFPp4AaABAg,qUbv25csvlA,@Anupam_Bablu80,1 On Trending Song,2,2026-03-13T08:21:24Z,2026-03-15T09:38:54.261826
Ugxp9_xx33p6FHZCfAJ4AaABAg,qUbv25csvlA,@AKDanc,Mast song bhai ❤❤❤,1,2026-03-13T11:14:34Z,2026-03-15T09:38:54.261826
UgwHU7xL3BUkCGGVXBl4AaABAg,qUbv25csvlA,@Arvindsony-ofincal,Raja bihiya ❤❤,1,2026-03-13T17:44:25Z,2026-03-15T09:38:54.261826
UgxkklJXz8ZI4p15QbN4AaABAg,qUbv25csvlA,@d.k.s.sharma520,Super voice ❤,1,2026-03-14T09:19:57Z,2026-03-15T09:38:54.261826
UgxsNeExMK3WjkLay254AaABAg,qUbv25csvlA,@SantoshKumar-p8k5t,Super दीपक भईया,3,2026-03-14T01:05:28Z,2026-03-15T09:38:54.261826
UgxvYiJ2W9uvEPcOUgl4AaABAg,qUbv25csvlA,@shailendraraja8508,Sunder song hai,3,2026-03-13T19:00:26Z,2026-03-15T09:38:54.261826
UgxyQZFsyGUs6s4eKVF4AaABAg,qUbv25csvlA,@NitishKumaryadav-v8h,Aaj fir se ankit tumahara bheja hua gana dil jeet liya ❤❤❤  <br>Mast song tha ❤,3,2026-03-13T14:29:16Z,2026-03-15T09:38:54.261826
UgxDrILV5G51xaJsj2Z4AaABAg,qUbv25csvlA,@Mithun-i7x9l,Viral song ❤❤,1,2026-03-13T11:42:46Z,2026-03-15T09:38:54.261826
UgzPJE7EzWCmh_DqaaB4AaABAg,SFf7hlu3PZU,@athulKrishna-dq8dz,Part 2,2,2026-03-14T15:56:07Z,2026-03-15T09:38:55.751560
UgwCzJyXtsrZzICtyjJ4AaABAg,SFf7hlu3PZU,@Aswaniaji-o9r,Second rj,3,2026-03-14T09:08:59Z,2026-03-15T09:38:55.751560
Ugz633_P0KbixP9OTbt4AaABAg,SFf7hlu3PZU,@AdithyanA-e8f,Next,2,2026-03-14T13:56:39Z,2026-03-15T09:38:55.751560
Ugy-uLwTDCh2N_oxevZ4AaABAg,SFf7hlu3PZU,@suraiyasalam4937,Mask   girl    gaming,6,2026-03-14T09:08:44Z,2026-03-15T09:38:55.751560
Ugw9qSmxfyiC6UsFo394AaABAg,SFf7hlu3PZU,@riyas999shami,Save Los Angeles,0,2026-03-14T15:58:51Z,2026-03-15T09:38:55.751560
Ugx4rlUP6Bi3poNirDJ4AaABAg,SFf7hlu3PZU,@nishadasan9557,Big fan,5,2026-03-14T09:09:48Z,2026-03-15T09:38:55.751560
UgzWaRh3GdSx5Jyldmp4AaABAg,SFf7hlu3PZU,@suraiyasalam4937,First,4,2026-03-14T09:08:29Z,2026-03-15T09:38:55.751560
Ugy8mQ1Mg3jbHYJbyXd4AaABAg,SFf7hlu3PZU,@AmalSanthosh-b9j,Chechi enik game venam but കിട്ടില്ല entha cheyyane,4,2026-03-14T09:12:43Z,2026-03-15T09:38:55.751560
UgwgycgYGScjVxN90Wt4AaABAg,SFf7hlu3PZU,@Muhammadmusthafa-sd4kw,chachi plz Sukuna പാർട്ട് 3,1,2026-03-15T00:36:09Z,2026-03-15T09:38:55.751560
Ugy5_ww6UNJ17TU-H8h4AaABAg,SFf7hlu3PZU,@nishadasan9557,All videos poli youer voices super ❤❤,5,2026-03-14T09:12:47Z,2026-03-15T09:38:55.751560
UgxTxVFML60QTq4p8aJ4AaABAg,SFf7hlu3PZU,@Kl-LUFFY-123-n8i,I like your videos ❤,3,2026-03-14T15:18:36Z,2026-03-15T09:38:55.751560
Ugy259dq5fpXxSa4phJ4AaABAg,SFf7hlu3PZU,@AmalSanthosh-b9j,Hi,3,2026-03-14T09:12:04Z,2026-03-15T09:38:55.751560
UgyrQBnlN4DCVXk70qN4AaABAg,SFf7hlu3PZU,@suraiyasalam4937,First   like,4,2026-03-14T09:09:04Z,2026-03-15T09:38:55.751560
Ugx0j1cT9ZvzKeqp4nl4AaABAg,SFf7hlu3PZU,@Achu-h5r,Sukuna part3 venam,2,2026-03-14T10:24:58Z,2026-03-15T09:38:55.751560
UgxSJjTTZkmXERyrNi94AaABAg,SFf7hlu3PZU,@athumingu7447,Set big fan❤❤❤❤❤,5,2026-03-14T14:50:26Z,2026-03-15T09:38:55.751560
UgwsRfESnfChymtqRTx4AaABAg,SFf7hlu3PZU,@inhanappuvlogs647,Save Los Santos,2,2026-03-14T16:44:47Z,2026-03-15T09:38:55.751560
Ugxz7WAWAjAU5JaUaVh4AaABAg,cqsuoNjKsSo,@KuldeepSingh-c4m9l,Alvida🌹Mahe🌹Ramzan🕋🕌🌷🌙🌷🕌🕋,2,2026-03-13T10:37:51Z,2026-03-15T09:38:57.249947
UgzPqWvj7_7kwVERR954AaABAg,cqsuoNjKsSo,@selfiestudionagpur,Bhut khub faizan bhai,3,2026-03-13T15:26:02Z,2026-03-15T09:38:57.249947
Ugyx7LZQQe75OLHHUPF4AaABAg,cqsuoNjKsSo,@RealSherazKhan,❤❤❤ Masha allha ❤❤❤,3,2026-03-13T11:19:26Z,2026-03-15T09:38:57.249947
Ugz09ndLSQB_iiucQoF4AaABAg,cqsuoNjKsSo,@SajidAnsari-v6t6g,🥺🥺🥺🥺🥺🥺,1,2026-03-13T08:17:56Z,2026-03-15T09:38:57.249947
UgyKECOB3lTqWY6gZ5J4AaABAg,cqsuoNjKsSo,@nomansheikh7731,Mashallah ❤️❤️❤️❤️❤️❤️,4,2026-03-13T06:38:26Z,2026-03-15T09:38:57.249947
UgyanDgVPYUJDEWgbKl4AaABAg,cqsuoNjKsSo,@FaizAnsari-p4h4z,Allah,2,2026-03-13T08:42:50Z,2026-03-15T09:38:57.249947
UgySXcr29lFAjrqbaMN4AaABAg,cqsuoNjKsSo,@Ashrafi_films,❤❤❤❤❤❤❤,2,2026-03-13T10:28:30Z,2026-03-15T09:38:57.249947
UgwIXlGHcshkkzba2394AaABAg,cqsuoNjKsSo,@WahidaParween-r5l,Masha Allaha❤❤❤,4,2026-03-13T03:37:28Z,2026-03-15T09:38:57.249947
UgwO-gVkRygNBMqCwI54AaABAg,cqsuoNjKsSo,@SzaheerS,Masha Allah 😭😭,3,2026-03-13T03:34:57Z,2026-03-15T09:38:57.249947
Ugzv5B-d3PVKL1fwCbZ4AaABAg,cqsuoNjKsSo,@Gulfamkhan-x2p,Masha Allah 🤲❤❤❤ brother,2,2026-03-13T13:32:03Z,2026-03-15T09:38:57.249947
UgxBW6f5pDdrDBtM4Nh4AaABAg,cqsuoNjKsSo,@MogemAlam,😭😭😭😭😭😭,3,2026-03-13T06:21:35Z,2026-03-15T09:38:57.249947
UgyAMPmL1vZuBrNUSdl4AaABAg,cqsuoNjKsSo,@taheseena,Meri bhi jake sune jake meri bhi mashaallah bahut pyari Alvida Ramzan Kalam hai,2,2026-03-13T08:41:35Z,2026-03-15T09:38:57.249947
UgybovGBtJBpl3-Ok354AaABAg,cqsuoNjKsSo,@Tauheed-v6i,😭😭😭😭,4,2026-03-13T04:33:30Z,2026-03-15T09:38:57.249947
UgxZziyWjqqNSyhEh054AaABAg,cqsuoNjKsSo,@MdNasim-z4r7p,😢😢,2,2026-03-14T01:33:00Z,2026-03-15T09:38:57.249947
UgyQemVuOv8-waaNUjZ4AaABAg,cqsuoNjKsSo,@MogemAlam,❤❤❤,4,2026-03-13T06:20:53Z,2026-03-15T09:38:57.249947
UgwzXYi0PSsRtbVCL5F4AaABAg,cqsuoNjKsSo,@Ruksar-q5h,❤❤❤❤❤😂😅😊😮,1,2026-03-13T06:02:13Z,2026-03-15T09:38:57.249947
Ugw8xTCgBEyIP8nXRP14AaABAg,cqsuoNjKsSo,@yusufshaikh6530,MashaAllah,8,2026-03-13T02:02:24Z,2026-03-15T09:38:57.249947
UgzoiauVYIA3OrMfa6B4AaABAg,cqsuoNjKsSo,@SagarSagarprmra,😭😭😭😭😭😭😭😭😭😭😭😭😭😭😭😭😭😭😭😭😭😭😭😭😭😭😭😭😭😭😭😭😭😭😭😭😭😭😭😭😭😭😭😭,0,2026-03-13T20:57:39Z,2026-03-15T09:38:57.249947
UgxIn7ueMPDYkGDx_nF4AaABAg,cqsuoNjKsSo,@AnamulHaq-ui2gn,🕋🕋🕋,3,2026-03-13T06:41:47Z,2026-03-15T09:38:57.249947
Ugw10HylKHW6f057ngN4AaABAg,cqsuoNjKsSo,@DilshadAnsar1002,Ladki intikar karti hai eid ko sajne Or sower nai kai liye oor ladka aap nai papa sai gala lagnai kai liye 😢😢,0,2026-03-14T08:44:45Z,2026-03-15T09:38:57.249947
UgxZSNmuNRYQtHPrht94AaABAg,Ag5NHyiODZM,@STARGAMERSfreefire,"Hey! Download money earning app Rupiyo <a href=""https://rupiyo.app/referral?userId=6b0644e4-d14a-4fc8-9964-049d9b0bf319&amp;userName=SONU+BHAI+YT&amp;referralCode=BYT3IT"">https://rupiyo.app/referral?userId=6b0644e4-d14a-4fc8-9964-049d9b0bf319&amp;userName=SONU+BHAI+YT&amp;referralCode=BYT3IT</a> Use my Referral Code: BYT3IT while signing up and earn bonus points as you complete the offers.",23,2026-03-14T16:44:05Z,2026-03-15T09:38:58.687474
UgwhfXxBlajBsMe9lDt4AaABAg,Ag5NHyiODZM,@VSVKAMLESH_69,Star Gamer ❌ Late Gamer ✅,80,2026-03-14T16:46:27Z,2026-03-15T09:38:58.687474
UgzrsJEz83lccWYUret4AaABAg,Ag5NHyiODZM,@shindeyeshwant6962,Star Gamer ❌ promotion gamer 💯,31,2026-03-14T18:08:00Z,2026-03-15T09:38:58.687474
Ugyvdfg3bB3jurRTJjB4AaABAg,Ag5NHyiODZM,@ShantanuCharan-s6z,Elite master ke bande utarne se pahale hi dho de te hai😅,12,2026-03-14T16:53:33Z,2026-03-15T09:38:58.687474
UgwubvVMUlJS1nLEYGt4AaABAg,Ag5NHyiODZM,@TESONIC169,Bhai kya ye 10k diamonds sare servers mein available hai,11,2026-03-14T16:58:50Z,2026-03-15T09:38:58.687474
UgzUiGjOc_zyu11plNB4AaABAg,Ag5NHyiODZM,@MonjuGamer-786,"<a href=""https://www.youtube.com/watch?v=Ag5NHyiODZM&amp;t=290"">4:50</a>😂😂😂😂",10,2026-03-14T17:18:22Z,2026-03-15T09:38:58.687474
UgxnRbt46QtW3m9ijvB4AaABAg,Ag5NHyiODZM,@SJfromUK,Guys Star Bhai ne V Bedge Le Rakha hai 😂.....,6,2026-03-14T17:27:37Z,2026-03-15T09:38:58.687474
Ugxt1GHQ_4kL6LJM5ax4AaABAg,Ag5NHyiODZM,@SOMNATH_LIVE,3.33 Best Update 😂❤❤❤,7,2026-03-14T18:18:50Z,2026-03-15T09:38:58.687474
UgxnB9afEKDF_UZKwgJ4AaABAg,Ag5NHyiODZM,@sgkofficialyt,"<a href=""https://www.youtube.com/watch?v=Ag5NHyiODZM&amp;t=222"">3:42</a>  ye bekar update hai old player ke liye mano kaise man lo tum game nahi khele bahut mahino se or ek din man Kiya Khel ne ko or apne friend ke sath khele hai ge to tum khel hi nahi paoge to fir garena hi ham sab ki Dosti thod rahi hai apne dosto ke sath khel te hai to maga hi alag ho ta hai par dekhna par dekh na apne dosto ka kabhi rank same nahi hota",10,2026-03-14T16:55:24Z,2026-03-15T09:38:58.687474
Ugyg0BC-YY-IL5pnuw14AaABAg,Ag5NHyiODZM,@UNKNOWN_B-18,Jay Jagannath 🙏,9,2026-03-14T16:47:18Z,2026-03-15T09:38:58.687474
UgyNTP79Kcv28q0STqR4AaABAg,Ag5NHyiODZM,@FFGamin-g4n,"<a href=""https://www.youtube.com/watch?v=Ag5NHyiODZM&amp;t=180"">3:00</a> region top 100 me 50+ banda hacker haii🤪🤪",2,2026-03-14T22:27:53Z,2026-03-15T09:38:58.687474
Ugyx2iufl1th7xOi11p4AaABAg,Ag5NHyiODZM,@gwsunnygamer,"Ka ho kareja 😍 <a href=""https://www.youtube.com/watch?v=Ag5NHyiODZM&amp;t=4"">0:04</a>",4,2026-03-14T16:46:33Z,2026-03-15T09:38:58.687474
UgwDpvMM01NybUyd_UV4AaABAg,Ag5NHyiODZM,@BiswanathBagdi-r9c,Pokar MP40 kobe asbe det,2,2026-03-14T17:33:55Z,2026-03-15T09:38:58.687474
UgzMc1F_KTNmm2I2Rmx4AaABAg,Ag5NHyiODZM,@DEVYANSH001,"<a href=""https://www.youtube.com/watch?v=Ag5NHyiODZM&amp;t=294"">4:54</a> bhai solo mey bhi milega😢",2,2026-03-14T17:17:17Z,2026-03-15T09:38:58.687474
Ugy3suv6kgSA7YQa4iB4AaABAg,Ag5NHyiODZM,@faizalsaikh1024,Nahi khel paa rahe hai,10,2026-03-14T16:48:31Z,2026-03-15T09:38:58.687474
UgzLC_VDHTW_OHw2nL54AaABAg,Ag5NHyiODZM,@SauravKumar-i1n2y,Bhai Main Bura nahin kuchh karenge to diamond kaise milega regulation mein Kya chij karenge bhai please😢😢,3,2026-03-14T17:46:04Z,2026-03-15T09:38:58.687474
UgxX7xCtCGeOWcd-VuV4AaABAg,Ag5NHyiODZM,@Soumyaranjansethi-k8i,"<a href=""https://www.youtube.com/watch?v=Ag5NHyiODZM&amp;t=8"">0:08</a>",1,2026-03-14T16:45:59Z,2026-03-15T09:38:58.687474
UgxlZl6cez9AGqTKtTJ4AaABAg,Ag5NHyiODZM,@Balraj_50k,Kaun kaun meri tarah let kar dekh rha hai🎉,3,2026-03-14T17:08:01Z,2026-03-15T09:38:58.687474
UgyzjbVUejLKtaerfh94AaABAg,Ag5NHyiODZM,@DC_AMIT-100K,Dress combination video banata hu pro unique 😊 dress combination ❤❤❤❤❤❤❤❤❤❤❤❤❤❤❤❤❤❤❤❤,2,2026-03-14T16:52:42Z,2026-03-15T09:38:58.687474
UgzviQfz8O1LCSl_Ifh4AaABAg,Ag5NHyiODZM,@gites-z3m,"<a href=""https://www.youtube.com/shorts/Y1fFeNQjhsI"">https://youtube.com/shorts/Y1fFeNQjhsI?feature=share</a>",0,2026-03-14T16:48:07Z,2026-03-15T09:38:58.687474
UgzyJceARs1txZ6G7xV4AaABAg,BYstnEX2JqE,@Firmilengevlog,Mara gana suniye please,1,2026-03-15T01:52:16Z,2026-03-15T09:39:00.278774
UgxK-UryJQqWZzB34DJ4AaABAg,BYstnEX2JqE,@AravindKumar-p6v,Arvind❤💕🥀🌹🧑‍🤝‍🧑💐🫵🤝Hii,19,2026-03-11T02:04:10Z,2026-03-15T09:39:00.278774
UgzQEp9sgTTLrgBqtIh4AaABAg,BYstnEX2JqE,@DjSRRajuJamuiBiharNo,Jio so Blast dj remix song 👍👍👍👍👍👍👍👍👍👍👍👍👍👍👍❤👍✌️✌️👍👍👍❤👍👍,4,2026-03-11T16:43:47Z,2026-03-15T09:39:00.278774
Ugzkz_wViOT_uZchXFt4AaABAg,BYstnEX2JqE,@AjayYadavd6262,Bhai ji ka gana delete karke kya milta hai aap log ka Chhota singer ko aage badhane do Bhai kyunki isliye mehnat kara hai Rajasthan mein Aaj kiska fal mil raha hai iska channel mein jakar dekhiae Kitna gana chhod chuka hai lekin Koi viral ho chuka Hai to Kya hua😂😂😂,20,2026-03-13T04:09:21Z,2026-03-15T09:39:00.278774
UgxhQ8JmRmzFfdI9_6Z4AaABAg,BYstnEX2JqE,@RohitYadav-i6r8p,❤❤❤❤❤❤❤❤❤❤❤❤❤🎉🎉🎉🎉🎉🎉🎉🎉,1,2026-03-12T13:47:48Z,2026-03-15T09:39:00.278774
UgzruM7zg_PfQLIBvTd4AaABAg,BYstnEX2JqE,@MukeshMaghi-b1k,❤❤❤❤❤❤❤❤❤❤❤❤❤❤❤❤❤❤❤❤❤❤❤❤❤❤❤,1,2026-03-11T08:09:42Z,2026-03-15T09:39:00.278774
UgyT1Q8Ajc-gvgiLOql4AaABAg,BYstnEX2JqE,@Basanrkasanr,😮😮,1,2026-03-12T20:17:07Z,2026-03-15T09:39:00.278774
UgzWNWWtA_6dfEso0Ux4AaABAg,BYstnEX2JqE,@KedarSing-n6n,❤,0,2026-03-12T12:22:23Z,2026-03-15T09:39:00.278774
UgwZNodSSUuB4-hs3kR4AaABAg,BYstnEX2JqE,@SurajKumar-m4x1m,Super song bhai ❤❤❤,3,2026-03-12T07:28:40Z,2026-03-15T09:39:00.278774
Ugw2K48zMdnrUrO9J0x4AaABAg,BYstnEX2JqE,@KrishnaKumar-u2r,🎉🎉🎉🎉,1,2026-03-11T11:59:08Z,2026-03-15T09:39:00.278774
UgzF43BO9_MJSnpuRBd4AaABAg,BYstnEX2JqE,@karan_studio_entertainment-01,❤️❤️❤️❤️❤️❤️❤️❤️,2,2026-03-12T06:28:07Z,2026-03-15T09:39:00.278774
UgzxYe_OWct7Ve1BHy14AaABAg,BYstnEX2JqE,@masudanyadav8343,🎉😂😂😂😂😂❤❤❤❤❤❤❤❤❤❤❤🎉🎉🎉,1,2026-03-11T11:23:33Z,2026-03-15T09:39:00.278774
UgwggBudBVS4OPIaJFV4AaABAg,BYstnEX2JqE,@LAXMIKANTKUMAR-p7u,❤❤❤❤❤,1,2026-03-11T11:10:02Z,2026-03-15T09:39:00.278774
UgzKQcXf2hfqHvlwa2x4AaABAg,BYstnEX2JqE,@vikashbiharichauhan6335,DJ बना दीजिए ब्रो,2,2026-03-12T14:50:32Z,2026-03-15T09:39:00.278774
UgyWfhzVK__ruYFQ5pp4AaABAg,BYstnEX2JqE,@VishnuMandal-e5g,❤❤❤,1,2026-03-11T08:35:15Z,2026-03-15T09:39:00.278774
UgxOqueWQjfpLdTaL7t4AaABAg,BYstnEX2JqE,@karan_studio_entertainment-01,Jamui sa ha bhai,3,2026-03-12T06:28:42Z,2026-03-15T09:39:00.278774
UgxJ4D7JPWipCsFNYAh4AaABAg,BYstnEX2JqE,@bhavesh-y4,Hlo Bhai me tumara gana use Karu aap soch kar bata me template me degin kare hu tum bas bolo ha,14,2026-03-11T06:56:49Z,2026-03-15T09:39:00.278774
UgyhQUfARYpm-PHZem14AaABAg,BYstnEX2JqE,@AnjanKumarsingh5678,Hiii❤❤❤❤😮😮😮😊😊,2,2026-03-13T11:23:04Z,2026-03-15T09:39:00.278774
UgwRdo4VhXkBx21iN6F4AaABAg,BYstnEX2JqE,@MDKarimMDKarim-s8z,Mix ek nambar Bhai 🤟👍,2,2026-03-12T06:00:57Z,2026-03-15T09:39:00.278774
UgxaSkdbUmLtHutI6dx4AaABAg,BYstnEX2JqE,@djrajhansxxx8923,❤❤❤❤❤❤❤❤😂😂❤,2,2026-03-11T06:00:29Z,2026-03-15T09:39:00.278774
UgyHk-sefkVooVKqMYp4AaABAg,I6P23erF4JA,@DhronaSanil-d2s,GT back with full POWER!!!❤‍🔥❤‍🔥,4,2026-03-14T14:56:21Z,2026-03-15T09:39:01.781786
UgzErhiYnryPAItnXcp4AaABAg,I6P23erF4JA,@VishalVishalvinod-i9z,Minecraft video please 🙏😢😢😢,0,2026-03-14T16:37:17Z,2026-03-15T09:39:01.781786
UgygZvyLs_G7bHwpjml4AaABAg,I6P23erF4JA,@AjanthaAbhilash,🥰🥰🥰🥰🥰♥️♥️♥️♥️♥️😁😁😁🔥🔥🔥🔥🔥🔥🔥🔥,0,2026-03-14T14:36:51Z,2026-03-15T09:39:01.781786
UgwDG-_cBJx2tYlECO54AaABAg,I6P23erF4JA,@SumithaM-r1y,"<a href=""https://www.youtube.com/watch?v=I6P23erF4JA&amp;t=263"">4:23</a> that eehhhhh",7,2026-03-14T14:50:15Z,2026-03-15T09:39:01.781786
Ugzh8CNy-DCWPNIj2xJ4AaABAg,I6P23erF4JA,@JairdnHarsh,play shooter Vs hider very fun game aan,1,2026-03-14T14:53:46Z,2026-03-15T09:39:01.781786
UgzQ676WCVoZQf4IZBl4AaABAg,I6P23erF4JA,@bikelover8752,GT bro please steal a brainrot,2,2026-03-14T14:49:09Z,2026-03-15T09:39:01.781786
UgwtZu9hhew6L-wBaVp4AaABAg,I6P23erF4JA,@haseebck9744,Bro roblox ile rv cooked kalikumo pls ethr vattam aayi chothikunnu pls kalikbro,0,2026-03-14T17:35:48Z,2026-03-15T09:39:01.781786
UgyxjB_68wgvOLHJlkV4AaABAg,I6P23erF4JA,@mehara4962,Bro fly for brain notes kalikku,0,2026-03-15T04:01:07Z,2026-03-15T09:39:01.781786
UgzGFhoKK7kqKo1rMwx4AaABAg,I6P23erF4JA,@JOJOJOY-y5r,🎉🎉🎉🎉🎉🎉🎉🎉🎉🎉🎉🎉🎉🎉🎉🎉🎉🎉🎉🎉🎉🎉🎉🎉🎉🍫🎉🎉🎉🎉🎉,0,2026-03-14T17:49:34Z,2026-03-15T09:39:01.781786
UgwicvGnta4lSqV6rcZ4AaABAg,I6P23erF4JA,@GeorgeMj-i8p,Bro pls launch your rocket New update pls,0,2026-03-14T15:27:37Z,2026-03-15T09:39:01.781786
UgyF14kHWAasvDaYJV54AaABAg,I6P23erF4JA,@Muhammed-u5x5j,"<a href=""https://www.youtube.com/watch?v=I6P23erF4JA&amp;t=263"">4:23</a> 😂",0,2026-03-14T18:51:44Z,2026-03-15T09:39:01.781786
UgyHAGoIrUvOVxRcRQN4AaABAg,I6P23erF4JA,@KuniyilKuniyil,Hi I&#39;m big fan,0,2026-03-14T14:30:11Z,2026-03-15T09:39:01.781786
UgzqNfA_RZaOO8CsFHl4AaABAg,I6P23erF4JA,@SunandaBiju,Bro iam very very big fan of your fan 😊,0,2026-03-14T16:20:43Z,2026-03-15T09:39:01.781786
UgyuIZXDQD5mVA9MvGV4AaABAg,I6P23erF4JA,@alanahammed12,Broo big fan brooo🙂 superr,2,2026-03-14T14:30:25Z,2026-03-15T09:39:01.781786
UgxiV4T_0OwNQJZ9x4x4AaABAg,I6P23erF4JA,@AbdulManzoor-e3e,Bro pls play Spiecimen zer android multiplayer or EFOOTBALL pls bro,0,2026-03-14T14:30:48Z,2026-03-15T09:39:01.781786
UgyposKs43rDe_Z8eA94AaABAg,I6P23erF4JA,@yasminshefique6822,Hii gttt❤❤❤❤❤❤❤,0,2026-03-14T15:00:09Z,2026-03-15T09:39:01.781786
UgyCDA-LSgNuUXbM23V4AaABAg,I6P23erF4JA,@SanthaRajan-l7g,Bro robloxil frog ennu paranga game kaliku please 😢😭,0,2026-03-14T15:31:25Z,2026-03-15T09:39:01.781786
Ugw3a8lpFIohvMTH5kd4AaABAg,I6P23erF4JA,@SAMANGAMER2793,Bro big fan,0,2026-03-14T16:02:54Z,2026-03-15T09:39:01.781786
UgxhKDJabOQ5HuMA2X94AaABAg,I6P23erF4JA,@princyamz4988,Pls play phonk towner x,0,2026-03-14T17:49:10Z,2026-03-15T09:39:01.781786
Ugx4lqN1tq-cXZ7ybM14AaABAg,I6P23erF4JA,@komban5875,Bro ee roblox game ന്റെ name entha,2,2026-03-14T15:50:12Z,2026-03-15T09:39:01.781786


