video_id,title,channel_name,channel_id,published_at,description,category_id,category_name,duration,view_count,like_count,comment_count,thumbnail_url,tags,fetched_at
dESIGVxSSCE,"Dhurandhar The Revenge - AARI AARI | Ranveer Singh | Shashwat Sachdev, Bombay Rockers | Aditya Dhar",T-Series,UCq-Fj5jknLsUf-MWSy4_brA,2026-03-12T06:42:17Z,"Get ready to witness the sound of revenge. ❤️‍🔥

Presenting #AariAari, the powerful new track from #DhurandharTheRevenge.

With electrifying music, intense energy, and commanding vocals, this track brings the spirit of revenge alive like never before.
Listen now and feel the unstoppable energy of #AariAari. 🔥

Credits: 
Jio Studios Presents
A B62 Studios Production

An Aditya Dhar Film
DHURANDHAR THE REVENGE

Written, Directed and Produced by: Aditya Dhar
Produced by: Jyoti Deshpande
Produced by",10,Music,PT2M44S,16681041,392264,10808,https://i.ytimg.com/vi/dESIGVxSSCE/hqdefault.jpg,tseries|tseries songs|dhurandhar the revenge aari aari|dhurandhar 2 aari aari song|dhurandhar 2 new song|ranveer singh new song|aari aari full song|dhurandhar 2 movie|dhurandhar 2 trailer|aari aari song dhurandhar 2|dhurandhar 2 aditya dhar|dhurandhar song reaction|dhurandhar 2 aari aari full song|dhurandhar 2 trailer song|aari aari ranveer singh|dhurandhar 2 full movie|dhurandhar songs|aari aari bombay rockers|dhurandhar 2 song|aari aari|aari aari lyrics,2026-03-15T09:32:05.692372
MLU5ZEp9YDo,Ustaad Bhagat Singh Trailer | Pawan Kalyan | Harish Shankar | Sreeleela | Raashii Khanna,Mythri Movie Makers,UCKZSn5C-RzrLjuWJF8wWiDw,2026-03-14T13:00:20Z,"Ustaad Bhagat Singh Trailer on @MythriMovieMakers 

Ustaad Bhagat Singh is an Upcoming Telugu movie ft. Pawan Kalyan, Sreeleela, Raashii Khanna & others. Music composed by Rockstar Devi Sri Prasad, Written and Directed by Harish Shankar.S. Produced by Naveen Yerneni and Y. Ravi Shankar under Mythri Movie Makers Banner.

In Cinemas March 19th, 2026.

#UstaadBhagatSinghTrailer #UstaadBhagatSingh #PawanKalyan #HarishShankar #Sreeleela #RaashiiKhanna #DeviSriPrasad #DSP #NaveenYerneni #RaviShankar #",24,Entertainment,PT2M14S,8443623,444568,9828,https://i.ytimg.com/vi/MLU5ZEp9YDo/hqdefault.jpg,Ustaad Bhagat Singh Trailer|Ustaad Bhagat Singh|Pawan Kalyan|Sreeleela|Harish Shankar|DSP|Devi Sri Prasad|Raashii Khanna|Thaman S|Mythri Movie Makers|Ustaad Bhagat Singh Movie Showreel|Ustaad Bhagat Singh Telugu Movie Showreel|Pawan Kalyan Ustaad Bhagat Singh|Ustaad Bhagat Singh Teaser|Pawan Kalyan Latest Movies|Latest Telugu Movies 2026|2026 Latest Telugu Movies|Naveen Yerneni|Dekhlenge Saala|UBS Trailer|Ustaad Trailer,2026-03-15T09:32:05.692372
PQxomB2-C34,[Hindi] BGIS 2026 | SEMI FINALS | Day 3 #BGMILIVE #BGIS,KRAFTON INDIA ESPORTS,UCugG6-k5QGbq_iDEPAnG4NQ,2026-03-14T14:43:48Z,"The SEMI FINALS of BGIS 2026 begin.

The competition tightens. The stakes rise. There is no margin for error now.

After battling through The Grind, Round stages, Quarter Finals and Wildcard, only the strongest remain. Every match carries weight. Every fight moves teams one step closer to the Grand Finals.

This is where contenders turn into finalists.

Watch the SEMI FINALS live and witness who takes the next step toward the championship stage.

Follow us on Instagram: https://www.instagram.com",20,Gaming,PT5H33M15S,3087661,97971,360,https://i.ytimg.com/vi/PQxomB2-C34/hqdefault.jpg,BGMI|BGIS 2026|BGMI gameplay|Krafton BGMI|BGIS QF|BGIS Road to Finals|BGIS 2026 Live|BGMILIVE|BGMI Esports|BGMI Matches|BGMI Pro Gameplay|KIE|BGIS 2026 Update|BGIS SEMI FINALS|BGIS 2026 SEMI FINALS|BGIS Semi Finals Live|BGIS Tournament|BGIS Esports|BGMI LIVE|BGMI Tournament|BGMI Competitive|BGMI India|BGMI Esports India|BGMI Live Stream|Krafton India Esports|BGIS 2026 Live Stream,2026-03-15T09:32:05.692372
in-VYGclxQw,Collar Ey Etthara - Lyric Video | Ustaad Bhagat Singh | Pawan Kalyan |Harish Shankar|Devi Sri Prasad,Sony Music South,UCn4rEMqKtwBQ6-oEwbd4PcA,2026-03-12T11:30:19Z,"Song Name : Collar Ey Etthara
Music by Devi Sri Prasad
Sung by Ram Miriyala
Lyrics Kasarla Shyam
Production : Mythri Movie Makers 
Movie : USTAAD BHAGAT SINGH
Cast: Pawan Kalyan, Sreeleela, RaashiiKhanna, Parthiban & Others

Technical Crew:
Written-Directed by: Harish Shankar.S
Producers: Naveen Yerneni, Ravi Shankar Yalamanchili
Music: Devi Sri Prasad
Screenplay: K Dasharath, Ramesh Reddy
Additional writing: Praveen Varma and Chandramohan.
Editing: Karthika Srinivas Production Designer: Anand S",10,Music,PT4M21S,7137304,304880,3549,https://i.ytimg.com/vi/in-VYGclxQw/hqdefault.jpg,Sony Music South|Sony Music|Latest Song|Tamil song|Tamil Latest Song|Latest songs in Tamil4|Songs in Tamil|Latest Tamil Movies|Tamil Movie Songs|Latest Video Songs Tamil|latest Tamil Love Songs|Latest Tamil Hit Songs|Songs in Telugu4|Telugu Movie Songs|Video Songs Telugu|new Telugu Songs,2026-03-15T09:32:05.692372
D6sCbIv4N7Y,"Bhooth Bangla -Official Teaser | Akshay Kumar, Tabu, Paresh, Wamiqa, Priyadarshan |In Cinemas 10 Apr",Balaji Motion Pictures,UCSHLoG-bXj1aVA2T5y8t84A,2026-03-12T05:41:02Z,"Laughter, screams, and surprises are waiting inside the Bangla. Dare to enter? 🤣🧟‍♀️
#BhoothBanglaTeaser out now!

#BhoothBangla in cinemas on 10th April 2026 👻

Bhooth Bangla reunites #AkshayKumar with acclaimed director #Priyadarshan after 14 years, promising a delightful blend of comedy, horror, and thrill.

Balaji Telefilms Ltd. in association with Cape Of Good Films present
Bhooth Bangla

Starring: Akshay Kumar, Paresh Rawal, Rajpal Yadav, Tabu, Wamiqa Gabbi, Jisshu Sengupta, Manoj Joshi, M",1,Film & Animation,PT1M24S,19213762,271674,12906,https://i.ytimg.com/vi/D6sCbIv4N7Y/hqdefault.jpg,Bhooth Bangla|bhooth bangla|bhooth bangla trailer|bhoot bangla trailer|bhooth bangla teaser|bhoot bangla teaser|bhooth bangla song|bhooth bangla movie trailer|bhooth bangla movie teaser|bhoot bangla teaser official|bhoot bangla akshay kumar|akshay kumar|tabu|paresh rawal|wamiqa gabbi|akshay kumar new movie|priyadarshan movie|akshay kumar comedy,2026-03-15T09:32:05.692372
E2rtId8PzV0,Minecraft But I Opened a Mob Daycare..,Carry Depie,UClqifC6Nd7v-IfTqce4k62A,2026-03-13T11:43:39Z,"in this video we opened a daycare for mob..

#minecraft 
#carrydepie",20,Gaming,PT19M46S,1022984,13735,712,https://i.ytimg.com/vi/E2rtId8PzV0/hqdefault.jpg,carry depie|minecraft,2026-03-15T09:32:05.692372
h0X_h3y96n4,Sarse Ninna Seraga Sarse Kannada Song  | KD | Nora Fatehi | Dhruva Sarja | Prems | AJ | KVN,Anand Audio,UCLtCejNl8eAg4PO_9lf2TIg,2026-03-14T13:47:03Z,"Presenting The Sarse Ninna Seraga Sarse Lyrical Song From The Movie KD-The Devil Starring: Dhruva Sarja, Reeshma Nanaiah, Shilpa Shetty & Others Exclusive Only On Anand Audio Official Youtube Channel..!!! 
----------------------------------------------
#KD #KDTHEDEVIL #sarseninnaseragasarse #norafatehi #prems  #aishwaryarangarajan #rajusundaram  #KVNProductions #jogiprem #kannadanewsong  #kdmoviesong #kannadamoviesongs #reeshmananaiah #dhruvasarja #trending #prems #dance #newsong #hindisong #jog",24,Entertainment,PT3M55S,916341,21082,1205,https://i.ytimg.com/vi/h0X_h3y96n4/hqdefault.jpg,kannada|Dhruva Sarja|Prem's|Arjun Janya|KVN Productions|Kd Movie Song|Kd movie|KD|Kd kannada Movie songs|javed ali songs|kannada new songs|KD THE DEVIL film songs|Arjun Janya new songs|kd hindi|KD movie kannada|kannada latest songs|nora fatehi new song|nora fatehi dance|nora fatehi songs|kd new songs|kannada aishwarya rangarajan new songs|telugu new songs|latest songs kannada|2026 songs kannada|Sarse Ninna Seraga Sarse|sarse sarse song,2026-03-15T09:32:05.692372
Exukk6JO9i0,BTS (방탄소년단) '아리랑 (ARIRANG)' Animation Trailer: What is your love song?,BANGTANTV,UCLkAepWjdylmXSltofFvsYQ,2026-03-13T02:00:00Z,"본 콘텐츠는 1896년 5월 8일자 The Washington Post에 실린 한국 청년 7인의 이야기(“Seven Koreans at Howard"")와, 이들 중 일부가 같은 해 7월 24일 미국 워싱턴 D.C.에서 한국 최초의 음원을 녹음한 기록에서 영감을 받아 기획되었습니다. 한국에서 건너간 청년들의 실제 목소리가 담긴 역사적 기록과 최초의 아리랑 녹음이라는 문화적 의미를 모티브로 삼아 현대적 상상력에 기반하여 재구성 및 창작된 것으로, 실제와 다를 수 있으며 역사적 사건이나 인물에 대한 평가·해석과는 무관함을 밝힙니다.

This video was inspired by the story of seven young Koreans as documented in The Washington Post on May 8, 1896 (“Seven Koreans at Howard”), some of whom captured the first known audio recordings of Ko",10,Music,PT1M4S,3277567,692318,39558,https://i.ytimg.com/vi/Exukk6JO9i0/hqdefault.jpg,방탄소년단|BTS|BANGTAN|알엠|RM|슈가|SUGA|제이홉|jhope|지민|정국|k-pop|방탄|j-hope|Jung Kook|Jimin|BTS V|Jin,2026-03-15T09:32:05.692372
28aVatf_1gI,🔴[Live Free Fire New Rank Season Rank Push Live !!,VISHNU RAJPUT GAMING,UCh_ilHTu7pYJ11_XKlT_9sA,2026-03-14T18:29:54Z,#freefire #live #shortslive #rankpush #rankpushlive #freefireindia #freefirelive  #freefiremax #shortsfeed  !!,20,Gaming,PT11H54M58S,1109949,20168,16,https://i.ytimg.com/vi/28aVatf_1gI/hqdefault.jpg,,2026-03-15T09:32:05.692372
aTD4Jgculqw,#Video | जेल यात्रा | #Jail Star Raushan Rohi | Jail Yatra | New #Maghi Rangdari Song 2026,Raushan Rohi - Junction ,UCB9pY5_pKSBHZHke-uxyMcg,2026-03-13T00:45:00Z,"---------------------------------------------------------------------

►Album :- जेल यात्रा 
►Song :- Jail Yatra
►Singer :- Jail Star Raushan Rohi
►Lyrics :-  Ayush Raj Singh
►Music :- Vicky Vox
►Mixing :- Ankit Ahir
►Video Director :- Ashish Park
►Feat :- Shivani Singh
►Choreographer : - Vicky ds
►Manager :- Bittu Singh
►Producer :- Raushan Rohi
► Music ON : Raushan Rohi - Junction
---------------------------------------------------------------------
► Digital : Suraj Sundram
► Digital Manager ",10,Music,PT2M43S,256033,3525,57,https://i.ytimg.com/vi/aTD4Jgculqw/hqdefault.jpg,Raushan Rohi|jail yatra song|jail yatra raushan rohi|jail yatra|Maghi Rangdari Song 2026|raushan rohi jail yatra song|raushan rohi new song|raushan rohi ke gana|raushan rohi maghi song|raushan rohi rangdari song|raushan rohi new gana|rangdari ke kamai|raushan rohi rangdari gana|raushan rohi new rangdari song|raushan rohi maghi rangdari song|raushan rohi new rangdari gana|raushan rohi ke naya gana|raushan rohi entertainment|maghi new rangdari song,2026-03-15T09:32:05.692372
6QhTM9QuP_Y,#HotstarSpecials Muthu Engira #Kaattaan streaming from March 27 only on  #Jiohotstar | Trailer,JioHotstar Tamil,UC8lPjTzRiG37n1Q2kpz3Rfg,2026-03-13T12:30:09Z,"யார் இந்த முத்து என்கிற காட்டான் 🔥 

#HotstarSpecials Muthu Engira #Kaattaan streaming from March 27 only on  #Jiohotstar 

Created by M.Manikandan and Directed by M.Manikandan & B.Ajithkumar

#KaattaanOnJioHotstar #KaattaanStreamingFromMarch27 #MuthuEngiraKaattan #KaattaanTrailer #MuthuEngiraKaattanOnJioHotstar #KaattaanOnJHS #JioHotstarTamil",1,Film & Animation,PT2M,1192697,6132,339,https://i.ytimg.com/vi/6QhTM9QuP_Y/hqdefault.jpg,,2026-03-15T09:32:05.692372
TbTRDaH1J1U,Nobita Opened the Biggest Waterpark 🤑,Tyro Gaming,UCIpN4Y3Pt00Q9KoQMWI77_Q,2026-03-13T13:55:01Z,"Nobita Opened the Biggest Waterpark 🤑

Subscribe
Subscribe
Subscribe

Thanks For Watching 🎈 
~Tyro Gaming 🗿













Shinchan Game
Nobita Game
Doraemon Game
Funny Game Roblox
Waterpark Tycoon Roblox",20,Gaming,PT11M1S,787292,5831,528,https://i.ytimg.com/vi/TbTRDaH1J1U/hqdefault.jpg,Nobita Opened the Biggest Waterpark 🤑|junkeyy|Shivang mini|Shinchan game|Doraemon Game|Nobita Game|Shinchan in hindi|Shinchan Gaming|Frostbite Gaming|VeryNuclear|Rock Indian Gamer|Amaan-T|Flight Gamer|Carry Depie|Proboiz|Tyro Gaming|Proboii|Taro gaming|Funny Game Roblox|Doraemon New Episode|Shinchan New Episode|Waterpark Tycoon|My waterpark|Waterpark Roblox,2026-03-15T09:32:05.692372
_rk8opPEPAM,Nas Nas Kyu Dukhe पिया मेरी नस नस के हो दुखे || Anjali Raghav & Karan Chaudhary !! Brajbhasha Song,Sukoon Music,UCdFmbFQ2kw2s3szozW0NjAA,2026-03-13T02:28:57Z,"Nas Nas Kyu Dukhe पिया मेरी नस नस के हो दुखे || Anjali Raghav & Karan Chaudhary !! Brajbhasha Song
#nasnaskyudukhei
#nasnaskyudukhe
#nasnaskyudukhei
#पिया मेरी नस नस के हो दुखे
#brajbhasha
#piyamerinasnaskyundookhei
#nasnaskyudukhisong
#nasnaskyudikhedance
#nasnaskyudukhisongdj
#balammerinasnaskyudukhei
#newbrajbhashasong
#newbrajsong
#anjaliraghav
#anjaliraghavnewsong
#anjaliraghavnasnaskyudukhe



nas nas kyu dukhei, nas nas kyu dukhe, nas nas kyu dukhei, piya meri nas nas kyu dookhei, nas nas",22,People & Blogs,PT8M19S,356661,1093,23,https://i.ytimg.com/vi/_rk8opPEPAM/hqdefault.jpg,,2026-03-15T09:32:05.692372
T5zPtARN1WE,Ustaad Bhagat Singh Trailer | Pawan Kalyan | Ustaad Bhagat Singh Trailer Reaction And Review | UBS,Ra One For You,UCBX4kRmQZwmiijn5gUFbTWA,2026-03-14T13:50:32Z,"Ustaad Bhagat Singh Trailer | Pawan Kalyan | Ustaad Bhagat Singh Trailer Reaction And Review | UBS
#ustaadbhagatsinghtrailer #ustaadbhagatsinghtrailerreaction #ustaadbhagatsinghtrailerreview #pawankalyan #harishshankar #ustaadbhagatsinghtrailerpublictalk ustaad bhagat singh trailer, ustaad bhagat singh movie trailer, ustaad bhagat singh new trailer 2025, ustaad bhagat singh theatrical trailer, pawan kalyan ustaad bhagat singh trailer, pawan kalyan ustaad bhagat singh movie trailer, ustaad bhagat",24,Entertainment,PT8M38S,56237,2859,387,https://i.ytimg.com/vi/T5zPtARN1WE/hqdefault.jpg,"ustaad bhagat singh trailer, ustaad bhagat singh movie trailer, ustaad bhagat singh new trailer 2025, ustaad bhagat singh theatrical trailer, pawan kalyan ustaad bhagat singh trailer, pawan kalyan ustaad bhagat singh movie trailer, ustaad bhagat singh songs, ustaad bhagat singh, ustaad bhagat singh teaser, ustaad bhagat singh movie songs, aura of ustaad bhagat singh, ustaad bhagat singh poster, ustaad bhagat singh ott rights, ustaad",2026-03-15T09:32:05.692372
sNUjYGdeWu8,I Need To Steal People's Face in This Horror Game (2 Random Horror Games),Live Insaan,UCFwKgzKe-EdTz83r6wzhmOw,2026-03-13T13:45:16Z,"Playing 2 indie horror games today.

Become a Channel Member ► https://www.youtube.com/channel/UCFwKgzKe-EdTz83r6wzhmOw/join

Instagram ► https://www.instagram.com/triggeredinsaan

Facebook ► https://www.facebook.com/realtriggeredinsaan

Other Channel ► https://www.youtube.com/triggeredinsaan

Discord ► https://discord.gg/liveinsaan

Twitter ► https://twitter.com/triggeredinsaan

About Me ► My name is Nischay Malhan. I'm from Delhi and I'm an engineering student. Now I am pursuing youtube Full T",20,Gaming,PT25M48S,675854,30142,2124,https://i.ytimg.com/vi/sNUjYGdeWu8/hqdefault.jpg,Triggered Insaan|Live Insaan|funny|comedy|skin face|horror game|gameplay|indie games,2026-03-15T09:32:05.692372
55KzMQB6b18,Aadu 3 Video Song | Sulthaan | Shaan Rahman | Midhun Manuel Thomas |Vijay Babu & Venu Kunnappilly,Friday Music Company,UCPe9lMwPO86En1jDMdbZaCA,2026-03-14T14:30:06Z,"Presenting SULTHAAN Video Song from Aadu-3.
Aadu -3 , In Theatres Worldwide from 19th March 2026! 

Book Tickets Now: https://in.bookmyshow.com/movies/aadu-3/ET00489871

Listen Now 🎶:https://orcd.co/sulthaan_from-aadu3

Composed, programmed,  Arranged and produced by Shaan Rahman
Malayalam Lyrics : Manu Manjith
Hindi Lyrics : Shaan Rahman
Vocals : Anila Rajeev
Chorus:  Bharath Sajikumar, Aswin Vijayan, Milan Joy, ⁠Akash V H
Oud and ethnic : Hrishi
Ethnic Rythm : Ben
Recorded at Eternal Ray Studi",10,Music,PT4M34S,804573,43595,2724,https://i.ytimg.com/vi/55KzMQB6b18/hqdefault.jpg,aadu 3|vedhika|jayasurya|shaan rahman dance song|vedhika dance song|vinayakan|dance song|aadu 3 item song|aadu 3 songs|item song|aadu jeevitham song|aadu 2 song|aadu 2 new song|changathi song aadu 2|aadu 2 video song|aadu 2 movie songs|aadu 2 video songs|aadu 3 launching|aadu 3 interview|changaathi nannaayaal song aadu 2|aadu 3 teaser|aadu 3 location|aadu 3 bgm|aadu 3 latest news|aadu 3 cast|aadu 3 scens,2026-03-15T09:32:05.692372
3wTDEpsZb_c,SWARG SE PYARA GHAR HAMARA - OFFICIAL TRAILER #Aamrapali Dubey #Anshuman.S #Shradha .N #Prakash J,Worldwide Records Bhojpuri,UCbomPUMyPHCgrqD5iYnzj1A,2026-03-13T00:30:07Z,"Movie : SWARG SE PYARA GHAR HAMARA
Banner : World Wide Film Productions
Starcast : Aamrapali Dubey, Anshuman Singh, Shradha Naval, Prakash Jais, Vinod Mishra, Shweta Verma, Nisha Singh, Umakant Rai and Others 
Producer : Pradeep Singh, Pratik Singh
Director : Praveen Kumar Guduri
Writer: Indrajeet S Kumar
DOP : Mahi Sherla
Music Director : Om Jha
Lyrics : Pyarelal Yadav, Nirpjeet Singh (Nifty)
Choreographer : Kaanu Mukherjee
Editor : Dharam Soni
Music On : Worldwide Records
Music ON : Worldwide ",10,Music,PT4M20S,341902,3896,36,https://i.ytimg.com/vi/3wTDEpsZb_c/hqdefault.jpg,WARG SE PYARA GHAR HAMARA|Aamrapali Dubey|Bhojpuri Drama|Bhojpuri Drama Film|Bhojpuri Emotional Movie|Bhojpuri Family Drama|Bhojpuri Industry|Anshuman Singh|OFFICIAL TRAILER|Bhojpuri new Movie|Bhojpuri social message|bhojpuri latest movie|bhojpuri song|new movie|latest movie|bhojpuri cinema|latest bhojpuri film|love story|action movie|nai film|LATEST BHOJPURI SONG|bhojpuri love song|bhojpuri pyar ke geet|Shradha Naval|Prakash Jais,2026-03-15T09:32:05.692372
fnHtZ-Vqpkg,"Last to Leave the Circle Will Win $99,999,999..",Karry Kraft,UCW3Ms3ZxVaZUniP-HifWCDg,2026-03-14T12:24:09Z,"in this video we got are playing beast games in minecraft..

#isurvived100daysminecraftinhindi 
#minecraft",20,Gaming,PT12M19S,445129,9452,386,https://i.ytimg.com/vi/fnHtZ-Vqpkg/hqdefault.jpg,carry depie|minecraft,2026-03-15T09:32:05.692372
_6NkHzf4zfM,Loveah Sollitalea Music Video | Ken Karunaas | GV Prakash | Youth,G.V. Prakash Kumar,UCLnKZRT9orZAgttWtS2np2g,2026-03-13T14:39:50Z,"loveva Sollitalea credits

Music : G V Prakash Kumar 
Singer : G V Prakash Kumar & Ken 
Lyrics : Ken & Eshwar 
Programmed by Anand Kashinath
Rhythms : Kalyan
Percussions : Iniyan
Trumpets : Rakesh 
Nadaswaram : Bala 
Backing Vocals : Eshwar,Joshuva & Anand Kashinath 
Percussions Recorded by Vishnu Raj & Vignesh at 2bq Studios
Mixed and Mastered by Aswin George John
Assistant Sound Engineer : Roopash Tiwari, Divine labs
Divine labs Musicians Assistant : P Rajamurugan

Movie Credits

Written, Dire",10,Music,PT3M1S,1173615,20338,364,https://i.ytimg.com/vi/_6NkHzf4zfM/hqdefault.jpg,,2026-03-15T09:32:05.692372
dvQgE-8noLs,"Main Vaapas Aaunga | Official Teaser | Imtiaz Ali, A. R. Rahman, Diljit, Vedang, Sharvari, Naseer",Applause Entertainment,UCcO8c5xCPYHQtst3X56ufsQ,2026-03-13T07:30:09Z,"In Imtiaz Ali’s world, love is never just a feeling. It is a journey that lingers in stolen glances, unfinished conversations and memories that refuse to fade away. MAIN VAAPAS AAUNGA  is one such journey - a story of love and longing.

A Film by Imtiaz Ali

Starring: Diljit Dosanjh, Naseeruddin Shah, Vedang Raina, Sharvari
Music Composed, Produced, and Arranged by: A. R. Rahman 
Lyrics: Irshad Kamil
Written by Imtiaz Ali, Nayanika Mahtani
Director Of Photography: Sylvester Fonseca, ISC
Producti",24,Entertainment,PT1M14S,2821788,16816,729,https://i.ytimg.com/vi/dvQgE-8noLs/hqdefault.jpg,movie scenes hindi|Main Vaapas Aaunga teaser|Imtiaz Ali new movie|Diljit Dosanjh new movie|AR Rahman movie music|Bollywood upcoming movie|Bollywood love story|cinema lovers India|movies for cinephiles|Imtiaz Ali upcoming movie|Tamasha Imtiaz Ali|Rockstar Imtiaz Ali|Love Aaj Kal Imtiaz Ali|Chamkila movie|2026 theater release|Sharvari Bollywood movie|Vedang 2026 movie|Naseeruddin new movie|Diljit & Imtiaz Ali new movie|Cinephile movies|Applause new movie,2026-03-15T09:32:05.692372
CWRfeB95ISo,I BECAME A BUS DRIVER,Techno Gamerz,UCX8pnu3DYUnx8qy8V_c6oHg,2026-03-11T08:30:06Z,"I BECAME A BUS DRIVER | BUS SIMULATOR

#Samsung
#GalaxyS26Ultra 
#GalaxyAI
#AIPhone
#UltimateAIPhone

@samsungindia

Subscribe to our Second YouTube Channel: https://www.youtube.com/c/UjjwalGamer


Share, Support, Subscribe!!!
Subscribe: http://bit.ly/technogamerz
Discord : https://bit.ly/ujjwaldiscord
Youtube: https://www.youtube.com/c/TechnoGamerzOfficial
Twitter:  https://www.twitter.com/ujjwalgamer
Facebook: https://www.facebook.com/technogamerz
Facebook Myself: https://www.facebook.com/ujjw",20,Gaming,PT30M23S,5179809,220139,35330,https://i.ytimg.com/vi/CWRfeB95ISo/hqdefault.jpg,bus simualtor|gameplay|learn driving|mountains|challenge|tour|travel|adventure|new game|new samartphone|ujjwal|techno gamerz,2026-03-15T09:32:05.692372
RiMpllYIcDM,Video | पिया हो लाय दा ना टॉनिकबा | #Saurabh Sugam Yadav & Srishti Bharti का सुपरहिट गाना | New Song,Saurabh Sugam Official ,UCC4xoguye_JqNgQ3-g99c8g,2026-03-13T01:30:25Z,"Video | पिया हो लाय दा ना टॉनिकबा | #Saurabh Sugam Yadav & Srishti Bharti का सुपरहिट गाना | New Song
Video | पिया हो लाय दा ना टॉनिकबा | #Saurabh Sugam Yadav & Srishti Bharti का सुपरहिट गाना | New Song
►Subscribe Our Channel :- https://www.youtube.com/@SaurabhSugamOfficial

►Album :- पिया हो लाय दा ना टॉनिकबा
►Song :- Piya Ho Lay Da Na Tonicba
►Singer :- Saurabh Sugam Yadav & Srishti Bharti
►Feat :- Muskan KT
►Lyrics :- Writer Aman
►Music Director :- Mohan Pandit 
►Mix Mster :- Vikash Thakur
►Vi",10,Music,PT3M4S,295211,9805,136,https://i.ytimg.com/vi/RiMpllYIcDM/hqdefault.jpg,पिया हो लाय दा ना टॉनिकबा|Piya Ho Lay Da Na Tonicba|piya ho lay da na tonicba new gana|piya ho lay da na tonicba maghi geet|piya ho lay da na tonicba song 2026|piya ho lay da na tonicba hit gana|piya ho lay da na tonicba balast geet|saurabh sugam yadav|saurabh sugam yadav 2025|saurabh sugam yadav new|saurabh sugam yadav new song|saurabh sugam new song|saurav sugam new song|saurav sugam ka song|srishti bharti|srishti bharti song|srishti bharti new song|new song,2026-03-15T09:32:05.692372
Zil4RlXJkrc,Bhooth Bangla Teaser Review | Yogi Bolta Hai,YOGI BOLTA HAI,UCIihexFQucy1Sm7V7yvL_mA,2026-03-12T09:57:26Z,"Bhooth Bangla Teaser Review by Yogi Bolta Hai
Bhooth Bangla Teaser Review
Bhooth Bangla Teaser
Bhooth Bangla Movie
Bhooth Bangla Teaser Hindi Movie
Bhooth Bangla  
Akshay Kumar Movie 
Yogi Bolta Hai

#BhoothBangla #BhoothBanglaTeaser #BhoothBanglaTeaserReview #Priyadarshan #AkshayKumar #PareshRawal #RajpalYadav #Tabu #WamiqaGabbi #BalajiMotionPictures #NewReleases #YogiBoltaHai

Bhooth Bangla, Bhooth Bangla Movie, Bhooth Bangla Teaser, Bhooth Bangla Teaser Review, Bhooth Bangla Hindi Movie, Aksh",24,Entertainment,PT3M2S,502440,22073,1041,https://i.ytimg.com/vi/Zil4RlXJkrc/hqdefault.jpg,Bhooth Bangla|Bhooth Bangla Movie|Bhooth Bangla Teaser|Bhooth Bangla Teaser Review|Bhooth Bangla Hindi Movie|Akshay Kumar|Paresh Rawal|Rajpal Yadav|Tabu|Wamiqa Gabbi|Jisshu Sengupta|Manoj Joshi|Mithila Palkar|Asrani Ji|Rajesh Sharma|Priyadarshan|Shobha Kapoor|Ektaa Kapoor|Balaji Motion Pictures|Comedy Film|Horror Comedy|New Release|Latest Movie|Hindi Language Movie|Akshay Kumar Movie|Movie|Teaser Review|Trailer|Teaser|Review|Yogi Bolta Hai,2026-03-15T09:32:05.692372
ADTiaJE3oP0,😱 Franklin VS GIANT SHARK! 🦈 City Panic 😨 | Indian Bikes Driving 3D | Shagun Gamerz | Ep-2,Shagun Gamerz,UCSWSf_QCYktlPuQ2espMosw,2026-03-13T15:30:11Z,"😱 Franklin VS GIANT SHARK! 🦈 City Panic 😨 | Indian Bikes Driving 3D | Shagun Gamerz
Ep-2

special credit - ‪@heligamersss 

In this video
Franklin vs Giant Shark
Giant Shark Indian Bikes Driving 3D
Indian Bikes Driving 3D Franklin
Franklin Giant Shark attack
City panic giant shark
Indian Bikes Driving 3D gameplay
Franklin shark fight
Giant shark city scene
Indian bike driving 3D viral
Franklin dangerous gameplay
Giant shark mod Indian Bikes Driving 3D
Franklin survival gameplay
giant franklin ga",20,Gaming,PT11M33S,147436,0,3,https://i.ytimg.com/vi/ADTiaJE3oP0/hqdefault.jpg,Indian Bike Driving 3D|Franklin Gameplay|Indian Bike Driving 3D Gameplay|Franklin Cartoon|Kids Gaming Video|Indian Gaming Cartoon|Franklin Giant|City Control Game|Funny Gameplay|Kids Animation Game|Open World Gameplay|Franklin Bike Game|Indian Bike Driving 3D New|Franklin City Scene|Kids Friendly Game|Franklin Funny Video|Indian Game Cartoon|Cartoon Gameplay Video|Kids Game Video|Spider man|Franklin vs Giant Shark|Shark|Shark attack|Indian bikes game,2026-03-15T09:32:05.692372
R3YSOXYGRs0,Majhi Baay | Majhi Baay Go 2.0 | Nick Shinde | Shraddha Pawar | Ayush S | Keval | Sonali | Prashant,Prashant Nakti Official,UC1g2tyrcHzJo_KuqdEi-EYg,2026-03-12T07:30:06Z,"घेऊन आलो आहोत, २०२१ च्या ब्लॉकबस्टर “माझी बाय गो” चा भन्नाट Sequel, “माझी बाय”

आवडलं तर Like 👍, Comment 💬 आणि Share नक्की करा!

𝗔 𝗣𝗿𝗮𝘀𝗵𝗮𝗻𝘁 𝗡𝗮𝗸𝘁𝗶 𝗠𝘂𝘀𝗶𝗰𝗮𝗹

🎧 𝐀𝐮𝐝𝐢𝐨 𝐂𝐫𝐞𝐝𝐢𝐭𝐬 :
Singers: Keval Walanj & Sonali Sonawane
Music Composer & Lyrics: Prashant Nakti
Music : Prashant Nakti & Sanket Gurav
Music Arranger, Producer & Conductor: Sanket Gurav
Chorus: Ankita Panchangane & Vaibhavi Panchangane
Mixed & mastered @MixTune Music by W Keval Jaywant
Recordist: Keval Walanj @MixTune 
Flute: Himanshu Ginde
A",10,Music,PT3M43S,1120735,36866,1044,https://i.ytimg.com/vi/R3YSOXYGRs0/hqdefault.jpg,mazi bay go 2|majhi baay go 2.0|nick shinde new song|majhi baay go|majhi bay go 2.0|prashant nakti official|marathi song new|new marathi song|marathi new song|majhi bay|majhi baay|marathi song|majhi bayko|majhi bay go|nick shinde|new song marathi|prashant nakti|sonali sonawane|shraddha pawar new song|mazi bay go 2.0 song|mazi baay|माझी बाय|mazi bay|maji baygo|new marathi song 2026|sonali sonawane song|nick shinde song|majhi baygo 2.0|songs,2026-03-15T09:32:05.692372
NHk7scrb_9I,Dhurandhar The Revenge Official Hindi Trailer | Ranveer S | Aditya D | In Cinemas 19 March 2026,JioStudios,UCcXQd6kHKm0b41x8zMVMmMg,2026-03-07T05:31:00Z,"Ab Pakistan ka mustakbil, Hindustan tay karega
Dhurandhar The Revenge Trailer Out Now.  Book Now for Paid Previews on 18th March only.

Releasing worldwide on 19 March, on Gudi Padwa, Ugadi, and Eid.

Jio Studios presents
A B62 Studios Production

An Aditya Dhar Film
DHURANDHAR THE REVENGE 

Written, Directed and Produced by Aditya Dhar
Produced by Jyoti Deshpande
Produced by Lokesh Dhar

Trailer Scored, Composed and Produced by Shashwat Sachdev

Ari Ari Song Credits: 
Composed, Arranged and Pro",24,Entertainment,PT3M26S,54133103,1138205,57674,https://i.ytimg.com/vi/NHk7scrb_9I/hqdefault.jpg,Jio Studios|Jio Cinema|Jio Saavn|Jio TV|Dhurandhar|Aditya Dhar|Ranveer Singh|Sanjay Dutt|Akshaye Khanna|R. Madhavan|Arjun Rampal|Sara Arjun|Shashwat Sachdev|Revenge|Hindi Film Trailer|Hindi Film Teaser|Blockbuster Hindi Film|Dhurandhar 2 Teaser|Dhurandhar 2|Bollywood Film|T-Series|Dhurandhar The Revenge|March 19|Dhurandhar Trailer|Dhurandhar 2 Trailer|Dhurandhar The Revenge Trailer|Bollywood Trailer|Movie Trailer|Popular Movie Trailer,2026-03-15T09:32:05.692372
5mFfoOVqMWE,Franklin Become Ice Franklin To Fight With Lava Monster Franklin in Indian Bike Driving 3D:,Abbasssain Gamer,UC994vEBRjK4zEFskeAuk93A,2026-03-13T01:31:54Z,"This Video is Made for Entertainment Purpose:


Game Credit:@rohitgamingstudio6902 



Indian bikes driving 3d 
Indian bike game
Indian bike gameplay
Ice Franklin 
Lava Franklin 
Franklin Become Ice Franklin to kill Lava Monster Franklin 
Ice Spiderman
Lava Hulk
Big Head Devil Dada Ji Attack Franklin City 
big Head Devil Dada Ji Deepest hole 
Big Head Devil Dada Ji Deepest Hole Franklin Fall
Franklin save and Rescue Shinchan Frank and Dada Ji
Shinchan 
Frank
Dada Ji
Giant Hulk
Devil Big Head Dad",20,Gaming,PT11M3S,352501,1670,10,https://i.ytimg.com/vi/5mFfoOVqMWE/hqdefault.jpg,Indian bike driving 3d|Indian bike driving 3d gameplay|Indian bike driving 3d story gameplay|Indian bikes game|Ice Franklin vs Lava Franklin|Ice Spiderman vs Lava Hulk|Franklin|Franklin Cartoon|Schinchan,2026-03-15T09:32:05.692372
Ljg68YzlQJo,#Video | ओठलाली पs | #Khesari Lal Yadav | Raksha Gupta | Othlali Pa | #Bhojpuri Song 2026,GMJ - Global Music Junction - Bhojpuri,UCU_FozE_MPC8w4YncyShmJQ,2026-03-12T01:00:18Z,"Subscribe Us: https://goo.gl/oLk9in

Create Your Reels: 

► Album: ओठलाली पs
► Song: Othlali Pa
► Singer: Khesari Lal Yadav
► Feat: Raksha Gupta
► Lyrics: Abhishek Bhojpuriya
► Music Director: Jaiguru Deva
► Composer: Jaiguru Deva & Pappu Premi
► Director & Choreographer: Lakkie Vishwakarma
► Video By: Krishna Amrit Films Pvt Ltd
► Produced By: Rajkumar Singh
► Company/Label: Global Music Junction Pvt. Ltd.

♪ Full Song Available On ♪ 
♪ Spotify: https://open.spotify.com/track/6pxLNuFkdDBYdWAeTn",10,Music,PT3M24S,1699697,75691,5521,https://i.ytimg.com/vi/Ljg68YzlQJo/hqdefault.jpg,khesari lal ka gana|khesari lal new song|khesari lal yadav|khesari lal bhojpuri song|bhojpuri song|khesari lal yadav new song|khesari lal ke gana|naya gana khesari lal|Othlali Pa|ओठलाली पs|Raksha Gupta|khesari lal song|khesari song 2026|khesari lal new song 2026|khesari ke gana|khesari gana|khesari new gaana|khesari lal yadav song|khesari la new song|Bhojpuri Song 2026|bhojpuri gana|new bhojpuri song|khesari lal naya gana|bhojpuri song 2026,2026-03-15T09:32:05.692372
PB6Rm0HF0FU,Ustaad Bhagat Singh Theatrical Trailer | Pawan Kalyan || Harish Shankar | DSP #ustaadbhagatsingh,Cinema Matters,UC41whkzwq0NpbjIzgcvcl8A,2026-03-14T11:26:00Z,"#ustaadbhagatsingh #pawankalyan #ustaadbhagatsinghtrailer #viral #trending 

pawan kalyan ustaad bhagat singh trailer,pawan kalyan ustaad bhagat singh movie trailer,ustaad bhagat singh theatrical trailer,ustaad bhagat singh pawan kalyan teaser,pawan kalyan ustaad bhagat singh,pawan kalyan ustaad bhagat singh look,pawan kalyan ustaad bhagat singh movie",24,Entertainment,PT2M26S,56689,2337,0,https://i.ytimg.com/vi/PB6Rm0HF0FU/hqdefault.jpg,pawan kalyan ustaad bhagat singh trailer|pawan kalyan ustaad bhagat singh movie trailer|ustaad bhagat singh theatrical trailer|ustaad bhagat singh pawan kalyan teaser|pawan kalyan ustaad bhagat singh|pawan kalyan ustaad bhagat singh look|pawan kalyan ustaad bhagat singh movie,2026-03-15T09:32:05.692372
R7ruQwSFDBY,New CART ESCAPE In Granny Chapter -2 😱 | New Enemy And Secret Places !,JENI GAMING,UCqwb69jPwmkvJ7Ti7Vmn-4w,2026-03-13T12:00:06Z,"Thank you for watching 💚 🎀💚
Like💓 Share🔄 and Subscribe♥️ Makkale🙏  

Granny Marathon 👇
https://youtube.com/playlist?list=PLapDvXst-qJIjpzN8AlAHcdNXhv-Q_DE7&si=LGFVUp9gjgrH8Dkt

#granny #jenigaming #gameplay 
#granny2cartescape #granny2cartescapedownload
#granny2cartescape #granny2cartescape
#granny2cartescapegameplayintamil
#granny2cartescapejenigaming
#granny2cartescapegameplayintamil
#jenigaminggrannycartescape
#grannyunofficialupdate
#grannynewufoescape
#granny2 #grannyhouse #grannygame #gran",20,Gaming,PT27M19S,171407,7609,606,https://i.ytimg.com/vi/R7ruQwSFDBY/hqdefault.jpg,granny|granny 2|granny 2 cart escape jeni gaming|granny 3|granny 4|granny 5|granny 6|granny cartoon|granny chapter 1|granny escape|granny game|granny gameplay|granny gameplay in tamil|granny horror|granny horror game|granny in tamil|granny jeni gaming|granny marathon|granny mobile|granny new update|granny real story|granny secret|granny secrets|jeni|jeni gaming|jeni gaming granny|jeni gaming granny 2 cart escape|jenni gaming|jenny gaming,2026-03-15T09:32:05.692372
5eeZmuR1_w0,#Video | #Raushan Rohi | #रंगदारी | रायफल के नली में गांजा | #Srishti Bharti | #Maghi Rangdari Song,Raushan Rohi Entertainment,UCh6r40fbLs62rieVnODZkSw,2026-03-12T01:30:04Z,"►Create Your Reels :- 

►Album :- रायफल के नली में गांजा
►Song :- Rayfal Ke Nali Me Ganja
►Singer :- Raushan Rohi & Srishti Bharti
►Lyrics :- Raja Raushan
►Music :- Pappu Bhai
►Video Director :- Pawan Pathak
►Feat :- Shivani Singh & Jyoti Thakur
►Manager :- Bittu Singh
►Poster Design :- Dhiraj DKT
►Producer :- Raushan Rohi
►Company/Label - Raushan Rohi Entertainment
►Trade Inquiry No - 
___________________________________________________________
►Digital Head :- Vicky Yadav
►Digital  Partner :- ",10,Music,PT3M58S,934037,46141,3218,https://i.ytimg.com/vi/5eeZmuR1_w0/hqdefault.jpg,Raushan Rohi|रंगदारी के कमाई|srishti bharti|raushan rohi new gana|rangdari ke kamai|raushan rohi rangdari gana|raushan rohi new rangdari song|raushan rohi ke rangdari gana|srishti bharti new rangdari|raushan rohi maghi rangdari song|rangdari ke kamai raushan rohi|srishti bharti new gana|raushan rohi new rangdari gana|raushan rohi ke naya gana|raushan rohi entertainment|maghi new rangdari song|रायफल के नली में गांजा,2026-03-15T09:32:05.692372
mCxwmNkXGDI,"Mantra Muugdha | Official Teaser | Anupam Patnaik|Sanoj,Manmay, Sarthak,Bhoomika,Suryamayee,Dipanwit",Tarang Music,UCcg5_O9TsTLMUbvK6K4Shdg,2026-03-14T05:37:06Z,"Presenting the Official Teaser of the most anticipated movie of the year - “Mantra Muugdha”

Get ready to be spellbound in Anupam Patnaik’s magical and maddening cinematic journey, where mystery, music, laughter and the supernatural collide.

A story that will haunt you… thrill you… and leave you mesmerised.

The spell begins now !!

Movie Credits - 
Movie Name : Mantra Muugdha 
Cast : Sanoj Kumar, Manmay Dey, Sarthak Bharadwaj, Dipanwit Dasmohapatra, Suryamayee Mohapatra, Bhoomika Dash, Hara Ra",1,Film & Animation,PT1M50S,46671,3009,412,https://i.ytimg.com/vi/mCxwmNkXGDI/hqdefault.jpg,Mantra Muugdha|Mantra Muugdha Odia Movie|Mantra Muugdha Official Teaser|Anupam Patnaik Movies|Sanoj Kumar Odia Actor|Suryamayee Mohapatra New Movie|Bhoomika Dash|Odia Film Teaser|Mantra Muugdha Trailer|Odia Mystery Drama|Latest Odia Cinema|odia film|mantra muugdha trailer|manmay dey|manmay dey video|sanoj kumar|dipanwit dashmohapatra|sarthak bhardwaj behera,2026-03-15T09:32:05.692372
tRpCtwZGsAQ,ESCAPE TSUNAMI FOR BRAINROTS BUT U HAVE CURSED INFINITY BRAINROTS !!,Shivang Mini,UCUgA8t4DaUt50fvL79oF5wA,2026-03-13T12:29:59Z,"ESCAPE TSUNAMI FOR BRAINROTS BUT U HAVE CURSED INFINITY BRAINROTS !!

Join My Insta Channel To Play With Me in Roblox 😁- https://www.instagram.com/channel/AbaOoDPzJPC9ODxK/
Instagram - https://www.instagram.com/shivang_ranjan41/

Discord link - https://discord.gg/yX2czxauUz

Join Roblox group - https://www.roblox.com/groups/33601089/Mini-Army41#!/about


Contact Email - Shivangminibusiness41@gmail.com

#miniarmy #shivangmini #roblox",20,Gaming,PT15M34S,436542,13263,24957,https://i.ytimg.com/vi/tRpCtwZGsAQ/hqdefault.jpg,roblox|shivang mini|roblox hindi|gaming with shivang 2.0|roblox gaming|Shivang mini|eat your friend|roblox shivang mini|roblox gym simulator|tung tung tung sahur|PRETENDING TO BE A NOOB|escape tsunami for brainrots|WOULD U RATHER CHALLENGE IN ESCAPE A TSUNAMI ROBLOX !!|I STOLE BRAINROT KIDS FROM BRAINROT PARENTS IN ROBLOX !!|I PRETENDED TO BE A NOOB THEN USED GODZILLA IN ROBLOX !!|usa|cash blox|caylus blox,2026-03-15T09:32:05.692372
Y1UT4sNR4O0,मकईया में राजा जी | #Pawan Singh | Makaiya Me Raja Ji | Monalisa Bhojpuri Song | Darar Bhojpuri Song,Trending Bhojpuri,UCXXova4mk5bCErC-BEjzwEQ,2026-03-12T08:04:32Z,"हमारे वीडियो को शेयर करे और Subscribe करे❤️🙏- https://short-link.me/17Y3I

मकईया में राजा जी | #Pawan Singh | Makaiya Me Raja Ji | Monalisa Bhojpuri Song | Darar Bhojpuri Song
मकईया में राजा जी | #Pawan Singh | Makaiya Me Raja Ji | Monalisa Bhojpuri Song | Darar Bhojpuri Song
मकईया में राजा जी | #Pawan Singh | Makaiya Me Raja Ji | Monalisa Bhojpuri Song | Darar Bhojpuri Song
मकईया में राजा जी | #Pawan Singh | Makaiya Me Raja Ji | Monalisa Bhojpuri Song | Darar Bhojpuri Song
मकईया में राजा जी | #",10,Music,PT4M12S,184658,613,16,https://i.ytimg.com/vi/Y1UT4sNR4O0/hqdefault.jpg,Darar|Makaiya Me Raja Ji|Pawan Singh|Khushbu Jain|makaiya me raja ji pawan singh|pawan singh makaiya me raja ji|makaiya me raja ji|makaiya me raja ji gana|makaiya me raja ji song|makaiya me raja ji new song|makaiya me raja ji dj|dj makaiya me raja ji|#makaiya me raja ji|makaiya me raja ji dance|makaiya me raja ji ringtone|चलो makaiya me raja ji|makaiya me raja ji dj song|makaiya me raja ji dj gana|makaiya me raja ji lofi|makaiya me raja ji full song,2026-03-15T09:32:05.692372
PMch3kAoG04,Jabardasth Mahidhar Review On Ustaad Bhagat Singh Trailer | Pawan Kalyan |Ustaad Bhagat Singh Review,Mahidhar Vibes,UCo-NkhSDwu7uxim6CnJuNXw,2026-03-14T13:27:39Z,"Watch Here Jabardasth Mahidhar Review on Ustaad Bhagat Singh Trailer.
#UstaadBhagatSingh #JabardasthMahidhar #PawanKalyan",24,Entertainment,PT8M2S,40232,2023,110,https://i.ytimg.com/vi/PMch3kAoG04/hqdefault.jpg,Ustaad Bhagat Singh|Jabardasth Mahidhar Review on Ustaad Bhagat Singh Trailer|Ustaad Bhagat Singh Trailer Review by Jabardasth Mahidhar|Jabardasth Mahidhar Ustaad Bhagat Singh Trailer Public Talk|Ustaad Bhagat Singh Trailer|Pawan Kalyan|Ustaad Bhagat Singh Trailer Review|Ustaad Bhagat Singh Trailer Public Talk|Ustaad Bhagat Singh Trailer Rating|Public Talk|Review|Jabardasth Mahidhar Ustaad Bhagat Singh Trailer Review|Jabardasth Mahidhar|Rating|Jabardasth|Mahidar,2026-03-15T09:32:05.692372
aS2fHur1dPY,Buying Everything 🤑 -99999 Diamonds 😱 Garena Free Fire,SATVIK,UCWRmZvwkp6oNca2wW3uFcFg,2026-03-13T06:58:45Z,,20,Gaming,PT26M,731625,22747,2505,https://i.ytimg.com/vi/aS2fHur1dPY/hqdefault.jpg,,2026-03-15T09:32:05.692372
6iTDTOxjmRs,#Video | साड़ी के मोतिया | #Bhai Ji | #Shrishti Bharti | Sadi Ke Motiya | New Khortha Song 2026,Toto Music,UCrqw9LJdeUuZg0TBet6b_Cw,2026-03-13T12:02:02Z,"#Video | साड़ी के मोतिया | #Bhai Ji | #Shrishti Bharti | Sadi Ke Motiya | New Khortha Song 2026
#Video | साड़ी के मोतिया | #Bhai Ji | #Shrishti Bharti | Sadi Ke Motiya | New Khortha Song 2026

► Song :- साड़ी के मोतिया
► Album :- Sadi Ke Motiya
► Singer :- Bhai Ji, Shrishti Bharti
► Lyrics :- Niranjan Yadav
► Music :- Mohan Pandit
► Recording :- Amit Panda
► Feat :- Neh Goswami & Bhai Ji
► Video Director :- Rahul Kumar
►Digital :- Shashi Singh
► PublicCity Design :- Sintu GFX 
► Company/ Label :",10,Music,PT3M45S,154185,2639,40,https://i.ytimg.com/vi/6iTDTOxjmRs/hqdefault.jpg,bhai ji|bhai ji ka gana|pagla pagli bhojpuri|bhai ji pagla pagli|pagla pagli song|ashish yadav ka gana|srishti bharti ka gana|Sadi Ke Motiya|sadi ke motiy|motiya jhari gel|pagla pagli|sadi ke motiya jhari gel|sadi ke motiya jhadi gel|sadi ke motiya song|sadi ke motiya bhai ji|sadi ke motiya bhojpuri|sadi ke motiya dhari gel|sadi ke motiya dhari geet|sadi ke motiya gana|sadi ke motiya giri gel|sadi ke motiya jharkhand|sadi ke motiya jhar gel,2026-03-15T09:32:05.692372
0mWgD_DYJiY,Maamla Legal Hai Season 2 | Official Trailer | Ravi Kishan | Netflix India,Netflix India,UCZSNzBgFub_WWil6TOTYwAg,2026-03-11T12:06:24Z,"Patparganj gang is backkk ‼️⚖️

In the new season of Maamla Legal Hai, Ravi Kishan leads the courtroom chaos with Nidhi Bisht, Naila Grrewal, Anant V. Joshi and Anjum Batra and this time Kusha Kapila is also joining the mad bunch too.

Watch Maamla Legal Hai Season 2, out 3 April, only on Netflix!

Watch on Netflix: https://www.netflix.com/title/81579428

Follow Netflix India on:
Website: https://www.netflix.com/
YouTube: http://bit.ly/NetflixIndiaYT
Instagram: http://www.instagram.com/netflix_i",24,Entertainment,PT2M33S,12966929,23648,1221,https://i.ytimg.com/vi/0mWgD_DYJiY/hqdefault.jpg,Anant Joshi|Dinesh Lal Yadav|Maamla Legal Hai Season 2|Maamla Legal Hai Season 2 announcement|Maamla Legal Hai announcement|Naila Grewal|Next on Netflix|Nidhi Bisht|bassi|comedy|courtroom|courtroom drama|funny|kusha kapila|legal|maamla legal hai 2 teaser|maamla legal hai 2 trailer|maamla legal hai series|netflix recommendation|netflix series|new series|official teaser|ravi kishan|what to watch,2026-03-15T09:32:05.692372
yxVeOUBWNXQ,ZOONOMALY KHELTE HAI 🔥 #shortsfeed #shortslive #chainedtogethergame #shorts #live  #ericislive #zoo,ERIC is LIVE,UCCAJcmA8Af9-zTDZaegc_YA,2026-03-15T03:35:35Z,"ZOONOMALY KHELTE HAI 🔥 #shortsfeed #shortslive #chainedtogethergame #shorts #live #wormateio #ericislive

GRANNY 1 KHELE  & CHOO CHOO CHARLES & ZOONOMALY| #shortsfeed #shortslive #chainedtogethergame #shorts #live #wormateio #ericislive   #shorts #shortsfeed #shortslive #chainedtogethergame  #verticallivefeed #shortslive #short #newupdate #pubg #pubgmobile #verticallivefeed #verticallivestream  #directorunknown#bgmi #pubg #live #pubgm #explore #trending #yoyohoneysingh#wormate #chaintogether #to",20,Gaming,PT2H11M13S,191722,4185,0,https://i.ytimg.com/vi/yxVeOUBWNXQ/hqdefault.jpg,granny|bgmi|pubg|eric is live|ERIC IS LIVE|BGMI SHORTS|bgmi crate opening,2026-03-15T09:32:05.692372
x2nkLpF7p64,#Video | साड़ी द ना किन | #Sumit Singh & #Srishti bharti | Sadi Da Na Kin | New Maghi Song 2026,Sati Music Hits,UCiPnWxjeUV13Vnw0DKYCTPA,2026-03-12T01:15:04Z,"#Video | साड़ी द ना किन | #Sumit Singh & #Srishti bharti | Sadi Da Na Kin | New Maghi Song 2026

Make Reels Link : 
--------------------------------------------------------------------------------------
♫ Song Credit ♫
➤ Album : साड़ी द ना किन 
➤ Singer : Sumit Singh shirishti bharti 
➤ Music: Mohan Pandit 
➤ Lyrics : Subhash Raj
➤ Mix : Jitu Sharma
➤ Video : Kaushal babua 
➤ Feet : Mushkan Kt
➤ Trade Enquary : +91
➤ Music ON : Sati Music
---------------------------------------------------------",10,Music,PT3M36S,268990,7779,164,https://i.ytimg.com/vi/x2nkLpF7p64/hqdefault.jpg,साड़ी द ना किन|Sadi Da Na Kin|sadi da na kin|sadi da na kin song|sumit singh srishti bharti song|maghi song 2026|maghi viral song|sumit singh new song|srishti bharti new song|trending maghi song|latest maghi song|Sadi da na kin sumit singh|sumit singh ke sadi wala gana|new maghi song 206|sadi song 2026|srishti bharti new maghi song|anjali bharti new maghi song|new maghi song 2026|singer sumit singh maghi song|sumit singh song|sumit singh maghi song,2026-03-15T09:32:05.692372
oJ4VXZaoisU,Bhooth Bangla Teaser REVIEW | Deeksha Sharma,Filmi Indian,UCeiAKuJGZrIjYvaq0nMwbJg,2026-03-12T08:41:38Z,Bhooth Bangla Teaser Review By Deeksha Sharma. Akshay Kumar with Director Priyadarshan is set for Bhooth Bangla Franchise with Tabu & Wamiqa Gabbi in Mysterious Roles of Horror Comedy & Suspense- Bhooth Bangla Teaser is pure Nostalgia of Bhool Bhulaiyaa but falls short in editing & establishing connection of Old Characters in new story. Bhooth Bangla Teaser Trailer Reaction & Full Movie Expectation would be shared in this Video. Can Akshay Kumar challenge Kartik Aaryan for OG Horror Comedy Franc,24,Entertainment,PT3M19S,384921,16311,745,https://i.ytimg.com/vi/oJ4VXZaoisU/hqdefault.jpg,bhooth bangla|bhooth bangla teaser|bhooth bangla teaser review|bhooth bangla trailer|akshay kumar|priyadarshan|bhooth bangla akshay kumar|bhooth bangla teaser reaction|bhooth bangla movie|tabu|wamiqa gabbi|bhooth bangla full movie|bhooth bangla hindi|movie|teaser|trailer|review|reaction|akshay kumar bhooth bangla|movie review|filmi indian,2026-03-15T09:32:05.692372
vkyjPv74y2E,iQOO Pro Series Season 3 - Playoffs | Day 1#iQOOProSeries #iQOOZ11x #FreeFireMax,iQOO ESPORTS,UC3-QQLDTbBBsMC5DbAeVGqg,2026-03-14T20:24:21Z,"Day 1 of the iQOO Pro Series Season 3 kicks off with 18 elite Free Fire Max squads battling it out in the Playoffs Stage!
Only the Top 12 make it directly to the Grand Finals.

Watch it all unfold LIVE!

💰Total Prize Pool: ₹10 Lacs

👥 Team List:

GROUP A:
iQOO TOTAL GAMING
S8UL ELITE
META NINZA
GG INSTINCT
AUTOBOTZ
Community Cup #1 Aerobotz Esports

Group B:
TEAM HIND
OLYMPIANS
iQOO OG X TSG
ZUTSU GAMING
RECKONING ESPORTS
GODLIKE ESPORTS

Group C:
GDR PROS
RNTX
K9 ESPORTS
RNX ESPORTS
GYAN GAMING",20,Gaming,PT4H29M15S,205074,13697,170,https://i.ytimg.com/vi/vkyjPv74y2E/hqdefault.jpg,Freefire max|free fire max|garena|freefire live|freefire tournament|total gaming|tsg|godlike esports|iQOO Pro series|iqoo freefire|s8ul elite|iqoo total gaming|iqoo tsg,2026-03-15T09:32:05.692372
k3EcvKhgupQ,"#Video | आपन शादी में तोरा नचाईबो गे | #Raushan Rohi, #Anjali Bharti | New #Maghi Song 2026",Rowdy Films Bhojpuri,UCniuxwEU45actuOvvr0nt2g,2026-03-14T01:15:00Z,"► Subscribe Now :- https://bit.ly/3zp1iwc
► Album :- आपन शादी में तोरा नचाईबो गे
► Song :-  Aapan Shadi Me Tora Nachaivo Ge
► Singer :- Raushan Rohi, Anjali Bharti
► Lyrics :- Gore Lal Yadav
► Music :- Pappu Bhai
► Video Director :- Ashish Park
► Choreoggrapher :- Vicky DS
► Edit + Di :- 76 House Production
► Producer :- Umesh Yadav
► Label / Company :- Rowdy Films Bhojpuri
► For Trade Enquiry :- +91 8709401947 & +91 8541926000
_____________________________________________________
Digital Head :",10,Music,PT4M8S,179536,14738,468,https://i.ytimg.com/vi/k3EcvKhgupQ/hqdefault.jpg,Aapan Shadi Me Tora Nachaivo Ge|raushan rohi|raushan rohi new song|raushan rohi new gana|raushan rohi new maghi song|आपन शादी में तोरा नचाईबो गे|raushan rohi naya gana|raushan rohi song new|raushan rohi ka gana|nach nagin jaisan|raushan rohi new maghi gana|raushan rohi ke gana|raushan rohi new video|raushan rohi maghi gana|anjali bharti new song|anjali bharti maghi new song|raushan rohi anjali bharti new song|rowdy films bhojpuri|anjali bharti,2026-03-15T09:32:05.692372
2LQyPAe2WYg,AMBE HAI MERI MAA OFFICIAL TRAILER I अम्बे है मेरी माँ AKSHARA SINGH I PAKHI HEDGE- BHOJPURI MOVIE,B4U Bhojpuri,UCIobY5Y-ly9Bo458yjy36OQ,2026-03-13T02:30:03Z,"#aksharasingh #pakhihedge #rakeshbabu #devsingh #premdubey #vidyasingh #ambehaimerimaa #aksharasinghfanpage #bhojpuri #bhojpurimovie #bhojpuritrailer #trending 

IVY ENTERTAINMENT PRESENTS IN ASSOCIATION WITH YASHI FILMS  Pvt Ltd. 
स्टारकास्ट - अक्षरा  सिंह  , पाखी  हेड़गे , राकेश  बाबू  , देव  सिंह  , प्रेम  दुबे  ,विद्या  सिंह  ,रामसुजान  सिंह  , निशा  सिंह  , निशा  तिवारी  , इन्द्रसेन  सिंह , सुवेश , प्रीति  राज , मंटू , राहुल  शर्मा  ,प्रिया  पारुल , शीतल  यादव , प्रिया  चौधरी  
बाल कलाकार - ",1,Film & Animation,PT4M53S,227199,3136,103,https://i.ytimg.com/vi/2LQyPAe2WYg/hqdefault.jpg,ambe hai meri maa|ambe maa|ambe maa trailer|ambe maa bhojpuri movie|bhojpuri trailer|ambe hai meri maa bhojpuri movie|ambe hai meri maa movie|bhojpuri new trailer|bhojpuri new trailer 2026|akshara singh|pakhi hegde|pakhi hegde movie|bhojpuri|new bhojpuri movie|bhojpuri new movie,2026-03-15T09:32:05.692372
l0IMKrdJomU,“Morning Chicken Dinner 🍗 BGMI Live With Squad”💕 #iQOO #iQOOZ11x,PAYAL GAMING,UCwA3yPBSbZpwse6Q0aA2LPg,2026-03-14T12:13:46Z,"Become a Member: https://www.youtube.com/payalgaming/join 

★★ SUPPORT VIA GPAY / PHONE PE / PAYTM ★★ 

➤ 8827719192 

★★ EMAIL FOR BUSINESS INQUIRIES ★★ 

payaldhare@8bitcreatives.in

★★ SOCIAL ★★ 

➤ Instagram: https://www.instagram.com/payalgamingg/ 
➤ Discord: https://discord.gg/payal 
➤ Twitter: https://twitter.com/Payal_Dhaare 

➤ Snapchat: pd6527 

➤ PAYAL SHORTS: https://www.youtube.com/channel/UCkNrYeUUFiNLZVOOYo7lU


★ ★ IMPORTANT ★ ★ 
Highlight & News Channels! If you use copyrighted ",20,Gaming,PT4H5M47S,763236,15610,56,https://i.ytimg.com/vi/l0IMKrdJomU/hqdefault.jpg,PAYAL|PAYAL GAMING|Payal gaming LIVE|PUBG|PUBGMOBILE|PUBGMOBILE LIVE|PUBGM|PUBGINDIA|Girlgamer|Indian Girl gamer|PUBG MOBILE MONTAGE|mona|PAYALGAMING|payal|payalgaming|payalop|payalpubg|payallive|facecam|girlgamer|livenow|BGMI|Bgmi live|Battlegroundsmobileindia|bgmi livik|bgmi settings|bgmi duo|bgmi montage|bgmi live|bgmi creator|s8ul|s8ul payal|VOICEPACK|pack|voicepack|payalvoice|soul|payalbgmi|bgmivoicepack|BGMI BAN|girls|fun|payalreaction|valorant|valorant live,2026-03-15T09:32:05.692372
RemKg7nm6ls,#4k Video Chhaudi Bhatar Khojo Hain | #Ashish Yadav & #Anjali Bharti | New Magahi Song 2026,IVY Magahi Gaana,UCPlm91L8EdrQNbkFPkSiDNw,2026-03-13T00:30:19Z,"Presenting 2026 ka sabse bada Magahi Dhamaka! 💥
New Magahi hit “Chhaudi Bhatar Khojo Hain”, sung by Ashish Yadav & Anjali Bharti. Written by Aman Albela and powered by energetic music from Pappu Bhai, the song features Ashish Yadav & Anchal Singh Rajpoot bringing full desi entertainment on screen.

नया मगही हिट गाना “छौड़ी भतार खोजो है” अब @IVYMagahiGaana YouTube Channel पर रिलीज़ हो चुका है।

Credits:
Singer – Ashish Yadav & Anjali Bharti
Lyricist – Aman Albela
Music – Pappu Bhai
Featuring – Ash",10,Music,PT3M49S,402380,19564,511,https://i.ytimg.com/vi/RemKg7nm6ls/hqdefault.jpg,Chhaudi Bhatar Khojo Hain|Chhaudi Bhatar Khojo Hain song|Chhaudi Bhatar Khojo Hain official video|Ashish Yadav new song|Anjali Bharti song|Ashish Yadav Anjali Bharti song|Aman Albela lyrics|Pappu Bhai music|new magahi song|magahi song 2026|latest magahi song|magahi gana|magahi video song|magahi hit song|bhojpuri magahi song|trending magahi song|IVY Magahi Gaana|viral magahi song|Anjali Bharti magahi song|ashish yadavcholikesaman|ashish yadav ke naya gana,2026-03-15T09:32:05.692372
RCmyr_d3Hi0,Ek Din | Official Trailer | Sai Pallavi | Junaid Khan | Aamir Khan Productions | 01st May 2026,Aamir Khan Talkies,UCqjQu9qgL_eDXPwRnq45ZDQ,2026-03-11T07:15:08Z,"Kabhi kabhi EK DIN bhi kaafi hota hai ❤️
Watch EK DIN only in theatres, 1st May 2026.

Directed by: Sunil Pandey
Written by: Sneha Desai, Spandan Mishra
Produced by: Mansoor Khan, Aamir Khan, Aparna Purohit
Music: Ram Sampath
Lyrics: Irshad Kamil
Co-Producer: B. Srinivas Rao
Associate Producer: Shreyas Khedekar, Junaid Khan
Executive Producer: Abhijeet Chhabra
Choreographer: Raju Khan
Director of Photography: Manoj Lobo
Editor: Ballu Saluja
Production Designer: Vikram Singh & Parul Rai
Script an",22,People & Blogs,PT2M13S,15561377,51698,3449,https://i.ytimg.com/vi/RCmyr_d3Hi0/hqdefault.jpg,ek din trailer|ek din|saipallavi|sai pallavi movie trailer|sai pallavi movie scenes|sai pallavi scenes|junaid khan|aamir khan|junaid khan movie|junaid khan scenes|aamir khan movie scenes|amir khan scene,2026-03-15T09:32:05.692372
v2q1QwHq9lE,My First QnA Video 😍 -  Munna Bhai Gaming,Munna bhai gaming,UC9p7jJPFcdKS5pVZtB4oSnw,2026-03-14T12:45:06Z,"My First QnA Video 😍 -  Munna Bhai Gaming

[#QnAVideo #MunnaBhaiGaming #MunnaBhai #TeluguGaming ]

Munna Bhai First QnA Video,
QnA Video Telugu,
Munna Bhai Gaming Room Revealed,
Munna Bhai House,
Munna Bhai New Video,
Munna Bhai Gaming Boot Camp

Timestamps
0:00 Intro
0:32 Who Supported My Youtube Journey At First..??
2:28 Why I Decided To Start Youtube Channel..?? 
3:50 How I Improved My Voice Commentary..??
4:39 Harsh Truth Of Building Gaming Career..!!
7:15 Never Expected This Success..!!
7:3",22,People & Blogs,PT30M48S,134597,29428,1128,https://i.ytimg.com/vi/v2q1QwHq9lE/hqdefault.jpg,ff|Munna Bhai Gaming|munna bhai free fire|free fire in telugu|munna bhai bootcamp|munna bhai gaming boot camp|munna bhai gaming house|mbg boot camp|munna bhai setup tour|munna bhai gaming setup|munna bhai gaming pc setup|munna bhai bootcamp reveal|Munna Bhai New Bootcamp Tour Telugu|Munna Bhai Gaming New Setup Tour 2026|Munna Bhai Gaming Room Revealed|Munna Bhai House|Munna Bhai|MBG|Munna|FF|Munna Bhai First QnA Video|QnA Video|Munna bhai qna video|telugu,2026-03-15T09:32:05.692372
P-d2wrdlA3E,LIVE: ಶನಿವಾರ ದಂದು ತಪ್ಪದೇ ಕೇಳಬೇಕಾದ ಶ್ರೀ ಹನುಮಾನ್ ಭಕ್ತಿ ಹಾಡುಗಳು - HANUMAN BHAKTHI SONGS LIVE,Kannada Bhakthi Sagar - ಕನ್ನಡ ಭಕ್ತಿ ಸಾಗರ್,UCw6vkTDS9rL4gPxeRsnMNkQ,2026-03-14T16:15:49Z,"LIVE: ಶನಿವಾರ ದಂದು ತಪ್ಪದೇ ಕೇಳಬೇಕಾದ ಶ್ರೀ ಹನುಮಾನ್ ಭಕ್ತಿ ಹಾಡುಗಳು - HANUMAN BHAKTHI SONGS LIVE


#Kannadabhakthisagar
#ಕನ್ನಡ ಭಕ್ತಿ ಸಾಗರ್
#Kannadabhaktihaadugalu",10,Music,PT11H54M56S,74772,389,2,https://i.ytimg.com/vi/P-d2wrdlA3E/hqdefault.jpg,ಕನ್ನಡ ಭಕ್ತಿ ಗೀತೆಗಳು|Kannada Bhakthi Geetegalu|KANNADA SONGS|Kannada Bhakti Sagar|Kannada Bhakti Haadugalu|hanuman kannada bhakthi songs live|hanuman kannada devotional songs|hanuman kannada songs new|hanuman kannada bhakti geete|hanuman kannada bhakthi geethegalu|hanuman kannada bhakti geete song|hanuman bhakti geete kannada|hanuman kannada haadugalu|jai hanuman kannada new songs|ಶನಿವಾರ ದಂದು ತಪ್ಪದೇ ಕೇಳಬೇಕಾದ ಶ್ರೀ ಹನುಮಾನ್ ಭಕ್ತಿ ಹಾಡುಗಳು - HANUMAN BHAKTHI SONGS LIVE,2026-03-15T09:32:05.692372
jBU_eoArItA,Ustaad Bhagat Singh Trailer Reaction - ఇదీ పోయినట్టేనా?😬| Man of Fiction,Man Of Fiction,UCyYhFnYuEHvB7C6hKyI6tSw,2026-03-14T13:55:02Z,"Ustaad Bhagat Singh Trailer Reaction - ఇదీ పోయినట్టేనా?😬| Man of Fiction

Subscribe to Our Reaction Channel: https://www.youtube.com/@ManofFictionReacts?sub_confirmation=1

Join this channel to get access to the perks:
https://www.youtube.com/channel/UCyYhFnYuEHvB7C6hKyI6tSw/join

Subscribe to us: https://www.youtube.com/@manoffiction?sub_confirmation=1

Follow us on Other Social Media:

Twitter: https://twitter.com/Man_0f_Fiction
Instagram: https://www.instagram.com/man_0f_fiction/
Threads: htt",1,Film & Animation,PT10M2S,26717,1280,227,https://i.ytimg.com/vi/jBU_eoArItA/hqdefault.jpg,Ustaad Bhagat Singh Trailer Reaction|Ustaad Bhagat Singh Trailer|Ustaad Bhagat Singh|man of fiction|Vrushakarma|Man of Fiction|Prabhas|Thyview|Ragadi|Movies4u Official|Featu Gadi Media|Barbell Pitch Meetings|Movie Matters|Ratpaccheck|mahidhar vibes|aye jude|all in one film updates|Poolachokka|ra one for you|it's moviecraft|cinemapicha|spirit|filmy geeks|man of fiction reacts|all in one film updates 2.0|Pawan Kalyan|ustaad bhagat singh trailer reaction,2026-03-15T09:32:05.692372
5vOHyGFYD7A,DO YOU NEED HELP MR. FAT BOY | Resident Evil Requiem - Part 3,BeastBoyShub,UCI86prlqXhbkREDMTaORvLQ,2026-03-14T13:10:23Z,"NOW ,What the hell is that? The Big Fat boy is chasing me in the Hallways and it's terrifying. I don't have bullets for the Requiem gun, I am just running around trying to solve puzzles while collecting small tree herbs. But wait.....I think we have something better....

Here is a list of all my PC specs and the things I use in my Daily Life (Amazon Affiliate link) :-  https://www.amazon.in/shop/notshubatall

More Cool Videos❤️ :-
Resident Evil 3 ▶ https://youtu.be/YQynEkePRl4
Resident Evil 4  ▶",20,Gaming,PT1H16M54S,309930,38170,2846,https://i.ytimg.com/vi/5vOHyGFYD7A/hqdefault.jpg,BeastBoyShub|bbs re4|resident evil 4 hindi|resident evil 4 game hindi bbs|bbs resident evil game|bbs resident evil 4 chainsaw demo|resident evil 4 chainsaw demo gameplay|re4 demo game|re4 bbs hindi|beastboyshub biohazard 4|bbs re4 part 1|resident evil requiem part 1 bbs|bbs resident evil 9|resident evil 9 indian gamer|resident evil requiem gaming|resident evil part 3 bbs,2026-03-15T09:32:11.507319
XgcIBtO4bQQ,Macarena Video Song | Prabhudeva | A R Rahman | Moonwalk 2026,Lahari Music,UCnSqxrSfo1sK4WZ7nBpYW1Q,2026-03-13T10:50:07Z,"The vibrant, much awaited Macarena video song from Tamil movie Moonwalk. High energy fast dance by Prabhudeva not to be missed. Banger of a song by A R Rahman. A truly spectacular dance & music treat. 

Movie: Moonwalk
Song: Macarena
Music & Singer: A R Rahman
Starring: Prabhudeva
Director: Manoj N S
Production: Behindwoods Productions
Music Label: Lahari Music
Chorus: Sarath Santhosh, Shridhar Ramesh, Narayanan, Soundarya, Aparna Harikumar, Alexandra Joy

Macarena Video Song | Moonwalk Songs | ",10,Music,PT4M7S,1542667,30684,590,https://i.ytimg.com/vi/XgcIBtO4bQQ/hqdefault.jpg,,2026-03-15T09:32:11.507319
OV88vE116Uk,Ustaad Bhagat Singh Trailer | power star Pawan Kalyan | Harish Shankar | Sree leela | Thamans,H-series Studio  4.1M views . 9hrs ago....        ,UC2jHnbsRImdzWPHISKCcmXg,2026-03-13T20:20:44Z,"Ustaad Bhagat Singh Trailer | power star Pawan Kalyan | Harish Shankar | Sree leela | Thamans

#ustaadbhagatsinghtrailer
#pawankalyan
#harishshankar
#sreeleela
#thamans",1,Film & Animation,PT2M32S,81698,2247,48,https://i.ytimg.com/vi/OV88vE116Uk/hqdefault.jpg,Ustaad Bhagat Singh Trailer|pawan kalyan|sree Leela|Harish Shankar,2026-03-15T09:32:11.507319
H6OAyZ60WbI,GTA V : SLENDER MAN Trapped Franklin & Michael Using Dark Powers (Part-4) ! in Telugu,Black7Plays,UCDACaLjKXqhFxmuCjS1w6ow,2026-03-14T11:15:00Z,"#shinchan #gta #gta5 ,
GTA V : Slender Man Trapped Franklin & Michael Using Dark Powers (Part-4) ! in Telugu
Shin chan new Episodes In Gta 5 in telugu ,
Shin chan Franklin in telugu ,
Shin chan Telugu Gta 5 Story Mode ,
Black7plays New Gta 5 ,
Black7plays Shinchan Gta 5 ,
If U Guys Want To Support Me 👇

Join this channel to get access to perks:
   / @black7plays  
jion my discord for fun -  / discord  


😌Follow me on Instagram https://www.instagram.com/rohith_hate...


I hope you enjoyed this v",20,Gaming,PT25M14S,91961,1268,101,https://i.ytimg.com/vi/H6OAyZ60WbI/hqdefault.jpg,franklin shinchan new videos|franklin videos|gtav new videos|shinchan franklin videos|shinchan doraemon franklin|shinchan gta5|shinchan gta 5|shinchan new video|doraemon and shinchan in gta 5|gtav telugu|franklin videos in telugu|shinchan franklin gtav new videos telugu|franklin shinchan new videos telugu|shinchan franklin telugu new videos|shinchan and franklin new videos telugu|gta5 telugu|shinchan franklin doraemon new videos telugu|black7plays|Gta telugu,2026-03-15T09:32:11.507319
1DXUV84tu4s,Tu Na Samjhe,Hellow Raja - Topic,UCyQq4jSYgTb-p0l0qigefNw,2026-03-13T17:54:33Z,"Provided to YouTube by Aqua Music

Tu Na Samjhe · Hellow Raja · MaxxTurnn

Tu Na Samjhe

℗ 2025 Poetic Messiah Records

Released on: 2025-12-30

Main Artist: Hellow Raja
Main Artist: MaxxTurnn
Lyricist: Hellow Raja
Composer: Maxx Turnn

Auto-generated by YouTube.",10,Music,PT2M29S,64919,1079,0,https://i.ytimg.com/vi/1DXUV84tu4s/hqdefault.jpg,Hellow Raja|MaxxTurnn|Tu Na Samjhe,2026-03-15T09:32:11.507319
t5pkwVCNfnE,Bhishmar Official Trailer | East Coast Vijayan | Dhyan Sreenivasan| Vishnu Unnikrishnan|Divya Pillai,East Coast,UC7wr_pLs8KVXkkXWZxHLR0A,2026-03-14T12:30:06Z,"Presenting the Trailer of the upcoming Malayalam-language feature film Bhishmar, directed by East Coast Vijayan under the banner of East Coast Communications Pvt. Ltd. The film stars Dhyan Sreenivasan, Vishnu Unnikrishnan, Divya Pillai, Ammayraa Goswami, Indrans, Unni Lalu, Shaju Sreedhar, Akhil Kavalayoor, Senthil Krishna, Jibin Gopinath, Vineeth Tattil, Santhosh Keezhattoor, Binu Thrikkakkara, Manikandan Achari, Abu Salim, Jayan Cherthala, Sohan Seenulal, Vishnu Groovy, Sreeraj, and Shiny Vija",10,Music,PT1M58S,271747,705,133,https://i.ytimg.com/vi/t5pkwVCNfnE/hqdefault.jpg,bhishmar|eastcoastvijayan|dhyansreenivsan|vishnuunnikrishnan|malayalamfilm|Trailer|malayalam movie|new movie trailer|new malayalam movie|latest malayalam movie|divyapillai|shajusreedhar|unnilalu|malayalam movie trailer|movie trailer|movie malayalam|new movie malayalam|malayalam new trailer|bhishmar trailer|bheeshmar malayalam|bheeshmar malayalam trailer|bhishmar malayalam movie trailer|new malayalam movie trailer|bheeshmar,2026-03-15T09:32:11.507319
fBihGdO6b6E,"1,20,000 RS Trophy by ROHAN BRO & MY LUV BRO & JOKER BRO  #bgmilive  #bgmilive #madanop #madan #bts",M A D A N,UCvtIoElh8qwKV9oOeoCn_pw,2026-03-14T21:33:59Z,"𝐀𝐁𝐎𝐔𝐓 :- 
Hello Guys What's uppp uh.... ♥️
It's your boy, MADAN is here :)

Marakama Like Panunga 👍🏻 Share Panunga 📤 Subscribe Panunga ✔️ Marakama Bell Icon Aluthi All la Potukonga 🔔

𝐂𝐎𝐍𝐓𝐀𝐂𝐓 :- 
For Any Information, Enquiry or Contact, Do Check out These 🔥

𝐆𝐏𝐀𝐘 𝐍𝐎 : 9597959795
𝐔𝐏𝐈 𝐈𝐃 : voiceofmadan@okhdfcbank
𝐈𝐍𝐒𝐓𝐀𝐆𝐑𝐀𝐌 : @therealmadan
𝐌𝐀𝐈𝐋 : voiceofmadan@gmail.com
𝐌𝐄𝐌𝐁𝐄𝐑𝐒𝐇𝐈𝐏 𝐋𝐈𝐍𝐊 : https://www.youtube.com/channel/UCvtIoElh8qwKV9oOeoCn_pw/join
𝐃𝐈𝐒𝐂𝐎𝐑𝐃 𝐋𝐈𝐍𝐊 : https://discord.gg/madan
𝐖𝐇𝐀𝐓𝐒𝐀𝐏𝐏 𝐋𝐈",20,Gaming,PT11H54M59S,135520,6204,4,https://i.ytimg.com/vi/fBihGdO6b6E/hqdefault.jpg,madan|madanop|pubgmadan|madan case|bgmi|tamillivestream|pubg|botsquad|mrconqueror|gta madan|madan newchannel|youtubegamer|games|pcgaming|videogames|fun|trending|conqueror|game|madanlive|madangowri|comedy|funstream|bgmi live tamil|bgmi india|bgmi tamilnadu|top rank|rank pushing|rp|role play|tamil live stream|news|wwe|top 10 games|pubgm|vijay|thalapathy|tvk|RAJINI|DMK|ttf|goat|new event|bgmilive|vedan|thug life|tamil gaming trending|pubgmobile|clan|dmk|t20,2026-03-15T09:32:11.507319
QQNEKWOMtBs,बारात है राजा के (4K) Aashish Yadav New Song | Srishti Bharti | Barat Hai Raja Ke | Magahi Song 2026,Wave Music,UC22nIfOTM7KLIQuFGMKzQbg,2026-03-15T01:30:21Z,"नमस्ते दोस्तों, स्वागत है आप सभी का हमारे चैनल 'Bhojpuri HD Movies' पर। मगही सिनेमा के उभरते सितारे आशीष यादव (Aashish Yadav) और खूबसूरत सृष्टि भारती (Srishti Bharti) का धमाकेदार मगही गाना ""बारात है राजा के"" आ गया है। इस गाने को भरपूर प्यार दें, शेयर करें और चैनल को सब्सक्राइब करना न भूलें !

Subscribe करने के लिए क्लिक करें 👉 - http://goo.gl/ip2lbk

आप सब इस गाने का Reels बनाए - Make Your Reels :-

►Song - Barat Hai Raja Ke
►Singer - Aashish Yadav, Srishti Bharti
►Featuring - Juli Singh Rajput
",10,Music,PT3M51S,27602,6613,736,https://i.ytimg.com/vi/QQNEKWOMtBs/hqdefault.jpg,Barat Hai Raja Ke|Aashish Yadav New Song|Aashish Yadav New Magahi Song 2026|Srishti Bharti New Song|Barat Hai Raja Ke Video|Magahi Song 2026|New Magahi Song|Aashish Yadav Srishti Bharti Song|Latest Magahi Song|बारात है राजा के|आशीष यादव नया गाना|ashish yadav new song|ashish yadav new song 2025|ashish yadav new song dj|ashish yadav new song 2026|ashish yadav new song rangdari|new song ashish yadav|aashish yadav new song|rupya chhape ke masin ha bap dada ke,2026-03-15T09:32:11.507319
jET70yD3C_8,Bhooth Bangla Teaser Surprised Me!,FlickVerse,UCo5C_QyORRvumZuTalhaazA,2026-03-12T08:41:46Z,"Enjoyed the video? 
Drop a 'LIKE'

· Business Email - bemohitverse@gmail.com

· Moctale - https://www.moctale.in/u/comicverse
· More Cinema - www.youtube.com/comicverse
· Gaming Channel - www.youtube.com/@GlitchVerseyt
· Reactions & Random - www.youtube.com/@Mohitverse

Created with Max Studios: maxstudios.help@gmail.com
Thumbnail by - https://www.instagram.com/drudoart/

Follow Me On 
· INSTAGRAM - https://www.instagram.com/comicverseyt/
· X - https://x.com/comicverseyt

Disclaimer: - This chan",24,Entertainment,PT5M57S,318838,17025,656,https://i.ytimg.com/vi/jET70yD3C_8/hqdefault.jpg,,2026-03-15T09:32:11.507319
REK3pbBooPc,CHAIN TOGETHER WITH MVP VISHU  #shortslive#shortsfeed #shots @MVPVISHU,MVP VISHU,UCUwjZ6EeAuWaF-ucp2xLI9Q,2026-03-14T05:58:32Z,CHAIN TOGETHER WITH MVP VISHU  #shortslive#shortsfeed #shots  ⁨@MVPVISHU⁩,20,Gaming,PT2H56M18S,577118,5703,0,https://i.ytimg.com/vi/REK3pbBooPc/hqdefault.jpg,,2026-03-15T09:32:11.507319
YwtvQ23_-34,Diljit Dosanjh : Dealer (Official Music Video) Virk Andaaz : Da Future,Diljit Dosanjh,UCZRdNleCgW-BGUJf-bbjzQg,2026-03-11T03:30:07Z,"Song - Dealer 
Vocal - Diljit Dosanjh 
Lyrics & Compose - Virk Andaaz 
Music - Da Future 
Mix - Da Future, Adam Fair
Master - Adam Fair
Video - Rubbal GTR 

Spl Thx - Taarapal Veera",10,Music,PT3M1S,7013144,181010,5930,https://i.ytimg.com/vi/YwtvQ23_-34/hqdefault.jpg,,2026-03-15T09:32:11.507319
CD-kNjIw85E,RAKKHOSH | কোপ শুরু | OFFICIAL TRAILER | SIAM | SUSMITA | EID UL FITR 2026 | REAL ENERGY PRODUCTION ,Real Energy Production,UCdxv359lpJbTFddBm-iouTg,2026-03-13T17:51:21Z,"RAKKHOSH | কোপ শুরু | OFFICIAL TRAILER | SIAM | SUSMITA | EID UL FITR 2026 | REAL ENERGY PRODUCTION 

This Eid Ul Fitr 2026, get ready for a powerful cinematic experience.
RAKKHOSH starring Siam Ahmed and Susmita Chatterjee is coming to the big screen with action, romance and intense drama.

Produced by Azeem Haroon and Shahreen Akter Sumi under Real Energy Production, this film is directed by Mehedi Hassan Hridoy.

Stay tuned for more updates.


🎬 Credits

Starring
Siam Ahmed
Susmita Chatterjee",24,Entertainment,PT2M14S,696802,24817,6153,https://i.ytimg.com/vi/CD-kNjIw85E/hqdefault.jpg,rakkhosh|rakkhosh trailer|rakkhosh movie|siam ahmed|susmita chatterjee|bangla movie 2026|bangla new movie|eid ul fitr movie 2026|rakkhosh official trailer|bangla film trailer|real energy production|mehedi hassan hridoy|bangla action movie|bangla romantic movie,2026-03-15T09:32:11.507319
-tCad7diUtc,Franklin Directly Fight with GOLDEN MOON😱 Most Shocking Life Story,Happy Gamer,UC4YKqBvWPcTAr4vopYCRUXA,2026-03-13T10:30:00Z,"Franklin shinchan video, shinchan show video, franklin shinchan top cartoon, lovely gaming channel new video, lovely gaming tamil channel, shinchan doraemon videos, franklin shinchan tamil video new, lovely gaming shinchan video, shin-chan shop cartoon, gta v flight gamer horror video, franklin shinchan job new videos, franklin shinchan horror video tamil

Mods Credit:
X-MAN
https://www.gta5-mods.com/player/gold-ultron-add-on-ped

Gta5opmod
Licensed by GTA5OPMOD
Mod by https://gta5opmod.com

G5m",20,Gaming,PT12M16S,122258,998,118,https://i.ytimg.com/vi/-tCad7diUtc/hqdefault.jpg,Franklin shinchan video|shinchan show video|franklin shinchan top cartoon|lovely gaming channel new video|lovely gaming tamil channel|shinchan doraemon videos|franklin shinchan tamil video new|lovely gaming shinchan video|shin-chan shop cartoon|gta v flight gamer horror video|franklin shinchan job new videos|franklin shinchan horror video tamil|shin-chan franklin job picture,2026-03-15T09:32:11.507319
TtSd7L7oqb0,Google Bata Do Khush Rehne Ki Dawai 💔🍻 | Sad Heart Touching Song | Altaf Studio New Song 2026,Karhari Media Official,UC0_QYs2gy8cDOvC2GIiTTLw,2026-03-11T10:30:31Z,"English - Google Bata Do Khush Rehne Ki Dawai
Hindi - गूगल बता दो खुश रहने की दवाई

Singer / lyrics/ Compose : Sadab Ki Power
Video Editing - Prakash Studio
Video Production - Altaf Studio
Cast - Altaf Studio & Sadab Ki Power 
Music - NiteshJiKeGaane
Lyrics - NiteshJiKeGaane
Music Rights -  Altaf Studio (Pvt Ltd)
Producer - Sadab Ki Power
Company Lebal - Altaf Studio Pvt Ltd

MAIN CHANNEL : https://www.youtube.com/@NiteshJiKeGaane

_____________________________________________________
►Digital H",10,Music,PT21M15S,299837,1306,20,https://i.ytimg.com/vi/TtSd7L7oqb0/hqdefault.jpg,google bata do khush rahane ki dawai|google bata de khush rahane ki dawai|google batao khush rehne ki dawai|google bata de|google bata do khush rahane ki dawai gana|google batao|google bata do|गूगल बता दे खुश रहने की दवाई|gugal batado khuse rahne ki davai|google bata de khush rahane ki dava|google bata do khush rahane ki dava|google wala gana|google bata do khush rahane ki dawai song|google bata de khush rahane ki dawai gana|altaf studio|altaf studio gana,2026-03-15T09:32:11.507319
Q2QLjyiC_mg,Ustaad Bhagat Singh Trailer & Golmaal 5 Announcement Reaction | Pawan Kalyan | Ajay Devgn |,Shubham Kumar,UCD1OW2T_f7G6UK-uceKTZwQ,2026-03-14T15:51:12Z,"🔥 Ustaad Bhagat Singh Trailer & Golmaal 5 Announcement Reaction | Full Breakdown & First Reaction 🎬

Aaj ke is video me hum react kar rahe hain Ustaad Bhagat Singh ke dhamakedaar trailer par aur saath hi discuss karenge Golmaal 5 ke official announcement ke baare me! 💥

Power Star Pawan Kalyan ki upcoming mass entertainer Ustaad Bhagat Singh ka trailer fans ke liye ek bada surprise hai. Trailer me full mass action, powerful dialogues aur blockbuster vibes dekhne ko mil rahe hain. ⚡

Dusri taraf ",24,Entertainment,PT7M35S,22152,1632,114,https://i.ytimg.com/vi/Q2QLjyiC_mg/hqdefault.jpg,,2026-03-15T09:32:11.507319
kb_immw_8qw,JONATHAN vs GOBLIN - SAME LEVEL ? | OG DOMINATION 🔥,Mr Spike,UCeBBy-IqsJxGlt-QcWj35Kg,2026-03-14T15:32:05Z,"📷 Instagram - https://www.instagram.com/mrspike10/

Follow me on Discord 👇
https://discord.com/invite/2pejjUbCKj

▶️ 2nd Channel - https://www.youtube.com/channel/UCasVrVp-Lr0ynmxFeXRG3oQ

📧mrspikeinquiry@gmail.com

➖➖➖➖➖➖➖➖➖➖➖➖➖➖➖➖

✅Copyright Disclaimer Under Section 107 of the Copyright Act 1976, allowance is made for ""fair use"" for purposes such as criticism, comment, news reporting, teaching, scholarship, and research. Fair use is a use permitted by copyright statute that might otherwise be",20,Gaming,PT41M59S,134793,16079,784,https://i.ytimg.com/vi/kb_immw_8qw/hqdefault.jpg,,2026-03-15T09:32:11.507319
zfYi1JBonGA,"Zihaal e Miskin (Video) Vishal Mishra, Shreya Ghoshal|Rohit Zinjurke, Nimrit Ahluwalia|Javed-Mohsin",UMusicIndiaVEVO,UCLvwu-RKtaoeVlKx0slxqeQ,2026-03-11T04:01:04Z,"Presenting the official video of Zihaal e Miskin - the heartbreak song of the season. Featuring Rohit Zinjurke and Nimrit Ahluwalia, this melody has been sung by Vishal Mishra & Shreya Ghoshal, music by Javed-Mohsin And lyrics by Kunaal Vermaa.

#ZihaaleMiskin #RohitZinjurke #NimritKaurAhluwalia  

Create reels on Zihaal e Miskin : https://www.instagram.com/reels/audio/605950694837426/

Listen to ""Zihaal e Miskin"" on:

🎧 Spotify : https://open.spotify.com/track/51DEaelXeJJ6cFFYbX8Hal 
🎧 JioSaavn",10,Music,PT4M19S,512336,4097,58,https://i.ytimg.com/vi/zfYi1JBonGA/hqdefault.jpg,Javed-Mohsin|Vishal Mishra|Shreya Ghoshal|Indian Pop|rohit zinjurke|nimrit ahluwalia|zihaal miskeen|zihaal|javed mohsin|vishal mishra songs|shreya ghoshal songs|nimrit kaur ahluwalia|nimrit ahluwalia new song|hindi songs|hindi song|kunaal vermaa|zihaal miskin|vishal mishra song|love songs|shreya ghoshal new songs|Rohit Zinjurke Zihaal Miskin|Shreya Ghoshal Zihaal Miskin|heartbreak video,2026-03-15T09:32:11.507319
9UohrY3YtOs,"Prakambanam | Official Trailer | Ganapathi, Sagar Surya | Watch Now on Malayalam ZEE5",ZEE5,UCXOgAl4w-FQero1ERbGHpXQ,2026-03-14T02:30:07Z,"Presenting the Prakambanam Official Trailer (Malayalam), featuring Ganapathi, Sagar Surya, Ameen, Rajesh Madhavan, Sheethal Joseph, Kalabhavan Navas, P P Kunhi Krishnan, Azeez Nedumangad, Directed by Vijesh Panathur.

Watch Now on Malayalam ZEE5
Movie Credits:
Director : Vijesh Panathur
Producers : Sreejith KS, Karthikeyan S, Sudheesh N
Banner : Navarasa Films In Association With Stone Bench Studio
Co-Producers :  Vivek Viswam I.M.P, Monsy, Dhilor, Rijosh, Blessy
Executive Producer : Abhijith Su",24,Entertainment,PT1M54S,28541,209,6,https://i.ytimg.com/vi/9UohrY3YtOs/hqdefault.jpg,zee5|zee5 originals|zee5 latest series|zee5 new web series|zee5 series|latest ott release|new ott release|zee5 upcoming content|zee5 app|zee5 movies|zee5 web series zee5 ott|zee5 latest trailer|latest movie trailer|latest web series trailer|trending|recently uploaded|new to you|new series on zee5|latest on zee5|trending on youtube|youtube shorts|2026 upcoming web series|recently trending|how to upload zee5 app|latest|new|hindi web series|shorts,2026-03-15T09:32:11.507319
eFFxWr2JC2A,Can You Escape GRANNY Without Making Noice? #granny,“DEX” is LIVE 🔴,UCa9Aj8pZeShshISxYR8laiw,2026-03-15T02:09:39Z,"Full horror, suspense aur fun gameplay 🎮
#granny​ 
granny game live
granny game live stream
granny game live insaan
granny game live video
granny game live now
granny game live engineer
granny game live short video
granny game live today
granny game live bgmi
granny game live tamil
granny game live malayalam
ajay granny game live
ajju bhai granny game live
granny and grandpa game live
gulli bulli aur granny game live
granny game by live insaan
gulli bulli granny game live
live insaan horror game",20,Gaming,PT59M11S,1057358,2801,0,https://i.ytimg.com/vi/eFFxWr2JC2A/hqdefault.jpg,dex is live|horror live stream|scary game live|horror funny moments|horror shorts|horror games reaction|dex is live shorts|live game stream india|granny game,2026-03-15T09:32:11.507319
rugB08duIRA,Ainakaan (Official Video ) R Nait | Kiran Bajwa | New Punjabi Song 2026,R Nait,UC3fryLB2yC_5ImR9mEl1v-A,2026-03-10T04:30:01Z,"🔥 Ainakaan – Official Video | R Nait 🔥
Get ready for an emotional and powerful musical experience! Presenting the official Ainakaan Video by R Nait & Kiran Bajwa, with music crafted by the brilliant Shaitan. This glimpse promises heartfelt lyrics, soulful vibes and a story that hits deep.

Listen On:-

♪Itunes :- https://tinyurl.com/44f5njcz 
♪Jiosaavan :- https://tinyurl.com/4hxytmdx 
♪Spotify :- https://tinyurl.com/ycyjmbav 
♪Youtube Music :- https://tinyurl.com/bfvezyb6 
♪Amazon Prime Music :",10,Music,PT3M2S,3141943,48366,2118,https://i.ytimg.com/vi/rugB08duIRA/hqdefault.jpg,R Nait new song 2026|R Nait teaser 2026|Kiran Bajwa new song|Guitar Warga Punjabi song|New Punjabi teaser 2026|Punjabi song teaser|Latest Punjabi songs 2026|R Nait latest track|R Nait Punjabi song|Kiran Bajwa teaser|Punjabi music 2026|New Punjabi music video|Trending Punjabi song 2026|Punjabi song update|Punjabi teaser release|Guitar Warga song update|New song teaser Punjabi|ainakaan r nait|ainakaan by rnait|ainakaan official teaser|ainakaan kiran bajwa,2026-03-15T09:32:11.507319
ZNgYOahlYmA,LEAKED ! Spiderman Brand New Day Trailer RELEASE Update (தமிழ்),Mokka Commentry,UC3Y7OyuS9jNdZy3ZadrAbWQ,2026-03-13T05:55:06Z,"Vanakkam Makkale...LEAKED ! Spiderman Brand New Day Trailer RELEASE Update explained in tamil

Sponsors contact - sponsor.mokka@gmail.com

Join MC Faction- https://www.youtube.com/channel/UC3Y7OyuS9jNdZy3ZadrAbWQ/join

====================================================================
New Channels 
==================================================================== 
Un Signed -https://www.youtube.com/channel/UCXnDDUQyJpRfC98_ZRIuhZA
Mokkacommentry 2 - https://www.youtube.com/channel/UCMfRUWKm",24,Entertainment,PT9M13S,62881,4864,153,https://i.ytimg.com/vi/ZNgYOahlYmA/hqdefault.jpg,tamil|தமிழ்|mokka commentry|mokka|trending|youtube tamil|recommended|tamil creator,2026-03-15T09:32:11.507319
P2Fcck7DML0,Franklin Searching For The Best Concept Cars in GTA 5 ! (GTA 5 mods),Flight Gamer,UCt3mMVAyGhwQb_ZBGp_p85g,2026-03-14T07:35:01Z,"YOU ARE  WATCHING FLIGHT GAMER
Franklin Searching For The Best Concept Cars in GTA 5 ! (GTA 5 mods)
=====================================================
INSTAGRAM :-https://www.instagram.com/flightgamer_real
____________________________________________________________
TWITTER :-https://twitter.com/flightgamer22
=====================================================

Mod Credits :-https://www.gta5-mods.com/vehicles/2021-lada-raven-concept-add-on-plates-extras-livery-template

So guys i hope you l",20,Gaming,PT28M37S,220234,6155,572,https://i.ytimg.com/vi/P2Fcck7DML0/hqdefault.jpg,gta 5 mods|gta v mods|shinchan in gta 5|shinchan gta 5|gta 5|shinchan|techno gamerz gta 5|shin chan gta 5 in hindi|gta|gta v|gta 5 techno gamerz|gta 5 shinchan|shinchan in hindi|techno gamerz|hulk|flight gamer|Franklin Searching For The Best Concept Cars in GTA 5|Flight Gamer|flight game|mods gta 5|shinchan try to become new avenger|join avengers army|new avenger|shinchan join avengers army|shinchan and pinchan meet first time,2026-03-15T09:32:11.507319
iBqvvwFQz68,शनिवार के दिन हर घर में सुनी जाती हैं यह चमत्कारी शनि अमृतवाणी | Shanidev Amritwani #Bhajan 2026,Bhakti Ganga,UCnkhdMPEjLnh-n6fckFS4NQ,2026-03-06T23:30:30Z,"Subscribe Our Channel  https://goo.gl/VZ8Tba
शनिवार के दिन हर घर में सुनी जाती हैं यह चमत्कारी शनि अमृतवाणी | Shanidev Amritwani #Bhajan 2026

शनिवार के दिन हर घर में सुनी जाती हैं यह चमत्कारी शनि अमृतवाणी | Shanidev Amritwani #Bhajan 2026
#shanidevamritwanikumarvishu 
#shanidevamritwanistatus 
#shanidevamritwanilyrics_2026
#shanidevamritwanikatha2026
#shanidevamritwanilive 
#shanidevamritwanibhajan 
#shanidevamritwanimp3 
#shanidevamritwaniraviraj 
#shanidevamritwanidj
shanidev amritwani,
shani",10,Music,PT17M52S,41830,338,23,https://i.ytimg.com/vi/iBqvvwFQz68/hqdefault.jpg,shri shani amritwani|shani dev amritwani|shani amritvaani|shanidev new amritwani|new shanidev amritwani 2026|shri shanidev amritwaani|shanivar vrat katha|shani nivaran mantra|shanidev ki bhajan|शनिवार स्पेशल भजन|shree shanidev amritwani|shani dev ki vani|shani bhajan 2026|shanidev bhajan hindi|top shani bhajans|शनि अमृतवाणी|nonstop shani amritwani|shanidev ji ki amritwani|shani mahamantra|shani dev mantra|श्री शनिदेव अमृतवाणी 2026|today shanivar bhajan,2026-03-15T09:32:11.507319
vMc_pWm7G7o,Something Very Bad Is Going to Happen | Official Trailer | Netflix,Netflix,UCWOA1ZGywLbqmigxE4Qlvuw,2026-03-13T15:00:00Z,"What makes two people soulmates? From the Executive Producers of Stranger Things, and the Director of Baby Reindeer, Camila Morrone and Adam DiMarco star in SOMETHING VERY BAD IS GOING TO HAPPEN, coming to Netflix March 26th.

Watch on Netflix: https://www.netflix.com/title/81667464

About Netflix:
Netflix is one of the world’s leading entertainment services offering TV series, films, games and live programming across a wide variety of genres and languages. Members can play, pause and resume wat",24,Entertainment,PT2M35S,924964,14795,848,https://i.ytimg.com/vi/vMc_pWm7G7o/hqdefault.jpg,Adam DiMarco|Are You Sure He’s the One|Baby Reindeer|Camila Morrone|Don’t Marry Him|Duffer Brothers|Gus Birney|Haley Z. Boston|Jeff Wilbusch|Jennifer Jason Leigh|Karla Crome|Matt Duffer|Netflix|Ross Duffer|Something Very Bad|Something Very Bad Is Going to Happen|Ted Levine|Upside Down Pictures|Very Bad|Weronika Tofilska|Zlatko Buric,2026-03-15T09:32:11.507319
dqgU3H6_gE0,I Opened a School for FAMOUS MOBS in Minecraft...,Junkeyy,UCJS4UHGP6Q3BI-0ZIGrGXgw,2026-03-12T12:47:01Z,"Yo guyss, in this video, I open a school for famous monsters in Minecraft, while upgrading my school from Dirt to Ruby~!🔥

Like Aim: 9,500 Likes
⏺️Instagram🔽
https://www.instagram.com/junkeyy05/

#minecraft #minecrafthindi #junkeyy",20,Gaming,PT19M2S,785452,12448,711,https://i.ytimg.com/vi/dqgU3H6_gE0/hqdefault.jpg,i opened a school for famous mobs in minecraft|i opened a school in minecraft|mob school minecraft|minecraft hindi|minecraft funny|junkeyy,2026-03-15T09:32:11.507319
4_JzO8Fa3lE,Raushan Rohi | प्रशाशन | Srishti Bharti | Ft. Toshi Divedi | 4K Video | Maghi Rangdari Song 2026,Maa Tara Records,UChBdp7DV6wenIReWgtNGKlw,2026-03-13T01:00:09Z,"Create A Reels On This Link - https://www.instagram.com/reels/audio/1724412185630143

Audio/Video Credits :-
► CODE :- MTR0164
► Album :- Prashasan
► Song :- प्रशाशन 
► Singer :- Raushan Rohi & Srishti Bharti 
► Feat :- Toshi Divedi
► Lyrics :- Gore Lal Yadav
► Music :- Pappu Bhai
► Choreographer :- Anuj R Maurya
► Editor : - Pappu Verma
► DI :- Rohit Singh
► DOP :- Sunil Baba
► Director :- Rajesh Gupta
► Special Thanks :- Prince Singh Rajput (All Team)
► Project Head :- Rajkumar Singh (Raju)
► ",10,Music,PT3M30S,258483,16773,623,https://i.ytimg.com/vi/4_JzO8Fa3lE/hqdefault.jpg,maa tara records|Raushan Rohi|srishti bharti|raushan rohi rangdari gana|raushan rohi new rangdari song|raushan rohi ke rangdari gana|srishti bharti new rangdari|raushan rohi maghi rangdari song|srishti bharti new gana|raushan rohi new rangdari gana|raushan rohi ke naya gana|raushan rohi entertainment|maghi new rangdari song|raushan rohi ke new song|raushan rohi ka new song|raushan rohi new song rangdari|Prashasan Raushan Rohi|prashasan song|Prashasan,2026-03-15T09:32:11.507319
oxzATs5etYA,🔴Ustaad Bhagat Singh Trailer Reaction | Man of Fiction Reacts,Man of Fiction Reacts,UCCcYaEmLrmfNxE3V0CIQiwA,2026-03-14T13:42:53Z,"🔴Ustaad Bhagat Singh Trailer Reaction | Man of Fiction Reacts

Subscribe to our new Tech Channel:- POTWIRE https://www.youtube.com/@POTWIRE

00:00 Pre-Trailer Thoughts
58:16 Trailer Reaction
1:01:26 Post Trailer Thoughts

Follow us on Other Social Media:

Twitter: https://twitter.com/Man_0f_Fiction
Instagram: https://www.instagram.com/man_0f_fiction/
Threads: https://www.threads.net/@man_0f_fiction

Discord: https://discord.gg/JcrurmJx
Whatsapp Channel: https://whatsapp.com/channel/0029Va6he4y0G",24,Entertainment,PT1H12M30S,22435,1124,81,https://i.ytimg.com/vi/oxzATs5etYA/hqdefault.jpg,thyview|Ratpaccheck|Movie Matters|Barbell Pitch Meetings|Featu Gadi Media|Man of Fiction|Poolachokka|Thyview|Men of Culture|Movies4U Official|cinemapicha|Ragadi|Man of Fiction Reacts|the pj|ntv|shan prasher|The Rajasaab|Jana Nayakudu|Jana Nayagan|Prabhas Sandeep Reddy Vanga Interview|Spirit|Toxic Teaser|Toxic Teaser Reaction|Ustaad Bhagat Singh Trailer Reaction|Ustaad Bhagat Singh Trailer,2026-03-15T09:32:11.507319
5x4PMlXqDzw,POOR Vs RICH Poppy Playtime Monsters Apocalypse Bunker Battle In Minecraft,MrAlpha,UCH_aBZWy8MAGVYHRCU-OUPQ,2026-03-14T07:50:12Z,"POOR Vs RICH Poppy Playtime Monsters Apocalypse Bunker Battle In Minecraft

Share, Support, Subscribe!!!
📷Instagram: https://www.instagram.com/mralpha13_/
Join Discord: https://discord.com/invite/nUuaWxPgpW

Subscribe My Other Youtube Channels!!!
❤️ AlphaXD: https://www.youtube.com/@AlphaXD2005
❤️ AlphaExtra: https://www.youtube.com/@AlphaExtraOfficial

For Business Enquiry!!!
📧mralpha13official@gmail.com

#minecraft #minecraftmyth #scary #minecraftscary  #mineflux #mrgamerjay #horrorgaming #eys",20,Gaming,PT32M14S,203671,4687,583,https://i.ytimg.com/vi/5x4PMlXqDzw/hqdefault.jpg,Eystreem|minecraft|roleplay|funny|secret|hidden|minecraft phone|minecraft bedrock edition|solving minecrafts most strange mysteries|solving minecraft mysteries|solving minecraft myths|scary minecraft myths|scary minecraft mysteries|unsolved mysteries in minecraft|busting minecraft mysteries|scary minecraft seeds|scary minecraft stories|mralpha13|scary|proboize95|dark minecraft mystery|Solving Minecraft’s Most Strange Conspiracy Theories|scary ritual|MrAlpha,2026-03-15T09:32:11.507319
I-sRZ1fisuU,"#Video | सड़िया करिया | #Ankush Raja, #Karishma Kakkar | Sadiya Kariya | New Bhojpuri Song",Simran Beats,UCOZtKD7Cb6S0zfAUTV-KJng,2026-03-13T06:30:10Z,"Reels/Shorts जरूर बनाए : 
Instagram : https://www.instagram.com/reels/audio/3813401455614407

YouTube : https://www.youtube.com/source/SaGs8iulvhE/shorts

📀Song : सड़िया करिया 
🎙️Singer : Ankush Raja & Karishma Kakkar
✍Writer : Yadav Lallu
🎼Music : Shyam Sundar
💃🏻Featuring : Anisha Pandey
📷Video : Shushant Singh & Kumar Chandan
🎥DOP : Pankaj Soni & Arman Singh
🎞️Edit : Prashant Singh
✂️DI : Rohit Singh 
💽Album : Sadiya Kariya
🙏Special Thanks : Lakhan Baba
👾Digital : Vicky Yadav 
🙏Producer : Mano",22,People & Blogs,PT19M24S,86221,219,2,https://i.ytimg.com/vi/I-sRZ1fisuU/hqdefault.jpg,,2026-03-15T09:32:11.507319
T2hNe9z4nH8,"PRINCE (প্রিন্স) Pre-Blast | Eid 2026 | Shakib Khan | Dibyendu B, T Farin, Jyotirmoyee C | SK Films",SK Films,UCD78NhC0NYFn8Ucm9EXY1Pw,2026-03-12T06:51:52Z,"The most anticipated Pre-Blast (Teaser) Of this Eid is here! 💥

Experience a storm of empire, dominance, action, and romance like never before. This Eid, enjoy PRINCE at your nearest theatre with family and friends - the Ultimate destination for excitement, adventure, and cinematic thrills!

#Prince #Prince_OnceUponATimeInDhaka #ShakibKhan
#BanglaCinema #EidulFitr2026 #SKFilms #CreativeLandFilms

Subscription Link : https://goo.gl/BYPz1w

Subscribe now to watch Shakib Khan's official YouTube cha",24,Entertainment,PT1M30S,827285,36609,7902,https://i.ytimg.com/vi/T2hNe9z4nH8/hqdefault.jpg,Shakib Khan|King Khan|Number one Shakib Khan|Bangladeshi Hero Shakib|sakib khan|Bangla Hero Sakib|Bangladeshi Hero Shakib Khan|শাকিব খান|বাংলা ছবি|Bangla Movie|prince movie|prince movie trailer|prince movie trailer shakib khan|megastar shakib khan|prince movie teaser|prince movie official trailer|Tasnia Farin|SK Films|Eid 2026|Abu Hayat|Official Teaser|প্রিন্স|PRINCE|movie|প্রিন্স মুভি টেইলার|প্রিন্স মুভি টিজার|প্রিন্স মুভি শাকিব খান,2026-03-15T09:32:11.507319
CzwKI2BBQoo,LEVEL 1 DIRT VS LEVEL 999 DIAMOND CHUNK IN MINECRAFT !!,Dash Empire,UCtNxjL-8WeFZ6LbfrOYgNoQ,2026-03-13T12:41:11Z,"NEW CHANNEL - https://www.youtube.com/channel/UCxfaG5_t8lHZlrseYz4_COg
MOD LINK - https://www.curseforge.com/minecraft/mc-mods/crazyvillagers-forge
FOLLOW ME :

INSTAGRAM - https://www.instagram.com/official_dashempire/?igshid=MzRlODBiNWFlZA%3D%3D
DISCORD - https://discord.gg/SxDBH7zFAn
For Businesses - dashempireofficial@gmail.com

enjoy 🙂",20,Gaming,PT19M52S,255640,3214,120,https://i.ytimg.com/vi/CzwKI2BBQoo/hqdefault.jpg,,2026-03-15T09:32:11.507319
WaiK3GT8-AU,#न्यू देवी गीत 🌺 #जाग ए माई | Durga Mata Bhajan 2026 | Bhojpuri devi geet | Durga puja navratri song,RUDRA DEVOTIONAL,UCWFd-nxQ4aCHNWOnkqvWvjA,2026-03-08T22:45:05Z,"#न्यू देवी गीत 🌺 #जाग ए माई | Durga Mata Bhajan 2026 | Bhojpuri devi geet | Durga puja navratri song#bhojpuridevigeet   #devigeetbhojpuri  #livedevipachra 
#durgapujakegana #durgamatabhajan #pachra_geet 
@rudradevitional
Mange : Radhe Rakesh
Digital Patner : RG RUDRA MEDIA PVT LTD

Navratri Bhakti Song 2025 | Devi Geet | नवरात्रि स्पॆशल गीत 🌹 | Bhakti Gana | Bhojpuri Devi Geet
परम्परिक भोजपुरी देवी पचरा गीत  | Bhojpuri Devi Geet 2025
 पारम्परिक भोजपुरी देवी गीत🌺🌺 Navratri ka gana | devi geet| du",10,Music,PT19M26S,37753,144,5,https://i.ytimg.com/vi/WaiK3GT8-AU/hqdefault.jpg,देवी गीत|भोजपुरी देवी गीत|भोजपुरी नवरात्री गीत|पचरा|भोजपुरी पचरा गीत|bhojpuri navratri song|bhojpuri durga mata bhajan|devi geet|navratri bhakti song|pachra|pachra geet|bhakti gana|bhakti song|bhojpuri bhakti geet|bhojpuri devi geet|bhojpuri bhakti song|भक्ति गाना|bhojpuri bhakti gana|bhakti|bhakti geet,2026-03-15T09:32:11.507319
SCYT8vb2siQ,Disclosure Day | Official Trailer,Universal Pictures,UCq0OueAsdxH6b8nyAspwViw,2026-03-12T15:00:02Z,"This summer everything will become clear. Disclosure Day in theaters 06.12.26.

If you found out we weren’t alone, if someone showed you, proved it to you, would that frighten you? This summer, the truth belongs to seven billion people. 
We are coming close to … Disclosure Day. 

Universal Pictures is proud to release a new original event film created and directed by Steven Spielberg. The film stars SAG winner and Oscar® nominee Emily Blunt (Oppenheimer, A Quiet Place), Emmy and Golden Globe win",24,Entertainment,PT2M38S,9506405,44379,3037,https://i.ytimg.com/vi/SCYT8vb2siQ/hqdefault.jpg,,2026-03-15T09:32:11.507319
kbS5JZvv66s,"$1 to $1,000,000,000 ROCKET BIKE in GTA 5!",Jeet OP,UCm6njOPvrErwVtcY7YXojCg,2026-03-13T12:09:00Z,"$1 to $1,000,000,000 ROCKET BIKE in GTA 5! #gta5 #technogamerz #gameplay 

Follow me on Instragram : https://www.instagram.com/i.g_jeet
#gta5game 
#gta5pc 
#grandtheftauto 
#gta5steam
#steam 
#bestonlinegames 
#gta5online 
#gta6 
#gtav 
#gta5mods 
#gtavgameplayinhindi 
#gamingpc 
#onlinegames 


========================================================
Disclaimer: This is a Gameplay Video made for entertainment purpose Only For Gamers Audience (GRAND THEFT AUTO V) . No Any Harmful Contents in thi",20,Gaming,PT26M52S,213811,1793,16,https://i.ytimg.com/vi/kbS5JZvv66s/hqdefault.jpg,Jeet OP|techno gamerz|gta 5 mods|GTA|GTA 5|gta 5 lamborghini|gta 5|grand theft auto 5|gta v|gta5|gta 5 rp|gta 5 gameplay|gta 5 funny moments|gta|in gta 5|stealing cars gta 5|fastest car|upgrading cars gta 5|slowest to fastest|$1 gta 5|$1000000 gta 5|$1 car gta 5|$1000000 car gta 5|upgrading rocket bike|$1 rocket bike|$1000000000 rocket bike|rocket bike in gta5|live insaan|dattrax gaming|jeet op gta5|ramp bike|rocket vehicle gta5|gta6,2026-03-15T09:32:11.507319
bXrKNYNA5RQ,Aaghosha Paattu (Music Video) Eechuu | Hanan Shaah | Muthu | Jimmy Godrick | Gallery Vision Indie,Gallery Vision Indie,UCemV1WEA33S_jopsJzRenPg,2026-03-13T16:30:06Z,"A vibrant celebration track “Aaghosha Paattu” featuring  Eechuu, Hanan Shaah, Muthu & Jimmy Godrick , Himna Hilari, Hinitha Hilari and Fathima Jabbar. Produced by Sharaf Gallery and proudly presented by Gallery Vision Indie.

Audio Credits:-

Track Name: Aaghosha Paattu
Lyrics and Composition By : Muthu
Beat Producer: Jimmy Godrick
Vocals: Eechuu, Hanan Shaah, Muthu, Hinitha Hilary, Himna Hilari and Fathima Jabbar
Additional Vocals: Ali Najih, Chris Wayne
Mix and Master: Ashbin Paulson
A&R: Suha",10,Music,PT2M53S,194124,16120,1063,https://i.ytimg.com/vi/bXrKNYNA5RQ/hqdefault.jpg,Gallery Vision Indie|Aaghosha Paattu|hanan shah|hanan shaah songs|aaghosha paattu video|aaghosha paattu song|aaghosha paattu music video|aaghosha pattu|perunnal song|perunnal song 2026|eid song|hanan shaah new song|eechu song|eechu perunnal song|aaghosha paattu 2026|new music video|perunnal vibes|jimmy godrick|muthu|muthu song|hanan shaah vlog|hanan shaah viral song|aaghosha paattu hanan shaah|aaghosha paattu eechuu video|aghosham malayalam song,2026-03-15T09:32:11.507319
DUhW6VtGfqc,🔴 SRM GAMING ON LIVE 🔴,SRM,UCLYDdU77jj3OCysUAY9lXAg,2026-03-14T11:25:25Z,"Build Your Dream Pc..
SRM PC FACTORY : 📱 7200003515 (Be Patient, Don't Spam)

SUPPORT THE JOURNEY (UPI ID)-rajasrmcomputers-4@oksbi

📧 Email for Business and Promotion Queries:
🌟 srmm1243@gmail.com

📷 Instagram Tech       : https://www.instagram.com/srm_gaming_tech/
📷 Instagram Gaming  : https://www.instagram.com/srm_raja_yt/
🟣 Discord                     : https://discord.gg/qgkN2BHzfP

Free Fire Uid 
India               : 1280169787
Bangaladesh : 2236973226           

Emulator Link  : https:/",20,Gaming,PT6H3M31S,193802,5502,24,https://i.ytimg.com/vi/DUhW6VtGfqc/hqdefault.jpg,pc|pc game|phone|free fire attacking squad ranked gameplay tamil|fire attacking squad ranked gameplay|attacking squad ranked gameplay tamil|squad ranked gameplay tamil|ranked gameplay tamil|gameplay tamil|win all renked match ||tips& tricks tamil|free fire|ranked match booyah tips and tricks tamil|free fire india|free fire gameplay|pro vs pro 26 kills|vs pro 26 kills|pro 26 kills|duo vs squad|ultra pro vs me|pro vs pro|ultra pro,2026-03-15T09:32:11.507319
SPBTlYNsZNY,Pardesi Mere Yaara Vaada Nibhana | Lyrical Song | Raja Hindustani | 90’s Evergreen Sad Song,hindi old songs,UC35nCr7a7l2x5TMtJhgwAXQ,2026-03-11T10:00:00Z,"Song Credits:
Song: Pardesi Pardesi
Movie: Raja Hindustani
Singers: Udit Narayan, Alka Yagnik, Sapna Awasthi
Music Director: Nadeem-Shravan
Lyricist: Sameer

Lyrics:
Main Yeh Nahin Kehti Ke Pyaar Mat Karna
Kisi Musafir Ka Magar Aitbaar Mat Karna
Pardesi Pardesi Jaana Nahi
Pardesi Pardesi Jaana Nahi
Mujhe Chhod Ke Mujhe Chhod Ke
Pardesi Pardesi Jaana Nahi
Mujhe Chhod Ke Mujhe Chhod Ke
Pardesi Mere Yaara Vaada Nibhana
Mujhe Yaad Rakhna Kahin Bhool Na Jana

Pardesi Pardesi Jaana Nahi
Pardesi Pardes",10,Music,PT7M25S,488034,1384,29,https://i.ytimg.com/vi/SPBTlYNsZNY/hqdefault.jpg,Pardesi Mere Yaara|Pardesi Mere Yaara Vaada Nibhana|Pardesi Mere Yaara Full Audio|Pardesi Mere Yaara Song|Raja Hindustani Songs|Raja Hindustani Movie Song|Aamir Khan Karisma Kapoor Song|Udit Narayan Songs|Alka Yagnik Songs|Sapna Awasthi Songs|Nadeem Shravan Hits|90s Bollywood Romantic Songs|Old Hindi Romantic Songs|Evergreen Hindi Songs|Bollywood Love Songs|Classic Bollywood Songs|Pardesi Mere Yaara Old Song|Pardesi Mere Yaara Hindi Song|Best 90s Love Songs,2026-03-15T09:32:11.507319
CVsKxWcQTGU,KON HOGA AAJ KE F1 Race Ka Lucky Winner | TLRP,shreeman legend live,UCKVei70N69V3V5wBQixHZbg,2026-03-13T23:15:25Z,"🔥  Frido Vajra Gaming Chair - https://link.myfrido.com/ShreeMan-LegenD-Live
🔥 Explore AMD Gaming Products 
      🔗 Check out the latest AMD products: https://linktr.ee/AMDgaminguniverse

🎮 Join the Shreeman Legend Community
      📢 Connect with us across platforms and be a part of our growing community!
      💬 Discord : https://discord.com/invite/shreemanlegend
      📸 Instagram : https://www.instagram.com/shreemanlegend
      🕊️ Twitter (X) : https://www.twitter.com/shreemanlegend
      👍 Face",20,Gaming,PT8H12M21S,157263,13620,58,https://i.ytimg.com/vi/CVsKxWcQTGU/hqdefault.jpg,shreeman|shreemanlegend|shreeman legend live|comedy|entertainment|pcgamer|indian|fun|rage moments|live stream|siddhant|siddhant joshi|infamous mafia|bgmi|battlegroundsmobileindia|amd|ultragear,2026-03-15T09:32:11.507319
f0i95p5l67Y,Dhurandhar The Revenge - Aari Aari,Release - Topic,UCD3wq0sw9vur8RJOGedX4Zg,2026-03-12T06:42:00Z,"Provided to YouTube by Super Cassettes Industries Private Limited

Dhurandhar The Revenge - Aari Aari · Shashwat Sachdev · Bombay Rockers · Irshad Kamil · Khan Saab · Reble · Token · Jasmine Sandlas · Sudhir Yaduvanshi · Shashwat Sachdev · Irshad Kamil · Bombay Rockers · Reble · Token · Aditya Dhar · Ranveer Singh · R. Madhavan · Sanjay Dutt · Arjun Rampal

Dhurandhar The Revenge

℗ Super Cassettes Industries Private Limited

Released on: 2026-03-12

Auto-generated by YouTube.",10,Music,PT3M31S,648672,15522,0,https://i.ytimg.com/vi/f0i95p5l67Y/hqdefault.jpg,Shashwat Sachdev|Bombay Rockers|Irshad Kamil|Khan Saab|Reble|Token|Jasmine Sandlas|Sudhir Yaduvanshi|Aditya Dhar|Ranveer Singh|R. Madhavan|Sanjay Dutt|Arjun Rampal|Dhurandhar The Revenge|Dhurandhar The Revenge - Aari Aari,2026-03-15T09:32:11.507319
Wgx8nz8EpkE,🌿FREE FIRE LIVE🌿PLAYING BR-RANKED😎2X AWM SPEED GAME PLAY 🎮🎯 ON LIVE - GARENA FREE FIRE,DAD I AM OK GAMING,UCLyeLv13NLgHjFn2FVdbh4w,2026-03-14T21:48:14Z,"🌿FREE FIRE LIVE🌿PLAYING BR-RANKED😎2X AWM SPEED GAME PLAY 🎮🎯 ON LIVE - GARENA FREE FIRE
#freefirelive #shortsfeed #dadiamokgaming",20,Gaming,PT5H46M30S,323514,4514,1,https://i.ytimg.com/vi/Wgx8nz8EpkE/hqdefault.jpg,#Dad i am ok Gaming|#free fire|#free fire live|#garena free fire|#free fire max|#free fire diamond|#free fire max live|#free fire gameplay|#gaming live|#gaming prank|#gaming challenges|#gaming vlog|#gaming funny videos|#gaming id|#free fire dad i am ok gaming|#dadiamokgaming|#HINDIGAMING|#trendingvideo|#gamingvideo|#gamer|#livestreamer|shortsvideo|viralshorts|shorts,2026-03-15T09:32:11.507319
kyIA93yCMGI,"रविवार के दिन जरूर अपने घर में ये सुंदरकांड चलाकर रख देना कर्ज ,बीमारी खत्म और धन वर्षा शुरू",Sunder Path,UC6jvtQHxJv75ahPZ1SADNDA,2026-03-14T23:00:51Z,"रविवार के दिन जरूर अपने घर में ये सुंदरकांड चलाकर रख देना कर्ज ,बीमारी खत्म और धन वर्षा शुरू#sundarkandpath                 

Song - Sampurn Sundarkand
Singer - Manoj Mishra


#sampurnsunderkand    
#sunderkand             
#bhajan               
#bhakti             
#सुन्दरकाण्डपाठ
#sunderkandlive 
 #hanumanmahima  
#sunderkandkatha  
#सुन्दरकाण्डपाठ 
#sunderkandinhindi
#livebhajan 
#सुन्दरकाण्डपाठ 
#sunderkandkatha 
#sunderkandinhindi 
#fastsundarkand 

Sunderkand by  Rasraj ji maharaj, Hindi ",10,Music,PT46M59S,11093,300,32,https://i.ytimg.com/vi/kyIA93yCMGI/hqdefault.jpg,,2026-03-15T09:32:11.507319
4gBri7rBvWE,FRANKLIN AND SHINCHAN BECOME BILLIONAIRE IN GTA 5,KL Fun Gaming,UCU6rzwplmMBhl638S01zmVw,2026-03-14T06:08:46Z,"Please Like And Sub For More Videos

For Gta 5 mods I use in my videos 👇

Licensed by GTA5OPMOD
Mod by https://gta5opmod.com

Licensed by G5mods.com
Mod by https://g5mods.com

Licensed by GTA5MODX.com Mod by 
https://gta5modx.com/

Mods Factory
www.modsfactory.in

Thanks For Watching

kl fun gaming

gta 5

gta v

franklin

gta 5 malayalam

kl fun gaming gta 5

franklin malayalam

shin-chan shin-chan

shin-chan

kl fun gaming 2.0

shinchan

gta v malayalam

shinchan malayalam

shiva malayalam

sh",20,Gaming,PT12M33S,45020,0,24,https://i.ytimg.com/vi/4gBri7rBvWE/hqdefault.jpg,,2026-03-15T09:32:11.507319
ITqbCDjqEEo,#Video | पिया गैसवा लाई द ना | #Khesari Lal Yadav | Piya Gaswa Lai Da Na | Bhojpuri Viral Song 2026,Sukoon Bhojpuri,UClL0evDac9AXgFOnCPHoUfg,2026-03-12T11:53:25Z,"#Video | पिया गैसवा लाई द ना | #Khesari Lal Yadav | Piya Gaswa Lai Da Na | Bhojpuri Viral Song 2026

Album :- Piya Gaswa Lai Da Na
Song :- लहंगा में मीटर 2
Singer :- Khesari Lal Yadav & Shilpi Raj
Lyrics :- Krishna Bedardi
Music :- Vinay Vinayak
Composer :- KRK Yadav
Feat :- Khesari Lal Yadav & Raksha Gupta
Director & Choreographer :- Lakkie Vishwakarma
Di :- Rohit Singh
► Trade Enquiry :- 9958736399
► Label/Company :- Sukoon Bhojpuri
This channel is owned and operated by Angle Music Video Pvt. ",10,Music,PT3M52S,339494,11453,69,https://i.ytimg.com/vi/ITqbCDjqEEo/hqdefault.jpg,Sukoon Bhojpuri|piya gaswa lai da na|khesari lal yadav|khesari lal new song 2026|gaswa lai da na|piya gaswa|gas wala bhojpuri song|khesari lal ke gana|khesari lal song 2026|piya gaswa lai da viral song|latest khesari lal gas song|khesari lal latest bhojpuri song 2026|bhojpuri gana|gas cylinder bhojpuri song|gas|gaswa lai da|khesari lal bhojpuri song new|gas khatam|gas ke liye katar|gas nahi milne pe|bharat me gas ka kami|gas silender khatam|gas pm modi,2026-03-15T09:32:11.507319
cnoteu1qRzk,CAN I STOP THIS TRAIN | GTA V GAMEPLAY,kG Empire,UCJiX89FLmIiWKHAL42aKW2w,2026-03-14T12:05:19Z,"BABY IN YELLOW
Welcome to the Ultimate Minecraft Live Guide! In this comprehensive video, we’ll dive deep into the vibrant world of Minecraft, offering you expert tips and strategies to build, explore, and survive like a pro. Whether you're a beginner or a seasoned player, our guide covers everything you need to know to enhance your gameplay experience.

🌍 *Explore New Biomes*: Discover the secrets of each biome, from lush jungles to arid deserts, and learn how to adapt your strategies to thrive",20,Gaming,PT1H20M,360683,1255,0,https://i.ytimg.com/vi/cnoteu1qRzk/hqdefault.jpg,minecraft|Minecraft Building|Minecraft Tips|Minecraft Live Stream|minecraft live|Minecraft Mods|Minecraft Tricks|minecraft mod|minecraft challenge|Minecraft Survival|minecraft but|minecraft meme|Minecraft Redstone|minecraft update|Minecraft Multiplayer|Minecraft Gameplay|Minecraft Challenges|minecraft building ideas|Minecraft Updates|Minecraft Tutorial,2026-03-15T09:32:11.507319
0SScKYxRgOo,"#Khesari Lal Yadav Birthday Song | बघवा के जन्मदिन हs ऐ भाई ❤️ | Akhilesh Kashyap , Shilpi Raj 🤟",Annapurna Films,UCY26pVlcGOQADWohxAqlQow,2026-03-14T12:03:31Z,"► Subscribe Now :- https://shorturl.at/goOX8

►Album :-  Baghwa Ke Janmdin H Ae Bhai
►Song :-  Baghwa Ke Janmdin H Ae Bhai
►Singer :- Akhilesh Kashyap , Shilpi Raj
►Lyrics :- Akhilesh Kashyap , Mannu Sahu , Anil Bihari 
►Music Director :-  Vicky VOX
►Composer :- Adarsh Singh 
►Manager :- Amit Pandey (9128656951)
►Producer :- Akhilesh Kashyap
►For Trade Enquiry : 8809979842 
►Digital  :- Happy Singh, Chandan Kumar
►Exclusive Distribution Partner : Global Music Junction PVT. LTD
►Company/ Label :-",10,Music,PT3M48S,86414,22259,1451,https://i.ytimg.com/vi/0SScKYxRgOo/hqdefault.jpg,khesari lal|khesari lal yadav|akhilesh kashyap|shilpi raj|khesari lal birthday song|khesari lal birthday celebration|khesari lal birthday|shilpi raj khesari lal|khesari lal ka birthday song|khesari lal happy birthday song|khesari lal yadav ka gana|khesari lal yadav bhojpuri song|birthday song|birthday song khesari lal|birthday ka gana khesari lal ka|happy birthday song|Baghwa Ke Janmdin H Ae Bhai|khesari lal ka birthday wala gana|birthday song shilpi raj,2026-03-15T09:32:11.507319
R6SKrsd0s0g,LIVE 🛑 GTA V SUPERCAR SPEED TEST  #gta5 #gaming #gtav,Hear Is Live,UCuVUKYdrxPMO80uehUN17PA,2026-03-14T09:24:03Z,"#livestream 
#livenews 
#grannylivestream 
#horrorgaming 
#horrorlivegames
#granny3  

#grannychaptertwohighlights 
#grannyhighlights 
#grannyfunnymoments 
#grannyshorts
#grannyboatescape 
#grannycarescape 
#grannygameplay 
#grannygamer 
#grannyfunnymoment  
#grannyhorrorstory 
#grannyhindi
#grannytechnogamerz   
#grannylive
#🔊#shortsfeed 
#granny2 
#granny 
#li#granny    


Granny techno gamerz 
granny live insaan 
granny bbs
granny beastboyshub 
Granny live 
granny game live 
granny gameplay 
",20,Gaming,PT1H30M3S,847406,5374,3,https://i.ytimg.com/vi/R6SKrsd0s0g/hqdefault.jpg,,2026-03-15T09:32:11.507319
03Rmrk4RsjQ,छठ पूजा व्रत गीत 2026 || अऊटल दूधवा ए दीनानाथ गईले हो सेराई ||kiran maurya Chhath Puja Vrat Geet,Madhur Music Geet,UCyj19v5zA4W3TS5Z9yFG5BA,2026-03-13T02:05:12Z,"@MadhurMusicGeet 
छठ पूजा व्रत गीत 2026 || अऊटल दूधवा ए दीनानाथ गईले हो सेराई ||kiran maurya Chhath Puja Vrat Geet
#Chhath_Puja_Geet #Chaiti_Chhath_Puja_Geet #Paramparik_Chhath_Geet #Anshu_Priya_Chhath_Geet 
#Chhath_Puja_Geet #Chaiti_Chhath_Puja_Geet 
#Paramparik_Chhath_Geet #Susmita_Paswan_Chhath_Geet 
#Chhath_Puja_2023 #Chhath_Vrat_Geet #video #shorts #viral 
#Chhath_Puja_Vidhi #छठ_पूजा_की_विधि #Chaiti_Chhath_2023",10,Music,PT18M58S,52564,178,2,https://i.ytimg.com/vi/03Rmrk4RsjQ/hqdefault.jpg,Chaiti Chhath Puja Geet|Chaiti Chhath Puja Vrat Geet|Parampaprik Chhath Geet|Susmita Paswan Chhath Geet|Vivah Geet|New Shadi Vivah Geet|Beti Vidai Geet|Beti Vivah|Bhojpuri Video|Bhojpuri Vivah|Bhojpuri Video Song|New Song|Video|Susmita Paswan Paramparik Chaiti Chhath Puja Vrat Geet|80 Kosh Me Suruj Baba Ke Ghatiya|Chaiti Chhath|Anita Siwani|Anshu Priya Chhath Geet|80 कोस में सुरुज बाबा के घटिया|अऊटल दूधवा ए दीनानाथ गईले हो सेराई|madhur music geet,2026-03-15T09:32:11.507319
AT1ZwK5HKVA,Dangerous Roads in the Worlds - Euro Truck Simulator 2,ALICE STREAM,UCTf60G31G3jXZNumLECF6tA,2026-03-14T10:19:26Z,"Dangerous Roads in the Worlds - Euro Truck Simulator 2

 

#automobile #extremeroad #dangerousdriving 
Link Donate Sociabuzz : https://sociabuzz.com/sriwahyuni69/tribe
Link Donate Saweria : https://saweria.co/sriwahyuni69",20,Gaming,PT1H3M6S,481618,1971,0,https://i.ytimg.com/vi/AT1ZwK5HKVA/hqdefault.jpg,,2026-03-15T09:32:11.507319
e7_q-NpME0A,#Video- नाच ठुमका पर | #Raushan Roh & #Srishti Bharti | Thumka Par Jhumka #Maghi New Song 2026,Raushan Rohi Film,UCc3t0aPXBdI_ZnEShunMwxQ,2026-03-13T01:00:46Z,"#Video- ठुमका पर झुमका | #Raushan Roh & #Srishti Bharti | Thumka Par Jhumka #Maghi New Song 2026

Nach Nagin Jaisan | नाच नागिन जैसन | #Raushan Rohi & #Khushi Kakkar |  | New #Maghi Song 2026

➤ Album : ठुमका पर झुमका
➤ Singer : Raushan Roh & #Srishti Bharti
➤ Lyrics : Ayush Raj Singh
➤ Music :
►Manager :- Bittu Singh 
➤ Mix Master :Ankit Ahir 
➤ Video : 
➤ Producer : 
➤ Trade Enquary : 
👨‍💻Company/Label :-
---------------------------------------------------------------------------
➤Digital Head",10,Music,PT25M39S,137059,1158,16,https://i.ytimg.com/vi/e7_q-NpME0A/hqdefault.jpg,नाच नागिन जैसन|Nach Nagin Jaisan|Raushan Rohi & Khushi Kakkar|Raushan Rohi Song|nacha nagin|nache nagin jaisan gana|nach nagin jaisan|nach nagin jaisan raushan rohi|nach nagin jaisan Video|nach ke patarki nagin jaisan video gana|Raushan Rohi|raushan rohi|raushan rohi new song|raushan rohi ke gana|raja rangdar|thumka par jhumka|aarti music world|magahi song|up bihar lootne|Dumka Par Jhumka|Dumka Par jhumka raushan rohi|dumka par jhumka song,2026-03-15T09:32:11.507319
wyKNY1_HnTc,"Countries Decide Who Wins $25,000",MrBeast Gaming,UCIPPMRA040LQr5QPyJEbmXA,2026-03-14T16:00:05Z,"I can’t believe who they chose

This might be the coolest thing we've ever made! Go check out the new Feastables x Super Mario Galaxy Movie products at Kroger, 7Eleven, Five Below, and Walmart locations nationwide 🚀 https://fstbls.com/5mj6dv

We invited a bunch of countries and nations across the world to decide who should win $25,000 based off those that typically compete in the Olympics. However, we did accidentally label SpeedSilver as United Kingdom when we meant to have him as England, sorr",20,Gaming,PT25M8S,3515305,148954,23260,https://i.ytimg.com/vi/wyKNY1_HnTc/hqdefault.jpg,,2026-03-15T09:32:11.507319
pLNyLwjTnxU,कसा येऊ येडू डोंगर चढून | Kasa Yeu Yedu Dongar Chadun | Rushab Hatkar | Yedamai Song | SK Brothers ,SK Star Music Company,UCIwwqDnKjzqKp-n9R5HznnA,2026-03-13T11:29:35Z,"कसा येऊ येडू डोंगर चढून | Kasa Yeu Yedu Dongar Chadun | Rushab Hatkar | Yedamai Song | SK Brothers 

 निर्माता - मंगल ताई जाधव 

 गीत - कुलदीप जाधव 

गायक - वृषभ हाटकर 

 संगीत - कुलदीप सचिन 

 रेकॉर्डिंग - SK Recording Studio 

Instagram I'd Follow Now 👇
https://www.instagram.com/kuldip_sk?i...
https://www.instagram.com/sk_star_mus...



का ग अचानक हे येडू आलंया घडून 
 कसा येऊ येडू तुझा डोंगर चढून.. धृ 

 असं होईल माय म्हणून कधी आलाच नाही उरी 
 नीट होतो तवा गड चढलो गं तुला घेऊन डोक्यावरी 
 तुझ्",10,Music,PT5M14S,47629,4113,268,https://i.ytimg.com/vi/pLNyLwjTnxU/hqdefault.jpg,,2026-03-15T09:32:16.180588
hgYbfdjIG-A,Upgrading POOR SPIDERMAN to RICHEST SPIDERMAN $999999 in GTA 5,TheLoudDude,UCS8uIXvlSK3HtC0p0VIWyTQ,2026-03-13T07:50:57Z,"Upgrading POOR SPIDERMAN to RICHEST SPIDERMAN $999999 in GTA 5

Don't forget to leave a Like, Comment and Favorite, helps out a lot!!

FOLLOW, LIKE AND JOIN ME ON:

Instagram - https://www.instagram.com/95dheerajkumawat/
                      https://www.instagram.com/thelouddude/",20,Gaming,PT23M15S,266149,3435,51,https://i.ytimg.com/vi/hgYbfdjIG-A/hqdefault.jpg,1$ vs 100000$ hulk suit|rich vs poor iron man|gta 5 mod|gta v|grand theft auto 5|gta $1|funny gta 5 moments|gta 5 funny mods|gta 5 mods|gta 5|spiderman|spider man gta 5|hulk gta 5 mod|hulk gta|iron spider|simply chris|simple chris|$1 gta|1 dollar hulk suits|1 million dollar hulk suits|upgrading hulk in gta 5|spiderman suits in gta 5|1 million dollar spiderman suits|rich spiderman|rizz spiderman|richest spiderman|$999999 spiderman,2026-03-15T09:32:16.180588
jr4JX3Y12zQ,#video || बाज के शिकार ना होवे || Sanjay Yaduvanshi | Shilpi Raj | Sanjay Sultanpuriya,Shujay Dhamaka Videos,UCN9Vx7kyFw1yxFtqan-6OSg,2026-03-11T00:30:51Z,"► Album :- बाज के शिकार ना होवे
► Song :- Baaj Ke Shikar Na Hove
► Singer :- Sanjay Yaduvanshi & Shilpi Raj
► Lyrics :-  Sanjay Yaduvanshi 
► Music Director :-  Rahul Rocky
► Composer :- Sanjay Yaduvanshi
► Dop - Lalchand Nishad
► Editor - Lalchand Nishad 
► D.I - Rohit Singh
► Mixing and Recording - Nitin Gupta
► Poster - VishwakarmaB Tech
► Digital Head :- Vicky Yadav",22,People & Blogs,PT3M29S,123918,683,12,https://i.ytimg.com/vi/jr4JX3Y12zQ/hqdefault.jpg,sanjay yaduvanshi|sanjay sultanpuriya|sanjay sultanpuriya song|sanjay sultanpuriya new song|sanjay sultanpuriya new song 2026|sanjay yaduvanshi new song 2026|sanjay yaduvanshi new hit song 2026|sanjay yaduvanshi dj|new sanjay yaduvanshi|sanjay yaduvanshi gana|sanjay yaduvanshi song|sanjay yaduvanshi songs|sanjay yaduvanshi latest|sanjay yaduvanshi ka gana|sanjay yaduvanshi song dj|कबूतर से बाज के शिकार ना होवे|Kabutar Se Baaj Ke Shikar Na Hove,2026-03-15T09:32:16.180588
1p1jaU85omE,NRG vs. PRX — VALORANT Masters Santiago — Lower Finals,VALORANT Champions Tour,UCA1d3HFGFUmkKr2JIUA5Vlw,2026-03-14T21:29:18Z,"From February 28th to March 15th, the world’s top VALORANT teams will battle at Masters Santiago, the first global event of the 2026 VALORANT Champions Tour. Twelve teams qualified through Stage 1 tournaments of their respective regional leagues, will compete for Championship Points and a chance to advance toward Champions Shanghai.

We’re proud to work with our fantastic partners throughout 2026: AWS, Coinbase, EWC, Globant, HyperX, Mastercard, OMEN, Red Bull, Secretlab, and Verizon.

Make sure",20,Gaming,PT4H50M45S,1119507,17157,63,https://i.ytimg.com/vi/1p1jaU85omE/hqdefault.jpg,valorant|vct|valorant champions tour|valorant vod|valorant gameplay|valorant montage|valorant highlights|valorant esports|valorant esports highlights|valorant pro gameplay|yt:cc=on,2026-03-15T09:32:16.180588
-deXMxYNZT0,Nas Nas Kyu Dukhei | पिया मेरी नस नस दुखे | Anjali Raghav॥ Karan Chaudhary | Brij Bhasha Song 2026,Sargam Digital ,UCQQ-QbakzLB_3Pj2vETafBg,2026-03-11T13:20:33Z,Nas Nas Kyu Dukhei | पिया मेरी नस नस दुखे | Anjali Raghav॥ Karan Chaudhary | Brij Bhasha Song 2026,10,Music,PT6M,109886,369,8,https://i.ytimg.com/vi/-deXMxYNZT0/hqdefault.jpg,,2026-03-15T09:32:16.180588
IqicSKZ32fQ,🔴 FREE FIRE LIVE👻GARENA FREE FIRE💀GUILD TEST LIVE !! GAMING NINJA #fflive #shortslive #ff #shorts,NINJA TIME,UCNa-12YIScayXb6ZO34McPA,2026-03-14T18:29:32Z,"#freefireâ€‹ #totalgamingâ€‹ #hackervsproplayersâ€‹
Free Fire Top Country
1.Garena Free Fire Indonesia Live
2.Garena Free Fire Brazil Live
3.Garena Free Fire Brasil Live
4.Garena Free Fire India Live
5.Garena Free Fire Singapore Live
6.Garena Free Fire Thailand Live
#Twoâ€‹ side gamer 
#tsgarmyâ€‹
#Bestcollectioninfreefireâ€‹
#freefirecollectionversusâ€‹
#twosidegamersâ€‹
#Recommendationsâ€‹ 
#Suggestionsâ€‹ 
#amitbhaiâ€‹
#desigamerâ€‹
#NoobPrankâ€‹
#1vs4Challengeâ€‹
#GrandMasterâ€‹
#Badge99â€‹
",20,Gaming,PT9H35M20S,650938,6098,2,https://i.ytimg.com/vi/IqicSKZ32fQ/hqdefault.jpg,NNINJATIME|SHORT|SHORTS|SHORT FEED|FREE FIRE|FREE FIRE LIVE|TGR NRZ|1VS4|4V4|2BGAMER|TOTAL GAMING|GYAN GAMING|RAISTAR|FREE FIRE SHORTS|NONSTOP GAMING|B2K|LIVE|SONG|WHATSAPP STATUS|Rank gameplay|Rankpush|Grandmaster|Gold to grandmaster,2026-03-15T09:32:16.180588
68Lv7206qMk,सदाबहार पुराने फिल्मी गाने | Hindi Filmi Gaane | All Time Hit Songs | हिंदी फ़िल्मी नगमें | Old Songs,Shruti Bhajan Ras,UC1JYg0PN2orAobA5S0CgEjA,2026-03-07T04:56:59Z,"सदाबहार पुराने फिल्मी गाने | Hindi Filmi Gaane | All Time Hit Songs | हिंदी फ़िल्मी नगमें | Old Songs

* चल सन्यासी मंदिर में 
* फिरकी वाली तू कल फिर आना 
* शीशी भरी गुलाब की 
* बिंदिया चमकेगी 
* कोई शहरी बाबू 
* मैं जट यमला पगला दीवाना 
* चना जोर गरम 
* पूछे जो कोई मुझसे 
* आने से उसके आये बहार 
* अठरा बरस की तू होने को आई 
* मुझे इश्क है तुझी से 
* तुमने किसी की जान को 
* तारीफ करु क्या उसकी 
* कितनी जवां हैं जिंदगी 
* ये तेरी सादगी 
* दिल खुश है आज 
* दिल बेक़रार सा हैं 
* हमी से मोहब्बत, हमी स",10,Music,PT1H31M59S,181064,973,11,https://i.ytimg.com/vi/68Lv7206qMk/hqdefault.jpg,old hindi songs|purane gane|sadabahar geet|old is gold songs|bollywood old songs|classic hindi songs|old hindi jukebox|lata mangeshkar songs|mukesh songs|kishore kumar hits|manna dey songs|hemant kumar songs|geeta dutt hits|retro bollywood songs|old movie songs|bollywood classics|nostalgic hindi songs|vintage hindi songs|70s bollywood songs|80s hindi hits|90s evergreen songs|retro jukebox|hindi old melodies|sad old hindi songs|romantic old songs,2026-03-15T09:32:16.180588
8b5EXP7xyJo,FRANKLIN BECOME VERY FAMOUS IN GTA 5 🤩,GAME THERAPIST,UCQsgVjy3F_FcqZjHySGh1SA,2026-03-13T13:16:58Z,"GTA 5 : Finally Franklin Becoming The Most Famous Celebrity..😍🔥(ENDING)
Instagram : https://www.instagram.com/game_therapist_yt
                   
Other channel :  @RealGT @gtplusyt @GameTHerapistRoblox 

DISCORD : https://discord.gg/zxF4TBH

































































Watch some intense gta 5 gameplay as Franklin navigates the urban environment. Our player reacts to the in-game events, including the financial accounting transactions for Franklin Clinton. Th",20,Gaming,PT19M27S,87285,5480,385,https://i.ytimg.com/vi/8b5EXP7xyJo/hqdefault.jpg,gta 5 malayalam|game therapist|gta 5 GameTherapist|gta 5|GTA 5 : Franklin Becoming The Most Famous Celebrity..😍🔥|gta 5 roleplay|i busted 20 myths in gta 5..!! malayalam|franklin gta 5|gta 5 franklin celebrity|gta 5 franklin becoming famous|gta v franklin story|gta 5 celebrity mod|gta 5 franklin lifestyle|gta 5 new story|gta 5 luxury life|gta v mods|gta 5 funny gameplay|gta v franklin mod|gta 5 rich lifestyle mod|game therapist gta 5,2026-03-15T09:32:16.180588
VKRHvqDvUDI,#Video | गूगल बता दो खुश रहने की दबाई | Google Bata Do Khush Rehne Ki Dawai | New Hindi Sad Song,Cine Films Bhojpuri,UC_r4CRpNzuSBsF3N3BKfNwg,2026-02-27T09:59:55Z,"#Video | गूगल बता दो खुश रहने की दबाई | Google Bata Do Khush Rehne Ki Dawai | New Hindi Sad Song 2026

►Album :- गूगल बता दो खुश रहने की दबाई
►Song :- Google Bata Do Khush Rehne Ki Dawai
►Singer :-
►Lyrics :-  
► Music Director :- 
►Mix Master :- 
►Composer :- 
►Director :- 
►Producer :- 
► Company/Label - Cine Films Bhojpuri
►Trade Enquiry No - 
_________________________________________________________________
► Digital Head - Deepu Singh 6200214327
_____________________________________________",10,Music,PT6M11S,396875,3240,104,https://i.ytimg.com/vi/VKRHvqDvUDI/hqdefault.jpg,गूगल बता दे खुश रहने की दवाई|google bata do khush rahane ki davas song|googal bata do khush rahne ki dawa song|google bta do khush rahne ki dawai song|google bata de khush rehne ki dawai song|google bata de khush rahane ki dawai gana song|Google bata do song|Google bata do khush song|Google bata do khush rehne song|Google bata do khush rehne ki song|Google bata do khush rehne ki dawai song,2026-03-15T09:32:16.180588
13kxSCpDHkQ,"FINALLY BOUGHT MOST LUXURY HOUSE IN LOS SANTOS! - $799,000,000 🤑 GTA 5 REA LIFE",Dattrax Gaming,UCJD5R47XWLmJ7nn18T2ZW4w,2026-03-13T04:30:00Z,"MICHAEL MEETING WORLD’S MOST DANGEROUS MAFIA!😱 GTA 5 Real Life #8 
OMG! I GOT KIDNAPPED in GTA 5 Real Life!😱
BIGGEST ROBBERY EVER IN THE LOST SANTOS in GTA 5 Real Life!
FINALLY I GOT A NEW JOB in GTA 5 Real Life World! 😍 #2
My First Day in GTA 5 Real Life World! 🚀 #1
WELCOME to GTA 5 REAL LIFE World! 🔥 | Part 1
Starting My Real Life Journey in GTA 5! 🌆 #1
GTA 5 REAL LIFE Gameplay – EPIC START! | Episode 1

Subscribe to our Other YouTube Channels

https://www.youtube.com/@Dattraxplays
https://www",20,Gaming,PT1H25M41S,546138,22255,1878,https://i.ytimg.com/vi/13kxSCpDHkQ/hqdefault.jpg,techno gamerz|dattrax gaming|GTA|GTA 5|GTA ONLINE|PC|gta 5 gameplay|gta v hindi gameplay|gta 5 funny moments|gta 5 wins|gta 5 lamborghini|gta 5 stealing supercar|gta 5 stunts|gta 5 thug life|grand theft auto v|gta v online|gta 5|gta 5 epic moments|gta v funny moments|awesome gta 5 stunts|best moments|techno gamerz gta 5|gta 5 techno gamerz|gta 5 techno gamerz new video|techno gamer gta 5|techno gamerz gta 5 gameplay|techno gamerz gta v,2026-03-15T09:32:16.180588
sCuLojys0n4,Asla - Watan Sahi [Official MV] Latest Punjabi Song - K Million Music,K Million Music,UC_qyFMD-OxxAbWOU2WDQdAA,2026-03-13T10:57:39Z,"K Million Music & GurNav Production House is proud to release “Asla“ Song

Streaming Now:
Spotify: https://open.spotify.com/track/2evIekFZQjJZJSetzjUBgA
Apple: https://music.apple.com/in/album/asla-single/1883713410
Jiosaavn: https://www.jiosaavn.com/song/asla/Jgo6aTVabUU
YT Music: https://music.youtube.com/watch?v=UidUOXuSJVU
Amazon: https://music.amazon.in/albums/B0GRHY183G
Reel: https://www.instagram.com/reels/audio/1716111179358598/
Soundcloud: https://soundcloud.com/watansahi-scmusic/asla

",10,Music,PT2M12S,1089700,25267,2209,https://i.ytimg.com/vi/sCuLojys0n4/hqdefault.jpg,K MILLION MUSIC|New punjabi songs|New latest songs|New punjabi song 2026|Watan sahi|Trending punjabi songs|New song|New song 2026|Bore|new punjabi song 2026|trending punjabi songs|watan sahi new song|latest song 2026|punjabi folk songs|pop music|punjabi pop song|trending songs|punjabi pop|latest songs 2026|new songs 2026|trending songs 2026|punjabi new song|new songs|watan sahi|punjabi hip hop|punjabi song|asla watan sahi|watan sahi asla,2026-03-15T09:32:16.180588
4nU9DqNCatI,"ROBLOX WOULD YOU RATHER, But it Actually Happens...",Nooblox ,UCQkmWOm-nxRNk0JbInpIkLw,2026-03-13T09:30:05Z,"➤ This is Official Noobmaster Roblox channel so Please Don't Forget to Subscribe for More Roblox Videos 🤗

➤ My Roblox Profile: https://www.roblox.com/share?code=e637ec2f8218724c85017ae13ee9325c&type=Profile&source=ProfileShare&stamp=1760266097488

➤ Instagram: https://instagram.com/noobmasterwastaken

➤ For Business enquiries: contactnoobmaster@gmail.com

➤ My other Channels @NOOBMASTERYT2.0                @noobmastervideos",20,Gaming,PT20M46S,74791,4744,214,https://i.ytimg.com/vi/4nU9DqNCatI/hqdefault.jpg,,2026-03-15T09:32:16.180588
0EfKv6VIHBM,"पापमोचिनी एकादशी व्रत कथा | चैत्र मास एकादशी | Ds Pal | Papmochini Ekadashi Katha,Ekadashi Katha New",Sonotek Bhakti,UC3oQ1986eLZ4MhyPBiu54PA,2026-03-14T22:30:00Z,"▶Subscribe: https://www.youtube.com/c/SonotekBhakti
पापमोचिनी एकादशी व्रत कथा | चैत्र मास एकादशी | Ds Pal | Papmochini Ekadashi Katha,Ekadashi Katha New

To Get Daily Bhajan Updates Join Our Whatsapp Channel : https://whatsapp.com/channel/0029Vag51SI4tRrlB52f791U
 
पापमोचनी एकादशी (चैत्र कृष्ण पक्ष) व्रत करने से जाने-अनजाने में किए गए सभी पापों, कष्टों और दोषों का नाश होता है। भगवान विष्णु (लक्ष्मी नारायण) की पूजा से जीवन में सुख, शांति, समृद्धि आती है और साधक को सद्गति व मोक्ष प्राप्त होता है। ",10,Music,PT25M44S,14450,527,37,https://i.ytimg.com/vi/0EfKv6VIHBM/hqdefault.jpg,पापमोचिनी एकादशी व्रत कथा|Papmochini Ekadashi Katha|Ekadashi Katha New|पापमोचिनी एकादशी|papmochini ekadashi 2026|2026 papmochi ekadashi story|papmochini|ekadashi kata|papmochani ekadashi vrat ki katha|papmochani ekadashi vrat katha,2026-03-15T09:32:16.180588
JeI2SpMX62A,VALO NOW BGMI DONE - #iQOO #iQOOZ11x,Snax Gaming,UCQfBN7Ut5TiZJAhMo_Rgfyw,2026-03-14T12:58:59Z,"As you guys know the drill like, comment and subscribe.

Instagram - https://www.instagram.com/snaxgaming/

Discord - https://discord.gg/RXQEmY2UdB

Fb - https://www.facebook.com/SnaxGamingBGMI/

Twitter - https://twitter.com/snaxgamingg/statu...

Managed by  8bit Creatives - https://www.instagram.com/p/CQAxc5On2

Business email - snax@8bitcreatives.in

Streamer at - s8ul.esports

#snaxgaming",20,Gaming,PT5H12M39S,182003,11859,16,https://i.ytimg.com/vi/JeI2SpMX62A/hqdefault.jpg,pubg|bgmi|battlegroundsmobileindia|snax|snaxgaming|livestream|zeherburst|bgmilive|bgmigameplay|crate|crateopening|skins|bgmiskins|pubgskins|BGMILIVE|pubglive|s8ul|s8ul snax|pubg mobile|bgmi india|bgmi is back|xsuit,2026-03-15T09:32:16.180588
BWFr1xlkgL0,Lutt Le Gaya - 8K Video | Dhurandhar | Ranveer Singh | Akshaye Khanna | Shashwat Sachdev,Saregama Music,UC_A7K2dXFsTMAciGmnNxy-Q,2026-03-12T07:41:37Z,"Experience Lutt Le Gaya in stunning 8K, a hard-hitting song sung and written by Simran Choudhary with striking music by Shashwat Sachdev.

👉 Subscribe to Saregama Music: https://bit.ly/3FkAS0W

Credits:
Jio Studios Presents
A B62 Studios Production

An Aditya Dhar Film
DHURANDHAR

Written, Directed and Produced by: Aditya Dhar
Produced by: Jyoti Deshpande
Produced by: Lokesh Dhar

Cast: Ranveer Singh, Sanjay Dutt, Akshaye Khanna, R. Madhavan, Arjun Rampal, Sara Arjun

A Shashwat Sachdev Musical
",10,Music,PT2M5S,479053,10165,291,https://i.ytimg.com/vi/BWFr1xlkgL0/hqdefault.jpg,Lutt Le Gaya|Lut le gaya|Ho mainu lutt le gaya|lut le gaya dhurandhar|lut le gaya dhurandhar song video|lut le gaya simran choudhary|simran choudhary dhurandhar song|akshay khanna entry in dhurandhar|akshay khanna dance in dhurandhar|akshaye khanna lut le gaya|akshaye khanna assalamualaikum lyari|aari aari aari|AARI AARI|Dhurandhar The Revenge - Aari Aari|Bombay Rockers|shashwat sachdev dhurandhar|dhurandhar the revenge|aaja ve aaja|aaja ve aaja dhurandhar,2026-03-15T09:32:16.180588
wLb1LeeCCDk,Minecraft But You Can Go Inside Mobs Head....,Flame playz,UCW3Sbu9ZFb2g2thct6mZlXA,2026-03-14T09:30:25Z,"Minecraft But You Can Go Inside Mobs Head....

Follow Me Guys  : https://www.instagram.com/mc_flame01/

#Minecraft #MinecraftBut #MinecraftChallenge #mcflame #flameplayz",20,Gaming,PT23M4S,111929,1750,89,https://i.ytimg.com/vi/wLb1LeeCCDk/hqdefault.jpg,Minecraft But You Can Go Inside Any Mob|minecraft|mcflame|proboiz|anshubisht|Minecraft But You Can Go Inside Mob Head....|minecraft but mod|inside mob minecraft,2026-03-15T09:32:16.180588
Qlw_10n1LmQ,Teri Yaadon Ki Chadar Odhe Official Video Dil Ne Tera Naam Liya #bollywood #hindisong #2026,Khan Brothers ,UCJBAQnpAAY97HqROg56CAEw,2026-03-12T10:30:16Z,"Teri Yaadon Ki Chadar Odhe (Official Video ) (Dil Ne Tera Naam Liya) || Romantic Bollywood Hits Song 2026
Dil Ne Tera Naam Liya 2.0 💞 90s Bollywood Romantic Vibe | Soulful New Version

Song - Teri Yaadon Ki Chadar Odhe


तेरे बिना सूना है जहाँ, तेरे बिना तन्हा है दिल,
तेरे बिना हर धड़कन में, बस गूँजता है तेरा सिलसिला।
तेरी यादों की चादर ओढ़े, हर रात गुज़र जाती है,
तेरी तस्वीर आँखों में, फिर भी आँखें भीग जाती हैं।

दिल ने तेरा नाम लिया, हर साँस ने तेरा नाम लिया… (2)

तेरे होंठों की मुस्कान में, म",10,Music,PT6M53S,78686,292,6,https://i.ytimg.com/vi/Qlw_10n1LmQ/hqdefault.jpg,Gurjar Wati Gaal|Gurjar Rasiya|Rasiya|New gurjar rasiya|Meena Song|Meena Geet|Meena uchata geet|Rajasthani Song|Marwadi Song|Bhupendra khatana|Bhupendra khatana ke rasiya|Veersingh Banota|Veersingh Banota Ke Gane|Singer lovekush dungri|Shankar Bidhudi Song|Singer love star|कोना बैठो बुलट पे लाओ काली थार,2026-03-15T09:32:16.180588
E7EjQnercNA,iQOO Pro Series WATCHPARTY #iQOO #iQOOZ11x,SID,UC5DKK8zzpG7dt8FLEzT_mnw,2026-03-14T19:09:18Z,"Join this channel to get access to perks:
https://www.youtube.com/channel/UC5DKK8zzpG7dt8FLEzT_mnw/join

Follow sid on - 

Instagram - https://www.instagram.com/s8ul.sid/

Twitter - https://twitter.com/therealsidjoshi

Business inquiries - sid@8bitcreatives.in",20,Gaming,PT2H52M14S,176083,12972,15,https://i.ytimg.com/vi/E7EjQnercNA/hqdefault.jpg,,2026-03-15T09:32:16.180588
NQMLsNSgfY4,RAWME HOODA - ILLUSION | OFFICIAL MUSIC VIDEO | NEW HARYANVI DESI HIP HOP SONG,RAWme Hooda,UCGByLIXv-_JMjW2xUwC9mmA,2026-03-13T04:30:01Z,"Raw desi hip-hop vibes, illusions of fame, power, and street reality !

Presenting Rawme Hooda New Song ILLUSION - Official Music Video

Subscribe & Follow for more updates: 
YouTube: https://www.youtube.com/@rawmehoodamusic
Instagram: https://www.instagram.com/rawme_hooda/

Song Credits:
Title: ILLUSION 
Singer/Lyricist/Composer: Rawme Hooda
Music: Riyaazi & Nishael
Sound Engineer: D Chandu 

Video Credits:
Director: Nishit Basumatary 
Dop: Kaalp'Nik & Navjot Baidwan
Edit: Channi (Take13films)
",10,Music,PT4M18S,146341,12515,786,https://i.ytimg.com/vi/NQMLsNSgfY4/hqdefault.jpg,,2026-03-15T09:32:16.180588
lqbN3LSchio,Driving on the World's Most Dangerous Roads - Euro Truck Simulator 2,ublag gaming,UCCTyEucXr3XcEPx7i6GBRtQ,2026-03-13T18:05:26Z,"Driving on the World's Most Dangerous Roads - Euro Truck Simulator 2

#dangerousroads 
#ets2 
#viral 
#trending 
#gaming 
#eurotrucksimulator2 
#spintiresmudrunner",20,Gaming,PT1H10S,920032,1775,0,https://i.ytimg.com/vi/lqbN3LSchio/hqdefault.jpg,viral|trending|ets|ets2|eurotrucksimulator2|fyp|dangerousroads,2026-03-15T09:32:16.180588
oboq2i6yTuw,"सुनर लईकी Official Video  #Arvind Akela Kallu, #Shilpi Raj  Queen Shalinee  Bhojpuri New Song 2026",Hungama Beats Music,UCCTgvXItvbXWcQ-QtpOH9tA,2026-03-11T04:30:33Z,"सुनर लईकी Official Video  #Arvind Akela Kallu, #Shilpi Raj  Queen Shalinee  Bhojpuri New Song 2026
सुनर लईकी Official Video  #Arvind Akela Kallu, #Shilpi Raj  Queen Shalinee  Bhojpuri New Song 2026
सुनर लईकी Official Video  #Arvind Akela Kallu, #Shilpi Raj  Queen Shalinee  Bhojpuri New Song 2026
सुनर लईकी Official Video  #Arvind Akela Kallu, #Shilpi Raj  Queen Shalinee  Bhojpuri New Song 2026
सुनर लईकी Official Video  #Arvind Akela Kallu, #Shilpi Raj  Queen Shalinee  Bhojpuri New Song 2026
सुनर ",22,People & Blogs,PT3M20S,72434,235,3,https://i.ytimg.com/vi/oboq2i6yTuw/hqdefault.jpg,,2026-03-15T09:32:16.180588
TmMOuypwFPM,Franklin Shinchan Doraemon Found Iron Man Suit  GTA 5 in Telugu,MAHI GAME ZONE,UCWe5nQSJJpXCQ_Rbp32i3-g,2026-03-14T12:03:58Z,"gta v shinchan
gta v shinchan franklin,
gta v shinchan shinchan top
gta v shinchan videos
gta v shinchan shinchan shop
gta v shinchan pinchan
gta v shinchan horror
gta v shinchan shinchan job
gta v shinchan cartoon
gta v shinchan shinchan
gta v shinchan video,
gta v shin chan and shinchan
gta v shinchan and shop
shin-chan franklin new videos
gta v shinchan and pinchan
gta v shinchan 
gta v shinchan and job
gta v shinchan and franklin
gta v shinchan and chop
gta v shinchan aur
franklin and shinch",20,Gaming,PT15M9S,30441,367,2,https://i.ytimg.com/vi/TmMOuypwFPM/hqdefault.jpg,shinchan|gtav shinchan|gtav doraemon|franklin shinchan new videos|franklin videos|gtav new videos|shinchan franklin videos|shinchan gta5|shinchan gta 5|shinchan new video|doraemon and shinchan in gta 5|gtav telugu|franklin videos in telugu|shinchan franklin gtav new videos telugu|franklin shinchan new videos telugu|shinchan franklin telugu new videos|shinchan and franklin new videos telugu|gta5 telugu|shinchan franklin doraemon new videos telugu|Gta telugu,2026-03-15T09:32:16.180588
3N-ShXh6FOI,"Sanam Teri Kasam - 8K/4K Music Video | Harshvardhan Rane | Himesh Reshammiya | Ankit Tiwari, Palak M",Sony Music India,UC56gTxNs4f9xZ7Pa2i5xNzg,2026-03-09T10:30:02Z,"Relive the timeless romance with the stunning 8K/4K music video of ""Sanam Teri Kasam"" from the movie Sanam Teri Kasam. Featuring the heartfelt chemistry of Harshvardhan Rane and Mawra Hocane, this soulful track is beautifully composed by Himesh Reshammiya and sung by Ankit Tiwari and Palak Muchhal.

#sanamterikasam #8k #8kvideo #harshvardhanrane #mawrahocane #ankittiwari #palakmuchhal #himeshreshammiya 

Description:
Song - Sanam Teri Kasam
Singer - Ankit Tiwari, Palak Muchhal
Composer - Himesh ",10,Music,PT3M45S,3068098,18725,226,https://i.ytimg.com/vi/3N-ShXh6FOI/hqdefault.jpg,sanam teri kasam 8k|8k bollywood songs|sanam teri kasam|sanam teri kasam song|sanam teri kasam lyrics|sanam teri kasam movie|harshvardhan rane|mawra hocane|sanam teri kasam har dua mein|sanam teri kasam song lyrics|sanam teri kasam song status|sanam teri kasam all songs|sanam teri kasam full song|sanam teri kasam video songs|himesh reshammiya|ankit tiwari songs|palak muchhal songs|8k music video|stk song|sad hindi songs|sanam teri kasam 8k video,2026-03-15T09:32:16.180588
A-uMOw7f2cs,RUN! Escaping The MOST Dangerous Snake in Roblox! 😱🐍,JENI GAMING 2.0,UC6_hA0J3IiI7midWTbH1ffw,2026-03-14T05:00:15Z,"Thank you for watching 💚 🎀💚
Like💓 Share🔄 and Subscribe♥️ Makkale🙏

Music Name : The Builder
Music Credits : Mr Kevin MacLeod 

That shorts link👇
https://youtube.com/shorts/rUDo1Cvol0Y?si=FpirrKx__vHBX6B4

----------------------------------------------------------------------------------
Follow us on social media 🔊🔊🔊

Facebook:
https://www.facebook.com/bhava.jeni.5

Instagram:
https://instagram.com/jeni_yt?igshid=ZGUzMzM3NWJiOQ==

For YouTube Business💺 - fftamilponnunga@gmail.com

---------------",20,Gaming,PT12M13S,52950,3013,199,https://i.ytimg.com/vi/A-uMOw7f2cs/hqdefault.jpg,roblox|robux giveaway|robux tricks|roblox gameplay|roblox gameplay in tamil|jeni gaming roblox|jeni gaming 2.0 roblox|roblox gameplay jeni gaming 2.0|snake game roblox|snake chase game|jeni gaming|jenni gaming|jenny gaming|robux giveaway tamil|roblox update in tamil|snake game roblox tamil,2026-03-15T09:32:16.186955
z2cttUBaepA,Love Marriage | Shyam Yadav | Sanjana Yaduvanshi | new love song song 2026 emotional song ❤️,SS Real Music,UC7LlS9qbhPn4ejuyJiF3kLg,2026-03-14T12:28:25Z,"Love Marriage | Shyam Yadav | Sanjana Yaduvanshi | new love song #yadavsong  #shyamyadav #harynvisong  #sanjanayaduvanshi 

SS Real Music Presents 
Song :- Love Marriage 
Staring :- Shyam Yadav & Sanjana Yaduvanshi
Singer :-  Moni Hooda & Vikash lohmod 
Lyric:-  Varun gharwala 
Composer:-  Shyam Yadav 
Director :- Shyam Yadav & Naveen David 
Dop/edit/poster :- Naveen David 
management :-Team SS MUSIC 
Didital Partner :- HG Records 
Produced by :- SS Music Company 
Instagram :- https://instagram.",10,Music,PT3M9S,41428,4081,179,https://i.ytimg.com/vi/z2cttUBaepA/hqdefault.jpg,,2026-03-15T09:32:16.186955
hYmoUMSiNOA,I Survived 600 DAYS on the FLAT MAP with $0 ! Here's What Happened!? Farming Simulator 25,Snazzy Zone,UCNqo1u_B5Y9c3DbeBG8zk3A,2026-03-14T02:30:40Z,"I Survived 600 DAYS on the FLAT MAP with $0 ! Here's What Happened!? Farming Simulator 25
Make sure to subscribe to the channel..
#farmingsimulator25  #farmingsimulator #snazzyzone 

Follow me
Instagram - https://www.instagram.com/snazzyzonee
Discord - https://discord.gg/EeqTNvTCHh

Snazzy Zone,
SnazzyZone,
snazzyzone video,
farming simulator 25
farming simulator 25 gameplay,
farming simulator 25 gameplay 4k,
farming simulator 25 release date,
farming simulator 25 gameplay in hindi,
fs25 flat ma",20,Gaming,PT1H12M1S,111209,11461,1445,https://i.ytimg.com/vi/hYmoUMSiNOA/hqdefault.jpg,Snazzy Zone|SnazzyZone|snazzyzone video|farming simulator 25 farming simulator 25 gameplay|farming simulator 25 gameplay 4k|farming simulator 25 release date|farming simulator 25 gameplay in hindi|fs25 flat map series|flat map fs25 hindi fs25 flat map,2026-03-15T09:32:16.186955
tfXIQuBcXjQ,#Video | साड़ी के मोतिया | #Deepak Raj Yadav | #Shrishti Bharti | #Sadi Ke Motiya | New Khortha Song,Ankush Music Entertainment,UCZznDJOLaw_hH8AzffSYyng,2026-03-12T00:45:06Z,"#SadiKeMotiya #Bhaiji  #Shrishti Bharti

⭕Audio/Video Credits :-
#Video | साड़ी के मोतिया | #Bhai Ji | #Shrishti Bharti | #Sadi Ke Motiya | New Khortha Song 2026
Sadi Ke Motiya is a brand new Khortha song 2026 sung by Shrishti Bharti and presented by Bhai Ji. This latest Khortha video song features beautiful music, emotional lyrics and amazing performance. If you love Khortha songs, Jharkhandi songs and regional music, this song will definitely touch your heart.

Listen to the latest Khortha vid",10,Music,PT3M51S,91699,1765,12,https://i.ytimg.com/vi/tfXIQuBcXjQ/hqdefault.jpg,sadi ke motiya|sadi ke motiya song|sadi ke motiya khortha song|bhai ji khortha song|shrishti bharti song|new khortha song 2026|khortha video song|jharkhandi song 2026|khortha gana|khortha song new|sadi ke motiya video song|latest khortha song|jharkhand new song|khortha hit song|khortha music video|bhai ji new song|shrishti bharti khortha song|khortha dj song 2026|khortha viral song|jharkhandi gana|khortha lok geet|khortha trending song,2026-03-15T09:32:16.186955
VfZIDdh7Ve8,GRANNY 1 KHELE 🔥 #shortsfeed #shortslive #chainedtogethergame #shorts #live #wormateio,VISHDEE is LIVE,UC_WIK7O7GKnMJt6a8sap0lA,2026-03-14T23:32:30Z,GRANNY 1 KHELE  & CHOO CHOO CHARLES | #shortsfeed #shortslive #chainedtogethergame #shorts #live #wormateio    #shorts #shortsfeed #shortslive #chainedtogethergame  #verticallivefeed #shortslive #short #newupdate #pubg #pubgmobile #verticallivefeed #verticallivestream  #directorunknown#bgmi #pubg #live #pubgm #explore #trending #yoyohoneysingh#wormate #chaintogether #tombraideredit #chaintogethergame #chaintogetherlive #shortslivestreaming #shortslivegaming #shortstream #livefeedshorts #feedlive,20,Gaming,PT1H49M24S,249587,3500,2,https://i.ytimg.com/vi/VfZIDdh7Ve8/hqdefault.jpg,,2026-03-15T09:32:16.186955
6j0jqPl9jt0,#Video | #Banshidhar Chaudhary Ka Gana | Kam Nai Aitau 112 |  New Randari Song 2026,AYS MUSIC WORLD,UC1n4OMTAv6IE6dxw5ZYWofw,2026-03-09T06:03:14Z,"#Video | #Banshidhar Chaudhary Ka Gana | Kam Nai Aitau 112 |  New Randari Song 2026
#Video | #Banshidhar Chaudhary Ka Gana | Kam Nai Aitau 112 |  New Randari Song 2026
#Video | #Banshidhar Chaudhary Ka Gana | Kam Nai Aitau 112 |  New Randari Song 2026
#Video | #Banshidhar Chaudhary Ka Gana | Kam Nai Aitau 112 |  New Randari Song 2026
#Video | #Banshidhar Chaudhary Ka Gana | Kam Nai Aitau 112 |  New Randari Song 2026",10,Music,PT3M17S,450154,2781,57,https://i.ytimg.com/vi/6j0jqPl9jt0/hqdefault.jpg,kam na aaitau 112 video gana|kam na aaitau 112 banshidhar chaudhary video|banshidhar chaudhary nee video 2026|banshidhar chaudhari rangdari video 2026|banshidhar chaudhary ka naya video 2026|kam na aaitau 112 banshidhar chaudhary video gana|kam na aaitau 112 banshidhar chaudhari hits|ayush telemedia private limited|kam na aaitau 112 banshidhar dj gana|banshidhar chaudhari ka dj gana 2026|banshidhar chaudhari new dj song 2026|kam na aaitau 112 banshidhar|kam na aaitu 112,2026-03-15T09:32:16.186955
ChQpg9JNqUk,Rhea Ripley vs The Rock – Epic Dream Match | WWE 2K25 Gameplay,Deadlyzone2,UC5X0mewSFkAHEP0l3Cm-1Rw,2026-03-14T15:31:56Z,"Rhea Ripley vs The Rock – Epic Dream Match | WWE 2K25 Gameplay

The Nightmare meets The Great One! 🔥 In this epic WWE 2K25 dream match, Rhea Ripley steps into the ring against The Rock in a battle of power, attitude, and dominance. Will Rhea Ripley prove she can defeat one of WWE’s greatest legends, or will The Rock lay the SmackDown and claim victory?

Watch this intense WWE 2K25 gameplay full of powerful moves, finishers, and an unforgettable showdown. Don’t forget to like, comment, and subscr",20,Gaming,PT11H14M6S,513038,1682,0,https://i.ytimg.com/vi/ChQpg9JNqUk/hqdefault.jpg,wwe 2k25|wwe 2k25 gameplay|rhea ripley vs the rock|the rock vs rhea ripley|wwe dream match|rhea ripley wwe 2k25|the rock wwe 2k25|wwe 2k25 dream match|wwe gameplay 2025|wwe matches 2k25|wwe universe mode|rhea ripley vs the rock gameplay|wwe 2k26|roman reigns vs brock lesnar|wwe 2k26 gameplay|roman reigns spear|brock lesnar f5|wwe 2k26 matches|wwe gaming,2026-03-15T09:32:16.186955
6ITRIA3_sOM,Tere Ishq Mein Naachenge | Raja Hindustani | Aamir Khan | Karisma Kapoor | Kumar Sanu | Hindi Song,Best Of Alka Yagnik,UCxARzaKLmhqhqbcWRzsWYsA,2026-03-10T11:30:00Z,"Tere Ishq Mein Naachenge | Raja Hindustani | Aamir Khan | Karisma Kapoor | Kumar Sanu

Song Credits:
Singer(s): Kumar Sanu, Alisha Chinai & Sapna Mukharji
Music Director: Nadeem - Shravan
Lyricist: Sameer
Edit & Gfx : Nadeem Akhtar (Paperboyz Studioz)

Movie Cast & Crew:
Producer: Tips Films, Karim Morani, Ali Morani & Bunty Soorma
Director: Dharmesh Darshan
Cast: Aamir Khan, Karisma Kapoor, Suresh Oberoi, Archana Puran Singh & Johnny Lever

Song Lyrics:
Uff Kya Raat Aayi Hai
Mohabbat Rang Layi ",10,Music,PT6M50S,680610,2159,30,https://i.ytimg.com/vi/6ITRIA3_sOM/hqdefault.jpg,alka yagnik songs|alka yagnik|alka yagnik kumar sanu|alka yagnik hindi song|90s songs hits|popular 90s songs|top 90s songs|90s hits hindi song|best hindi songs|hindi song|tere ishq mein naachenge|tere ishq mein naachenge lyrical video|tere ishq mein naachenge lyrics song|tere ishq mein nachenge dj remix|aamir khan songs|kumar sanu hit songs|raja hindustani movie songs|karisma kapoor songs|alisha chinai songs|hindi songs with lyrics,2026-03-15T09:32:16.186955
PuM4SWOVe7A,🔴LIVE Unq Gamer | Pubg Mobile Punju VS Petta | Live Stream #shorts  #shortvideo  #812,Unq Gamer,UCabjixiIIRDY6-dmaQVbPlA,2026-03-14T18:37:29Z,"💎SUPPORT THE STREAM 💝
PAYTM NUMBER: 9030708531 | 9030708531@ptsbi
GOOGLEPAY : 9030708531 | raju811990@oksbi
PHONEPE : 9030708531@ybl | raju811990@ybl
BHIM UPI ID : 9030708531@upi
Streamlabs Donation : https://streamlabs.com/unqgamerraju
Paypal: https://www.paypal.me/unqgamerraju

💎 BECOME MEMBER/SPONSOR : https://www.youtube.com/channel/UCabjixiIIRDY6-dmaQVbPlA/join

💎FOLLOW ME ON TWITCH: https://www.twitch.tv/unqgamer
💎FOLLOW ME ON  INSTAGRAM : https://www.instagram.com/raju811990/
💎FOLLOW ME O",24,Entertainment,PT3H7M5S,95377,2992,0,https://i.ytimg.com/vi/PuM4SWOVe7A/hqdefault.jpg,gamers|freefire|games|live|gaming|amongus|gameplay|gametv|youtubegamer|livegaming|gamereview|gamecommentary|livestream|youtubegaming|gamer|ps|twitch|gamingcommunity|youtubegamingchannel|xbox|playstation|playfortnite|videogames|pcgaming|youtubegamers|twitchstreamer|streamer|minecraft|pubg|funny|comedy|lol|meme|trending|memes|subscriber|Youtube|gamecommunity|shortstiktok|funnyvideos|comedyvideos|lmao|laugh|tastyrecipes|cook|chef|homemade|foodie|recipes|diet|yummy|foodblogger|delicious|dinner|tasty,2026-03-15T09:32:16.186955
kqTywMEVxgs,Revenge of a Warrior,Dhanda Nyoliwala - Topic,UCAAqmCmhXmhQUegwYDkvaSA,2026-03-12T10:04:20Z,"Provided to YouTube by Universal Music Group

Revenge of a Warrior · Dhanda Nyoliwala

Revenge of a Warrior

℗ 2026 FarArmy Productions, Exclusive Licensee Universal Music India Pvt. Ltd.

Released on: 2026-03-13

Videowriter, Vocalist, Composer, Lyricist: Dhanda Nyoliwala
Mastering Engineer, Producer, Mixing Engineer, Recording Engineer: Shevv

Auto-generated by YouTube.",10,Music,PT47S,169157,10328,321,https://i.ytimg.com/vi/kqTywMEVxgs/hqdefault.jpg,Dhanda Nyoliwala|Revenge of a Warrior,2026-03-15T09:32:16.186955
3l7bvHIQ_As,SOUL VS GODL INTENSE LAST ZONE 🔥 | SOUL CHICKEN DINNER🚀 | ,SID REACTS,UCEfgG4h2CQe2i3pz2wGs0Hw,2026-03-14T12:28:54Z,"SOUL VS GODL INTENSE 4V4 LAST ZONE 🔥 | SOUL CHICKEN DINNER🚀 |
#s8ul #s8ulsid #bgmi #wwcd #bgis #reaction #intense 
Join this channel to get access to perks: https://youtube.com/@S8ULSID  
Instagram - https://instagram.com/s8ul.sid
Twitter - https://x.com/s8ulsidbhai
Business inquiries - sid@8bitcreatives.in",24,Entertainment,PT5M22S,128260,11879,611,https://i.ytimg.com/vi/3l7bvHIQ_As/hqdefault.jpg,,2026-03-15T09:32:16.186955
_VOBTY0IZzU,lugai Chhoti | Ajay Hooda | Haryanvi Songs Haryanvi | Haryanvi Song 2026 | Haryanvi Song,VINOD GADLI,UCztCjQQ8yGBA03wz-zGfP5g,2026-03-12T11:45:02Z,"Lugai Chhoti | लुगाई छोटी - Ajay Hooda | Kavita Joshi | New Haryanvi Songs Haryanavi 2025 | DJ Song

Lugai Chhoti लुगाई छोटी (Official Video) A New Haryanvi Songs Haryanavi 2025. Starring with Ajay Hooda and Kavita Joshi. This Haryanvi Dj Song Sung by Harjeet Deewana and Komal Chaudhary. Music is given by Gulshan Music. Lyrics are penned by Ajay Hooda. This Video Direct by Jeet Ghanghas. Music Label by Ajay Hooda Official

Insta Link :   / 759585510420783  

#LugaiChhoti #ajayhooda  #kavitajoshi",10,Music,PT2M56S,114552,304,6,https://i.ytimg.com/vi/_VOBTY0IZzU/hqdefault.jpg,lugai chhoti|ajay hooda|ajay hooda song|ajay hooda new song|ajay hooda ke gane|new|latest|popular|haryanvi|dj|songs|haryanavi|haryanvi song|haryanvi songs|haryanvi dj song|new haryanvi songs|latest haryanvi songs|haryanvi songs haryanavi|new haryanvi song 2025|haryanvi dj song 2025|new haryanvi song 2026|haryanvi song 2026|haryanvi dj songs|new haryanvi song|haryanvi new song|haryanvi gane|haryanvi trending song|new haryanvi gane|latest haryanvi song,2026-03-15T09:32:16.186955
vIxU4iK0PTg,"WOULD YOU RATHER, But It ACTUALLY HAPPENS in ROBLOX!",SenpaiUnlimited,UCLm85ASz0gDwLr6KAPc8zWg,2026-03-14T03:39:00Z,"Follow My Instagram!
Instagram- https://www.instagram.com/senpaispideryt/

Join My Roblox Group to Play with me!
https://www.roblox.com/communities/35764371/SenpaiSpider#!/store

Discord- https://discord.gg/senpaispiderminecraft 
Main Channel-  @SenpaiSpider  

Business Inquiries - business@teamsenpaispider.com

Thanks for watching lol
#senpaispider",20,Gaming,PT11M1S,146320,4134,932,https://i.ytimg.com/vi/vIxU4iK0PTg/hqdefault.jpg,senpaispider|senpaispider new video|senpaispider pvp|senpaispider face revel|senpaispider wither storm|senpaispider smarty pie|senpaispider lapatasmp|senpaispider minecraft|blox fruit|roblox blox fruit|senpai blox fruit|blox fruits|sea 2 blox fruit|sea 3 blox fruit|steal a brainrot|steal a brainrot update|steal a brainrot owner|senpaispider steal a brainrot|senpai unlimited|would you rather|roblox hindi,2026-03-15T09:32:16.186955
dZmavwgtpc0,"Uncha Nicha Rasta - New Haryanvi DJ Viral Song 2026 | Raj Mawar, Komal C | Bharti Choudhary Dance",Fame Digital Records,UCKfMwODfeM45yet5pJ5NxPQ,2026-03-09T07:17:17Z,"Uncha Nicha Rasta - New Haryanvi DJ Viral Song 2026 | Raj Mawar, Komal C | Bharti Choudhary Dance",22,People & Blogs,PT2M39S,113349,258,4,https://i.ytimg.com/vi/dZmavwgtpc0/hqdefault.jpg,,2026-03-15T09:32:16.186955
xnxWKKgPsg0,NRG vs PRX BO5 |LOWER BRACKET FINALS| VALORANT Masters Santiago PlayoffsStage #vctmasterswatchparty,8bit Binks69,UCSQ7hHnWkDMyDBEp-h1Pqbg,2026-03-14T21:18:52Z,"#live   #valorantindia #valorant #Binks #s8ul 

Streamer for S8ul Esports 
Managed by @8bitthug 

🔶🔸🔶🔸   Membership  🔸🔶🔸🔶

Become A Member :- 
https://www.youtube.com/channel/UCSQ7hHnWkDMyDBEp-h1Pqbg/join
Donate GPAY/PAYTM : 9137636368

🔶🔸🔶🔸   Social  🔸🔶🔸🔶

•Discord - https://discord.gg/b5Hm6Cr
•Instagram :- https://www.instagram.com/8bit_binks/
•Facebook :- https://m.facebook.com/Binks69-102938...
•Email :-  binks69@8bitcreatives.in

🔶🔸🔶🔸   About  🔸🔶🔸🔶

• Mithul Nayak
•Studied: B.com
•Age: 33
•",20,Gaming,PT4H4M53S,118910,10583,8,https://i.ytimg.com/vi/xnxWKKgPsg0/hqdefault.jpg,binks|binks69|8bitbinks69|s8ul|soul|8bit|valorant|funny|india|t69|valorant live stream|valorant india|valorant live stream india|valorant gameplay live|binks valorant stream|valorant live|valorant india live|valorant stream binks|streaming|binks live|binks is live|binks livestream|valorant live gameplay|bgmi|bgmi live|binks pubg|pubg mobile|s8ul pubg|s8ul bgmi|binks valorant|valorant binks,2026-03-15T09:32:16.186955
36zuvzQmK8g,Tateeree - Cover Song And Cover Video | Biggest Track Of The Year |Official Music Video,Upasna Gahlot,UCYP3KKBZ6XivRMepXEtCJrg,2026-03-10T04:30:03Z,"#tateereebadsha #tateereesong #haryanvisongsharyanavi

#tateereesong #tatirisong #tateereebadsha #haryanvisongsharyanavi #pranjaldahiya #pranjaldahiyadance 

Ghuti Kyun Ghuti Kyun Kare Tateeree (Official Video) Badshah | Mhare Ri Mandere Pe Boliye Tateeree

Ghuti Kyun Ghuti Kyun Kare Tateeree (Official Video) Badshah, Simran Jaglan, Hiten | New Song 2026
#newharyanvisong 
#badshacontroversy
#newsong #newsong2026 #haryanvisong #newharyanvisong #badshah 

Lyrics
Ghuti kyun Ghuti kyun kare tateeree",10,Music,PT2M44S,291269,2727,323,https://i.ytimg.com/vi/36zuvzQmK8g/hqdefault.jpg,,2026-03-15T09:32:16.186955
fDGqZ2YyaVI,Minecraft Manhunt but I can Secretly SHAPESHIFT...🤯,DevXD,UCXJCdsQ15SYCMrG8ZSFwnEA,2026-03-14T07:30:20Z,"Second Channel -  https://www.youtube.com/@pankajdevxd/streams
Follow Me On Instagram:
https://www.instagram.com/pankajxdev/
Our Own Discord Server! :
https://discord.gg/QvwHqaX3vS
For more business enquiries-- workwithdevxd@gmail.com


#lilyville                                         #devxd",20,Gaming,PT39M55S,107169,6235,188,https://i.ytimg.com/vi/fDGqZ2YyaVI/hqdefault.jpg,,2026-03-15T09:32:16.186955
4JH4KpCADyg,एकादशी माता जी की आरती | Ekadashi Vrat ki Aarti | Ekadashi Mata ki Aarti Hindi | आरती एकादशी माता की,Bhakti Sadhna भक्ति साधना,UCA1BfqEptH9CDtIEjuwyuSg,2026-03-14T12:45:01Z,"एकादशी माता जी की आरती | Ekadashi Vrat ki Aarti | Ekadashi Mata ki Aarti Hindi | आरती एकादशी माता की

तो आईए आज पावन हृदय से इस भजन द्वारा जो मांगना है मांग लीजिए। सबकी मनोकामनांए पूर्ण होंगी । 🙏

 रोज नए नए भजन सुनने के लिए हमारे साथ जुड़ें रहे व् नए नए भजनों का आनंद उठाये भजन पसंद आये तो कमेंट में '' जय श्री श्याम "" जरुर लिखें || 🌹🌹

⭐Song : Ekadashi Mata Ki Aarti 
⭐Singer : 
⭐Lyrics : Traditional
⭐Music: Binny Narang (9991980610)
⭐Video: Shalini Sharma (7015960610)
⭐Label Bhakti Sadhna (946665",10,Music,PT11M37S,3071,116,9,https://i.ytimg.com/vi/4JH4KpCADyg/hqdefault.jpg,ekadashi aarti|ekadashi aarti in hindi|ekadashi ki aarti|ekadashi ki aarti bhajan|ekadashi ki aarti hindi mein|ekadashi ki aarti in hindi|ekadashi ki aarti song|ekadashi ki aarti suna|ekadashi ki aarti sunao|ekadashi mata ji ki a|ekadashi mata ji ki aarti,2026-03-15T09:32:16.186955
RBA8FBkgUPc,Jack Made LONGEST BIKE in INDIAN THEFT AUTO😱 INDIAN BIKE DRIVING 3D,Target siblings Gamerz,UCB4PxBOJKtSNmztivrY6Nlg,2026-03-14T09:30:30Z,"Franklin Went to INDIAN BIKE DRIVING 3D City to Celebrate Holi With Franklin😱
https://youtu.be/DWyiw_ztjJY

I GOT THE 0.1% DIVINE ULTIMATE BRAINROT in Roblox😱
https://youtu.be/conZGvqCQPE

Business Inquiries : targetabhi01@gmail.com

Insta : https://www.instagram.com/targetsiblings_gamerz?igsh=MXBwcGtqamdwaTlzYw==

tsarmy ka part banne ke liye join kre hmari membership :
https://www.youtube.com/channel/UCB4PxBOJKtSNmztivrY6Nlg/join",20,Gaming,PT20M44S,130799,2670,352,https://i.ytimg.com/vi/RBA8FBkgUPc/hqdefault.jpg,Target bhaiya|Target siblings gamerz|Indian bike driving 3d|Ibd3d new update|Target bhaiya Indian bike game|Indian theft auto|Ita update|Ibd3d animal mask update|New update|Gta5 story|Gta5 ironman|Gta5 Indian theft auto city|Ibd3d gta5 house|Ita scary teacher|Spider fighter 3d|Spider fighter update|Indian theft auto longest bike|Franklin made longest bike in Indian bike driving 3d|Gta5 longest bike|Ibd3d Franklin went to ita city,2026-03-15T09:32:16.186955
fPFyRfCGJCU,#video |साड़ी के मोतिया | #sadi ke motiya |#new khortha song | Viral Song | Sadi ke Motiya Jhari Gel,Vishahari Films,UCiTA6jlOD6C8n6elLIiNDZg,2026-03-12T00:30:00Z,"#video |साड़ी के मोतिया | #sadi ke motiya |#new khortha song | Viral Song | Sadi ke Motiya Jhari Gel#video |साड़ी के मोतिया | #sadi ke motiya |#new khortha song | Viral Song | Sadi ke Motiya Jhari Gel
✧Subscribe Now For More Updats :- 
------------------------------------------------------------
Audio/Video Credits :-
✧Album :- Sadi ke Motiya Jhari Gel
✧Singer :- Dipali Bhardwaj
✧Lyrics :-   Subham Bhardwaj
✧Music :- Prabhakar Kumar
✧Poster :- Bab GFX
✧Producer :-  Dev Raj
✧Production:- Vishahar",10,Music,PT3M53S,195767,2097,39,https://i.ytimg.com/vi/fPFyRfCGJCU/hqdefault.jpg,Riti Films|Sadi Ke Motiya|sadi ke motiya jhari gel|na jaane ho piya|kekar najariya lagi gel|lahanga ke motiya|saadi ke motiya|saari ke motiya|shari ke motiya|saare ke motiya|insta viral song sari ke motiya|insagram viral song sadi ke motiya|saadi ka moteeya|jhhari gel|sari ke motiya|yadav raushan rak|dipali bhardwaj sadi ke motiya|sadi ke motiya bhai ji song|sadi ke motiya shristi bharti|najariya lagi gel|motiya jhari gel|viral song sadi ke motiya,2026-03-15T09:32:16.186955
Fui7y-CNrPU,I Secretly Possessed My Sister in Minecraft !,Mc flame,UCTyg-vQ70A1m0lB1cLbu38Q,2026-03-13T07:30:08Z,"I Secretly Possessed gauri in night

Instagram 👇…
  https://www.instagram.com/mc_flame01?igsh=MW9wdjJ5aDBxMTdqbw==

____________________________________



🤖 Join Discord  :  https://discord.com/invite/mcflame

_____________________________________

Copyright Disclaimer under section 107 of the Copyright Act 1976, allowance is made for ""fair use"" for purposes such as criticism, comment, news reporting, teaching, scholarship, education and research...

____________________________________

#Minec",20,Gaming,PT16M20S,272855,3588,113,https://i.ytimg.com/vi/Fui7y-CNrPU/hqdefault.jpg,mc flame|minecraft|mc flame trolling sister|Minecraft|trolling sister in minecraft|mc flame trolling his sister|troll|kartik troll gauri|minecraft but|I Secretly Possessed gauri in night|I Secretly Possessed gauri in Minecraft night|secretly|possessed,2026-03-15T09:32:16.186955
LeszyRcJO4s,Gehra Hua (Cover) | Dhurandhar | Murtaza Khojami,Murtaza Khojami,UCBjj0GMKJlyRGZ34OirSOKQ,2026-03-10T19:28:09Z,"Here I am, presenting my cover of the beautiful song ""Gehra Hua"" from the movie Dhurandhar.
I hope you all enjoy my cover of this emotional song.
If you all enjoyed this cover, please don't forget to Like, Comment, Share, and Subscribe for more cover songs.

🎤 Cover Credits
Singer: Murtaza Khojami
Mixing & Mastering: Murtaza Khojami
Recorded at home studio setup

🎧 Original Song Credits
Song: Gehra Hua
Movie: Dhurandhar
Singer: Arijit Singh, Armaan Khan
Music: Shashwat Sachdev
Lyrics: Irshad Kam",10,Music,PT6M54S,142830,738,9,https://i.ytimg.com/vi/LeszyRcJO4s/hqdefault.jpg,gehra hua gehra hua rang aashiqui gehra hua|shashwat sachdev|dhurandhar|ranveer singh|dhurandhar movie song|gehra hua|gehra hua dhurandhar|gehra hua arijit singh|arijit singh songs|arijit singh new song|arijit singh new song 2025|ranveer singh and sara arjun|sara arjun and ranveer singh kissing scenes|dhurandhar all songs|dhurandhr|ishq jalakar|dhurandhar 2|revenge|dhurandhar the revenge|the revenge dhurandhar|dhurandhar 2 teaser|the revenge dhurandhar 2,2026-03-15T09:32:16.186955
Xwa3QRFGojM,Franklin Get Anywhere Door Outside His House In Indian Bike Driving 3d,HandsomeGamer,UCl487GkI6cdPxpMF3ZgDKYQ,2026-03-13T01:30:13Z,"Franklin Get Anywhere Door Outside His House In Indian Bike Driving 3d

Credit - @rohitgamingstudio6902 

indian bike driving 3d anywhere door
indian bike driving 3d doraemon anywhere door
indian bikes driving 3d anywhere door
indian bike driving 3d
indian bikes driving 3d
indian bike driving 3d update
indian bike driving 3d new update",22,People & Blogs,PT15M55S,208539,0,13,https://i.ytimg.com/vi/Xwa3QRFGojM/hqdefault.jpg,indian bike driving 3d anywhere door|indian bikes driving 3d anywhere door|indian bike driving 3d doraemon anywhere door|indian bike driving 3d|indian bikes driving 3d|indian bike driving 3d cheat codes|indian bike driving 3d story|indian bike driving 3d update|indian bike driving 3d new update|indian bike driving 3d franklin get anywhere door|indian bike game|indian bike driving 3d handsomegamer|handsomegamer,2026-03-15T09:32:16.186955
xFGZH3BzP2g,Banjaare - Bairan (Lyrics),Indie India,UC2VdyYW39rxCLA8jr8hEzkg,2026-03-10T06:30:06Z,"Banjaare - Bairan
Stream/Download ~

~ Music INFO ~
Title: Bairan
Singer/Lyricist/Composer: BANJAARE
Music: Roni
Mix-Master: Gurie
Animation : Ham_mah.10


~ Follow Banjaare ~ 
https://www.instagram.com/official_banjaare?igsh=eWd5MGIwbXpscThk&utm_source=qr

Lyrics ~ Banjaare - Bairan
Manne saambh-saambh raakhe
Tere jhanjhraa ke jode
Meri gel ro-ro ye bhi
Chhori bawle se hore

Manne aaye jaave khyaal tere
Khaaye jaave khyaal tere
Jeen konya deti
Haaye...
Bairi tanhaai manne

Geeta mein gaai kade
",22,People & Blogs,PT2M31S,550259,7333,152,https://i.ytimg.com/vi/xFGZH3BzP2g/hqdefault.jpg,Bairan Song|Bairan Lyrics|Banjaare Bairan|Bairan Banjaare|Manne saambh-saambh raakhe|Tere jhanjhraa ke jode|Meri gel ro-ro ye bhi|Chhori bawle se hore|Banjaare Bairan Lyrics|Bairan Banjaare Lyrics|Banjaare Lyrics Bairan|Bairan Lyrics Banjaare|Banjaare Bairan Song|Bairan Banjaare Song|Bairan|bairan banjare song|bairan song lyrics|bairan haryanvi song|bairan banjaare|bairan|Je tu thodi ghabra jya|Meri yaad tanne aa jya|Tu de diye awaaz re main|Aa jaaunga,2026-03-15T09:32:16.186955
10EryHkHRfc,Ego അടിച്ചു Full Spin Akki 😈 New MP40 Evo Royale | Freefire Max ,AKSHAY AKZ,UCcd2fUoVQfbV5c1TosJKUSw,2026-03-14T11:08:30Z,,20,Gaming,PT15M36S,35300,2735,101,https://i.ytimg.com/vi/10EryHkHRfc/hqdefault.jpg,,2026-03-15T09:32:16.186955
OQD11yH5EPQ,"Payal Ki Khanak | Official Video | Hindi New Song | Anil Rawat,Kajal | Mohit,Anshu | Bhaigiri Music",Naaz Hits record,UCMR7HO2n0nuYwrxNkVOW6mA,2026-03-10T08:54:38Z,"No. 21 top music video
Payal Ki Khanak | Official Video | Hindi New Song | Anil Rawat | Kajal | Mohit Love | Bhaigiri Music


#lovesong #payalkikhanak #anilrawat #bhaigirimusic 


Make Your Reels :- https://www.instagram.com/reels/audio...


Audio Credits 
►Album: Payal Ki Khanak Se Jagege Sajna
►Song:  Payal Ki Khanak Se Jagege Sajna
►Singer: Anil Rawat & Kajal Hathrasi 
►Lyrics: Anil Rawat,Rambal Rawat 
►Music: JPS Music - 8218284060


Video Credit 
►Feat: Anshu Chaudhary & Mohit Love 
►Direct",10,Music,PT6M25S,605188,1524,24,https://i.ytimg.com/vi/OQD11yH5EPQ/hqdefault.jpg,Payal Ki Khanak|Hindi New Song|Anil Rawat|Kajal|Payal|पायल की खनक से जगेंगे सजना|पायल की खनक|गोली नींद की दे अइयो|गोली नींद की दे अइयो सो जाएंगे सजना|Goli need ki de aiyo so jaave sajna|Goli need ki de aiyo|Bukhar Song|Bukhar sad song|new sad song|sad new hit song|popular sad song|farmani song|anil rawat song|sad|sad video|sad sutas|hart tach song|bewafai song|sad gana|naaz music|farmani|anjali gujratan|anjali|hindi song|Teri smile yo,2026-03-15T09:32:16.186955
g_COXtDyxAA,NEW Trogon Gun😱 23 KILLS Solo vs Squad in Pro Lobby | Free Fire,Badge 99,UCPhZzHKo3Y5YYoazMQWuLTg,2026-03-14T05:30:00Z,"NEW Trogon Gun Skin RubyShot

My Instagram ►  https://www.instagram.com/badge_99/",20,Gaming,PT17M15S,126838,10075,578,https://i.ytimg.com/vi/g_COXtDyxAA/hqdefault.jpg,free fire|solo vs squad|badge99|total gaming|ajjubhai|desi gamers|tonde gamer|solo vs squad br rank gameplay|br rank best character combination|ff one tap headshot trick,2026-03-15T09:32:16.186955
4i8NASWyuQA,Kaattu Thottappol | Patriot Movie | Sushin Shyam | iSai | Kapil Kapilan | Anwar Ali,Sushin Shyam,UCR1Q8EoXmAI66C2JgUgq2Jw,2026-03-12T11:30:06Z,"#KaattuThottappol from Patriot — composed by Sushin Shyam, sung by iSai and Kapil Kapilan, with lyrics by Anwar Ali, from the film Patriot, written and directed by Mahesh Narayanan.

Song Credits:
Music Composed and Arranged by: Sushin Shyam
Singers: iSai, Kapil Kapilan
Lyrics: Anwar Ali
Song Co-Arranged by: Allanfromtheotherside
Additional Music Production: Nivin Raphael
Bass Guitar: Naveen Nappiar
One Man Quartet: Rithu Vysakh
Sarangi: T. Manonmani
Choir Performed by The Indian Choral Ensemble",10,Music,PT4M16S,632615,7490,844,https://i.ytimg.com/vi/4i8NASWyuQA/hqdefault.jpg,KaattuThottappol|SushinShyam|AnwarAli|iSai|KapilKapilan|MaheshNarayanan|Mammootty|Mohanlal|FahadhFaasil|KunchackoBoban|Nayanthara|Revathy|MalayalamSong|NewMalayalamSong|PatriotMalayalamMovie|Patriot,2026-03-15T09:32:18.552951
Pgcn8246RVY,🔴GTA V LIVE | LOS SANTOS CHAOS AND RACING🔥 #shortsfeed #shortslive #gta #shorts #live #gta5,ADITYAISLIVE,UCHwe5AoYWj4CNeS2y-DpBmQ,2026-03-14T03:04:19Z,"Join this channel to get access to perks:
https://www.youtube.com/channel/UCHwe5AoYWj4CNeS2y-DpBmQ/join

#gaming 
#gtaonline
#gtav
#rockstargames
#gaming
#gta5mods
#gtafive
#gtacommunity 
#verticallive #livestream 
#gta #gtav #gtaonline #ps #grandtheftauto #online #rockstargames #gtaphotography #playstation #gaming #xbox #gtavonline #gtacommunity #gamer #xboxone #gtafive #rockstareditor #gtacars #rockstar #gtaoutfits #snapmatic #gtapics #gtaphotos #photography #games #roleplay #gtaroleplay #vide",20,Gaming,PT1H43M44S,466021,2093,0,https://i.ytimg.com/vi/Pgcn8246RVY/hqdefault.jpg,,2026-03-15T09:32:18.552951
l4Bd2YPQ6vw,గోవింద నామాలు | Govinda Hari Govinda | Sri Venkateswara Swamy Songs | Govinda Namalu Full Telugu,Telugu Bhakti 24x7,UCQ3usEYIDjCUh7V7aI3CMKg,2026-03-13T22:30:26Z,"గోవింద నామాలు | Govinda Hari Govinda | Sri Venkateswara Swamy Songs | Govinda Namalu Full Telugu  


Listen to the divine Govinda Namalu with Telugu lyrics and receive the sacred blessings of Lord Sri Venkateswara Swamy of Tirumala. Chanting or listening to Govinda Namavali is believed to bring peace, prosperity, positive energy, and remove obstacles from life.  

On this Saturday Special, immerse yourself in the powerful names of Srinivasa Govinda, Venkatesa Govinda, Tirumala Govinda and feel t",10,Music,PT34M2S,54222,234,16,https://i.ytimg.com/vi/l4Bd2YPQ6vw/hqdefault.jpg,Govinda Namalu|Govinda Namalu Telugu|Govinda Hari Govinda|Tirumala Balaji Songs|Venkateswara Swamy Songs Telugu|Sri Venkateswara Bhakti Songs|Om Namo Venkatesaya|Tirupati Balaji Songs|Lord Balaji Songs|Saturday Special Devotional Songs|Govinda Govinda Songs|Srinivasa Govinda|Tirumala Bhakti Songs|Bhakti Songs|God Songs Telugu|Venkateswara Swamy Bhakti Songs|Tirumala Venkateswara Songs|గోవింద నామాలు|God Songs,2026-03-15T09:32:18.552951
GJZhw03g0Fg,100 Serbian Dancing Lady Dances in Franklin’s House,Nadyummy,UCrmS9PKMlhoargVaT0u-P7w,2026-03-12T10:30:09Z,"instagram:https://www.instagram.com/nadyum11
 serbian dancing lady
terrifier
SHINCHAN GTA 5
gta5 malayalam
granny malayalam gameplay
#granny #grannymalayalam  #nadyum
#shinchangta5 #shinchan  #gta   #shinchanmalayalam #nadyummy #pinchan #gta6",20,Gaming,PT24M12S,168289,6086,192,https://i.ytimg.com/vi/GJZhw03g0Fg/hqdefault.jpg,gta5malayalam|gta5|malayalam|tva|kva|mrzthoppi|gametherapist|malayalamcomedy|malayalamvideo|malayalammovie|granny|granny3|grannymalayalam|grannygamemalayalam|noobmaster|abisome|granny2|nadyum|shinchangta5|shinchangta|shinchan|pinchan|mrbeast|nadyummy|flightgamer|nought|gta5horror|gta5ghost|franklinfoundghost,2026-03-15T09:32:18.552951
Wgd6ACl7FRQ,TATEEREE | Mhare Ri Mandere Pe Boli He Tatiri | Gurpeet Kaur | Badshah | New Haryanvi Song 2026,Haryanvi Star Records,UCzCL12VmCyhKzdn5BeKnQhA,2026-03-12T03:30:18Z,"TATEEREE | Mhare Ri Mandere Pe Boli He Tatiri | Gurpeet Kaur | Badshah | New Haryanvi Song 2026
TATEEREE | Mhare Ri Mandere Pe Boli He Tatiri | Gurpeet Kaur | Badshah | New Haryanvi Song 2026

A fresh and energetic New Haryanvi Song 2026 – “TATEEREE (Ghuti Dyu Ghuti Dyu Boli He Tatiri)”, presented by Haryanvi Star Records, bringing the vibrant flavor of Haryana’s folk rhythm and modern music together.

HARYANVI STAR RECORDS PRESENTS LATEST NEW HARYANVI NEW SONG 2026 🌍 🎵 “ TATEEREE” BRAND LATEST ",10,Music,PT2M51S,305997,14509,1150,https://i.ytimg.com/vi/Wgd6ACl7FRQ/hqdefault.jpg,tatiri|tatiri song|tatiri haryanvi song|tateeree|tateeree song|tateeree badshah|tatiri song badshah|tateeree song badshah|tateeree song gurpreet kaur|tatiri gana|tatiri new song|tatiri orignal song|gurpreet kaur tatiri song|badshah|badshah song|badshah new song|gurrpreet kaur|gurpreet kaur song|gurpeet kaur ke geet|gurpeet kaur vlog|haryanvi|haryanvi song|haryanvi songs|new haryanvi song|new haryanvi song 2026|latest haryanvi song|haryavi dj song|new,2026-03-15T09:32:18.552951
J91gCs9smJ4,Franklin Building A Tree House For The First Time Ever in GTA 5 in Telugu | SHINCHAN and CHOP,GOPI FF,UCJSJ03CDGjH9t29FhExJnkA,2026-03-14T11:04:00Z,"Franklin Building A Tree House For The First Time Ever in GTA 5 in Telugu | SHINCHAN and CHOP
How are you guys i hope you like this video so plz.. plz.. hit a like button and please... share the video everywhere and smash Subscribe button....and press the bell icon.

Thanks For Watching.
#gta5 #shinchangta5 #gta5diamondgold #gta5mods #gta #gta5telugu",20,Gaming,PT25M29S,31018,369,5,https://i.ytimg.com/vi/J91gCs9smJ4/hqdefault.jpg,,2026-03-15T09:32:18.552951
xZiNXDSzsx4,तीन बाण के धारी | छोटू सिंह रावणा | New Bhajan | Khatu Shyam | Teen Ban Ke Dhari | Chotu Singh Rawna,Mithila Mati ,UCJezul5WFh7VsfbzIx1Ue2g,2026-03-11T23:45:08Z,"तीन बाण के धारी | छोटू सिंह रावणा | New Bhajan | Khatu Shyam | Teen Ban Ke Dhari | Chotu Singh Rawna



Teen ban ke dhari, Teen baan ke dhari bhajan, Khatu Shyam bhajan, Khatu Shyam ji bhajan, Shyam Baba bhajan, Chotu Singh Rawna, Chotu Singh Rawna bhajan, Shyam bhajan 2025, New Shyam bhajan, Latest Shyam bhajan, Khatu Shyam new bhajan, Khatu Shyam song, Shyam Baba song, Khatu Shyam ji song, Rajasthani bhajan, Marwadi bhajan, Shyam bhajan hindi, Khatu Shyam live bhajan, Shyam bhakti song, Baba S",10,Music,PT32M11S,97607,870,53,https://i.ytimg.com/vi/xZiNXDSzsx4/hqdefault.jpg,chotu singh rawna new bhajan khatu shyam|teen ban ke dhari chotu singh rawna|chotu singh rawna new bhajan|तीन बाण के धारी छोटू सिंह|chotu singh rawna bhajan|khatu shyam new bhajan|chotu singh rawna new song|chotu singh rawana bhajan|teen ban ke dhari teeno baan chalao na|teen baan ke dhari teeno ban chalavo na|haare ke sahare khatu shyam bhajan|teen baan ke dhari teenon ban chalao na|khatu shyam ji ke bhajan|chotu singh ravna ka femash bhjan|Chotu Singh Rawna,2026-03-15T09:32:18.552951
y1rtNrNuT8A,GRANNY 1 KHELE 🔥 #shortsfeed #shortslive #chainedtogethergame #shorts #live #wormateio #granny,RageGod fps,UCSgW2d-IWIZKM6mHBe13YHQ,2026-03-15T01:35:35Z,"#granny #granny1 #granny2 #granny3 

GRANNY 1 KHELE  & CHOO CHOO CHARLES | #shortsfeed #shortslive #chainedtogethergame #shorts #live #wormateio    #shorts #shortsfeed #shortslive #chainedtogethergame  #verticallivefeed #shortslive #short #newupdate #pubg #pubgmobile #verticallivefeed #verticallivestream  #directorunknown#bgmi #pubg #live #pubgm #explore #trending #yoyohoneysingh#wormate #chaintogether #tombraideredit #chaintogethergame #chaintogetherlive #shortslivestreaming #shortslivegaming #",20,Gaming,PT1H17M55S,113069,2695,0,https://i.ytimg.com/vi/y1rtNrNuT8A/hqdefault_live.jpg,,2026-03-15T09:32:18.552951
1QXofumYvMo,तीन बाण के धारी | छोटू सिंह रावना | Khatu shyam New bhajan | Teen baan ke Dhari | Chotu Singh Rawna,7S BEATS,UC-Z0L2rvlfdfOT8YjuV8hBA,2026-03-05T23:45:01Z,"तीन बाण के धारी | छोटू सिंह रावना | Khatu shyam New bhajan | Teen baan ke Dhari | Chotu Singh Rawna

तीन बाण के धारी बाबा श्याम की महिमा को समर्पित यह नवीन भजन,
छोटू सिंह रावना की मधुर आवाज़ में।
खाटू नरेश श्री श्याम बाबा, जो तीन बाण धारण करने वाले कलयुग के देवता हैं,
अपने भक्तों की हर पुकार सुनते हैं और कष्ट हर लेते हैं।
यह भजन श्रद्धा, भक्ति और आस्था से भरपूर है।
🙏 बाबा श्याम से प्रार्थना है कि यह भजन आप सभी के जीवन में सुख, शांति और कृपा लेकर आए।
जय श्री श्याम 🙏
अगर भजन पसंद आए तो
👍 Like | 🔔 ",10,Music,PT6M27S,145483,1153,68,https://i.ytimg.com/vi/1QXofumYvMo/hqdefault.jpg,chotu singh rawna new bhajan khatu shyam|teen ban ke dhari chotu singh rawna|chotu singh rawna new bhajan|तीन बाण के धारी छोटू सिंह|chotu singh rawna bhajan|khatu shyam new bhajan|chotu singh rawna new song|chotu singh rawana bhajan|teen ban ke dhari teeno baan chalao na|teen baan ke dhari teeno ban chalavo na|haare ke sahare khatu shyam bhajan|teen baan ke dhari teenon ban chalao na|khatu shyam ji ke bhajan|chotu singh ravna ka femash bhjan|Chotu Singh Rawna,2026-03-15T09:32:18.552951
Rni3YhixWoQ,AAJ HOGA GAMEPLAY! | JANWAR GAMEPLAY | WMAX | BGMI LIVE,Max Gaming,UCRLTsuCNjsZ32sTkyy_XUMQ,2026-03-14T20:11:50Z,"Device - Iphone 16 pro max.
Headphones - Iphone wired.

Here you watching pure 2018’s player gameplay of Wmax !! 

Mail ✉️ - Growwithmax6@gmail.com
Instagram - wmaxfromhell / https://www.instagram.com/wmaxfromhell?igsh=ZWVrbm02eWFiY2sx",20,Gaming,PT4H49M44S,142753,7788,20,https://i.ytimg.com/vi/Rni3YhixWoQ/hqdefault.jpg,Max is Live|Bgmi gameplay|Pubg mobile gameplay|FASTEST 3 FINGER PLAYER BGMI|1V4 CLUTCHES BGMI|Bgmi montage|Pubg mobile montage|Bgmi 1v4 clutch|Bgmi tips and tricks|Bgmi 1v4 gameplay|Pubg 1v4 clutch|Bgmi new update|Bgmi new royal pass,2026-03-15T09:32:18.552951
SpEUvFD-e5U,Game - Surjit Bhullar | Mista Baaz | Bittu Cheema | Latest Punjabi Song 2026,Surjit Bhullar,UCnDl1lJkp4KgEbJKLnVLPjQ,2026-03-13T04:29:14Z,"Surjit Bhullar Presents

Song - Game 
Singer - Surjit Bhullar
Lyrics / Composer - Bittu Cheema
Music - Mista Baaz
Label - Surjit Bhullar

Streaming On:-
Apple Music : https://music.apple.com/us/album/game-single/1884437698
Amazon : https://music.amazon.in/albums/B0GS79N3LL
Spotify : https://open.spotify.com/album/0olXYCXkagclpy1c5BXPAK
Jiosaavn :https://www.jiosaavn.com/song/game/IQsMST9FRUU
Shazam : https://www.shazam.com/song/1884437699/game
Kkbox : https://www.kkbox.com/sg/en/album/OrnLiZ9OLG",10,Music,PT3M13S,553455,38233,653,https://i.ytimg.com/vi/SpEUvFD-e5U/hqdefault.jpg,Game|Surjit Bhullar|Mista Baaz|surjit bhullar|mista baaz|rounkan|latest punjabi songs 2026|new punjabi songs this week|surjit bhullar new song|surjit bhullar 2026|mista baaz all song|surjit bhullar all song|punjabi songs 2026|hit punjabi songs playlist,2026-03-15T09:32:18.552951
WVe_ssTWNlU,Franklin Touch Anything Become Diamond Gold Life! in GTA 5 in Telugu | SHINCHAN and CHOP,Pennem Star,UCdyC8mXHJ-B3Ttc6nChJaaw,2026-03-12T11:04:19Z,Franklin Touch Anything Become Diamond Gold Life! in GTA 5 in Telugu | SHINCHAN and CHOP,20,Gaming,PT24M14S,165264,1703,20,https://i.ytimg.com/vi/WVe_ssTWNlU/hqdefault.jpg,,2026-03-15T09:32:18.552951
0bLgv3R-THY,Kabhi Shaam Dhale,CXAND - Topic,UCGVyAFJ5m3HyCm5teplQ1Lw,2026-03-09T21:43:22Z,"Provided to YouTube by Amuseio AB

Kabhi Shaam Dhale · CXAND

Kabhi Shaam Dhale

℗ CXAND

Released on: 2026-03-07

Producer: Raman Singh
Guitar: Rudra Singh
Composer: Rudra Singh
Lyricist: Rudra Singh

Auto-generated by YouTube.",10,Music,PT4M35S,933717,6047,0,https://i.ytimg.com/vi/0bLgv3R-THY/hqdefault.jpg,CXAND|Kabhi Shaam Dhale,2026-03-15T09:32:18.552951
9fyrGKa9kgI,Tommy's Deadly Trap For Michael | Gta V Gameplay #639,Insane Gaming With Mayank,UCFx8S2YX4DFTYicIOV5PQag,2026-03-13T13:30:10Z,"POWERFUL WORK FOR TOMMY | GTA V GAMEPLAY #639

Business Email : igrealmayank@gmail.com

INSTAGRAM - https://www.instagram.com/ig.realmayank?igsh=OGJ5azl5d3IyaW9p

ANKIT CHANNEL - https://www.youtube.com/@officialAnkitPlayz",20,Gaming,PT45M9S,183224,12158,319,https://i.ytimg.com/vi/9fyrGKa9kgI/hqdefault.jpg,gta|gta 5|gta online|pc|gta 5 gameplay|gta v hindi gameplay|gta 5 wins|gta 5 lamborghini|gta 5 stunts|gta 5 thug life|grand theft auto v|gta v online|gta 5 epic moments|gta v funny moments|awesome gta 5 stunts|best moments|techno gamerz|RTX 3080TI GAMEPLAY GTA V|Tommy's Deadly Trap For Michael | Gta V Gameplay #639|Tommy's Deadly Trap For Michael|Gta V Gameplay #639|POWERFUL WORK FOR TOMMY | GTA V GAMEPLAY #639|POWERFUL WORK FOR TOMMY|gta 5 rp,2026-03-15T09:32:18.552951
_jkqmQun8No,Taro Moh Na Melay - 4K Video - Gopal Bharwad - તારો મોહ ના મેલાય - New Gujarati Sad Song 2026,Jigar Studio,UCBUlrhmOjVLOpbgHAUJceaw,2026-03-13T01:30:06Z,"Song: Taro Moh Na Melay
Singer: Gopal Bharwad
Artists: Samarth Sharma, Chhaya Thakor, Aarti Suthar
Music: Jackie Gajjar
Lyrics: Ramesh Vachiya
Co - Ordinator: Indar Gamara
D.O.P. - Edit: Montu Rajput
D.I.: Dhruv Bhatiya
Director: Vishnu Thakor - Adalaj
Producer: Gunvant Thakor
Music Label & Copyright: Jigar Studio

Subscribe : https://goo.gl/9VtrB7
Facebook : https://goo.gl/SBYrky
Twitter : https://goo.gl/vUbV4Q
Instagram : https://goo.gl/HRQorS
Pinterest : https://goo.gl/RD2poU
Tumblr : https:/",10,Music,PT8M20S,94350,3779,115,https://i.ytimg.com/vi/_jkqmQun8No/hqdefault.jpg,Jigar Studio|Gunvant Thakor|Dhollywood|Gujarati Song|New Song|gujarati song|love song|gopal bharwad new song|gopal bharwad latest gujarati song 2026|new gujarati song 2026|gopal bharwad new video|gopal bharwad jigar studio|gujarati love song|taro moh na melay|gopal bharwad new gujarati sad song|gujarati sad song 2026|gopal bharvad na geeto|chhaya thakor|samarth sharma|sad|love|bewafa|prem|gujarati sad|aarti suthar,2026-03-15T09:32:18.552951
mAXo9EbXNBc,4.3 UPDATE IS HERE IN BGMI SOLO VS SQUAD🔥 #bgmi #bgmilive #shortsfeed #shortslive,NeonXPawanOP,UCuhwPDf9Em5Nx1mpTh65_pg,2026-03-14T19:26:33Z,4.1 UPDATE IS HERE IN BGMI SOLO VS SQUAD🔥 #bgmi #bgmilive #shortsfeed #shortslivefeed,20,Gaming,PT4H18M45S,142348,3297,0,https://i.ytimg.com/vi/mAXo9EbXNBc/hqdefault.jpg,bgmi|battlegrounds mobile india|battleground mobile india|bgmi 4.0 update|bgmi new update|bgmi 4.0 update release date|bgmi next mythic forge|4.0 update bgmi|4.0 update classified yt|classified yt 4.0 update|bgmi new update gameplay|4.0 beta version|4.0 update bgmi mythic forge|4.0 update new mode|mythic forge|4.0 update release date|bgmi next update,2026-03-15T09:32:18.552951
i9ZHedoeHwE,#Video | #नीलकमल सिंह | धरS कमर राजा जी | #Neelkamal Singh | Shrishti Uttrakhandi | Bhojpuri Song,DB Bhojpuri,UCivUWIvjy6-_5dIk7MK4UGQ,2026-03-09T06:30:00Z,"#Video | #नीलकमल सिंह | धरS कमर राजा जी | #Neelkamal Singh | Shrishti Uttrakhandi | Bhojpuri Song


►Song - Dhara Kamar Raja Ji
►Singer / Actor - Neelkamal Singh
►Actress - Shrishti Uttrakhandi
►Lyrics - Ashutosh Tiwari
►Music Composer - Adr Anand / Pancham Sinha
►Video Director - Pavan Pal
►Dop - Sharvan Pal
►Video Editor - Angad Pal
►Recordist- Brajesh Bagi
►Choreographer- Kuldeep, Vishakha
►Still- Rahul Sharma
►DI- Rohit Singh { Yug Motion Picture }


neelkamal singh,
neelkamal singh ka new g",10,Music,PT3M48S,338054,473,4,https://i.ytimg.com/vi/i9ZHedoeHwE/hqdefault.jpg,neelkamal singh dhara kamar raja ji|neelkamal singh ka new gana|neelkamal singh new song|neelkamal singh song|neelkamal singh ka new bhojpuri song|neelkamal singh new video|neelkamal singh bhojpuri song|neelkamal singh hits|laika tohre ke papa kahta 2 video|New Video Neelkamal|dhara kamar raja ji|धरS कमर राजा जी|Shrishti Uttrakhandi|neelkamal singh official|pawan singh new gana|neelkamal singh bhojpuri gana,2026-03-15T09:32:18.552951
idvG0gn6GkQ,INDIAN TRUCK DRIVER GAMEPLAY #shortsfeed #shortslive #shorts #ets2 #live #dangerous #1,Yang Is Live,UCf7coqmQub3uXYhVgmTimPg,2026-03-14T13:49:27Z,"INDIAN TRUCK DRIVER GAMEPLAY #shortsfeed #shortslive #shorts #ets2 #live  #dangerous  #shortsfeed #shortslive  #live #gaming #shortslivestreaming #horror #eurotrucksimulator2 #truckdriver #ets2 #ets2mods #ets2mp #ets2 #trucksimulator #trendingreels 
Truck Mod by - ‪@PixCyb_Universe‬",20,Gaming,PT1H9M45S,760471,11029,0,https://i.ytimg.com/vi/idvG0gn6GkQ/hqdefault.jpg,,2026-03-15T09:32:18.552951
Ga_k5envGAY,Yeru Yerulu Dhati Full Song | Relare Ganga | Kalyan Keys | Hanmanth Yadav | Vaishnavi Sony,Relare Ganga,UCwM30zAYbj5EZXxZI-TK1FQ,2026-03-14T11:53:36Z,"Yeru Yerulu Dhati Full Song | Relare Ganga | Kalyan Keys | Hanmanth Yadav | Vaishnavi Sony
#relaregangasongs  #folksongs #telugusongs 

Lyrics & Tune : Dr.Vennela Sreenath 
Music : Kalyan Keys 
Singers : Relare Ganga Hanumanth Yadav 
DOP & Direction : Shiva Velpula
Actors : Vaishnavi Sony  & Eshwar Sai
Producers : Pawan Sahithi 
Poster : Sagar Mudirazz

Label & Channel Managed by:  One Media -  7799090708
Branding & For Promotions Mail Us: Info@onemediaet.com
© All Rights Reserved: Relare Ganga ",10,Music,PT4M23S,31843,1804,69,https://i.ytimg.com/vi/Ga_k5envGAY/hqdefault.jpg,Yeru Yerulu Dhati|Yeru Yerulu Dhati Full Song|Relare Ganga|ganga relare|telangana Folk songs|folk songs 2026|hanmanth yadav|kalyan keys|vaishnavi sony|new folk songs|love songs 2026|Relare Ganga Songs|Relare Ganga New Songs|Eshwar Sai|Vaishnavi Sony Songs|Hanmanth Yadav Songs|New Folk Songs|Folk Songs|2026 Folk Songs|Latest New Folk Songs|New Dj Folk Songs|Telangana folk songs|telangana songs|Telugu Folk Songs|telugu songs|telugu songs 2026,2026-03-15T09:32:18.552951
RoHTt2why7Y,roblox best gameplay,StanRP,UCHYA5HNaS5n4idxmP-at8nA,2026-03-14T07:18:51Z,Roblox insane moment aura #roblox #shorts #usa,20,Gaming,PT22S,598595,4818,5,https://i.ytimg.com/vi/RoHTt2why7Y/hqdefault.jpg,roblox|granny|free fire|live roblox|roblox shorts|shorts feed|67|six seven|meme reset|singing brainrot song|great meme reset,2026-03-15T09:32:18.552951
9SOtyn49oHY,पापमोचनी एकादशी स्पेशल Top10 Vishnu Bhajan | Ekadashi Katha Song | Papmochani Ekadashi Bhajan 2026,Bhakti Song mp3,UC1GUI4QaFMF5Urq8JfdkcUw,2026-03-15T00:36:53Z,"#PapmochaniEkadashi #VishnuBhajan #EkadashiBhajan
पापमोचनी एकादशी स्पेशल Top10 Vishnu Bhajan | Ekadashi Katha Song | Papmochani Ekadashi Bhajan 2026पापमोचनी एकादशी स्पेशल Top10 Vishnu Bhajan | Ekadashi Katha Song | Papmochani Ekadashi Bhajan 2026  Vishnu Ji Ke Bhajan नॉनस्टॉप विष्णु जी के भजन
पापमोचनी एकादशी स्पेशल Top10 Vishnu Bhajan | Ekadashi Katha Song 2026 | Papmochani Ekadashi Bhajan 2026 

पापमोचनी एकादशी के इस पावन अवसर पर सुनिए भगवान विष्णु को समर्पित Top 10 Vishnu Bhajan और दिव्य Ekada",10,Music,PT1H38M46S,4316,55,5,https://i.ytimg.com/vi/9SOtyn49oHY/hqdefault.jpg,,2026-03-15T09:32:18.552951
H7AFRJVGhe4,Sakhi re bar pa gaini ban jala khas kahu pahila najariya me😭😭😭#freefire #freefiresong #sad #sadsong ,Dɢ sᴀʀᴋᴀʀ08,UC0ilNOW2A37N9ccSVUJ1jVg,2026-03-12T02:06:48Z,,22,People & Blogs,PT5M2S,61251,261,7,https://i.ytimg.com/vi/H7AFRJVGhe4/hqdefault.jpg,,2026-03-15T09:32:18.552951
UidUOXuSJVU,Asla,Watan Sahi - Topic,UCSFD-FQpdAjdP7TmZLMKBng,2026-03-12T10:02:50Z,"Provided to YouTube by IIP-DDS

Asla · Watan Sahi · Syphr

Asla

℗ K Million Music

Released on: 2026-03-13

Mastering Engineer, Producer: Syphr
Music Publisher: GK Digital
Composer, Lyricist: Parwartanpreet Singh

Auto-generated by YouTube.",10,Music,PT2M7S,136981,3103,68,https://i.ytimg.com/vi/UidUOXuSJVU/hqdefault.jpg,Watan Sahi|Syphr|Asla,2026-03-15T09:32:18.552951
tfLk1xAFApU,LIVE 🛑GTA V  RACING STREAM WITH HIGH SPEED CARS !! #gta5  #gtav #gaming,KING SACHU,UCGD1fNwallNwZPRNNtASHQQ,2026-03-14T07:52:54Z,"#🔊#shortsfeed 
#granny2 
#granny 
#li#granny      
ve 
#livestream 
#livenews 
#grannylivestream 
#horrorgaming 
#horrorlivegames
#granny3  

#grannychaptertwohighlights 
#grannyhighlights 
#grannyfunnymoments 
#grannyshorts
#grannyboatescape 
#grannycarescape 
#grannygameplay 
#grannygamer 
#grannyfunnymoment  
#grannyhorrorstory 
#grannyhindi
#grannytechnogamerz   
#grannylive


Granny techno gamerz 
granny live insaan 
granny bbs
granny beastboyshub 
Granny live 
granny game live 
granny game",20,Gaming,PT59M6S,512770,2797,4,https://i.ytimg.com/vi/tfLk1xAFApU/hqdefault.jpg,,2026-03-15T09:32:18.552951
WgmARIX1Y5A,Madhuri Dixit 90's Song : Palki Mein Hoke Sawar Chali Re - Khal Nayak | Alka Yagnik | Evergreen Song,Geetmala,UCBDFovlO9Y8kGILL6v2aCSQ,2026-03-09T11:30:34Z,"Madhuri Dixit 90's Song : Palki Mein Hoke Sawar Chali Re - Khal Nayak | Alka Yagnik | Evergreen Song


#madhuridixit #alkayagnik #90severgreen #khalnayak #hindisong #bollywoodsongs 

Song Credits :
Song: Palki Mein Hoke Sawar Chali Re
Singer(s): Alka Yagnik
Music Director: Laxmikant-Pyarelal
Lyricist: Anand Bakshi

Movie Cast & Crew:
Movie Name : Khal Nayak (1993)
Producer: Subhash Ghai
Director: Subhash Ghai
Cast: Sanjay Dutt, Jackie Shroff, Madhuri Dixit, Raakhee, Anupam Kher

Lyrics:

Koi Rok",10,Music,PT7M45S,749418,1475,8,https://i.ytimg.com/vi/WgmARIX1Y5A/hqdefault.jpg,palki mein hoke sawar chali re|sanjay dutt songs|alka yagnik songs|main to apane saajan ke dwaar chali re|paalkhi mein hoke sawar chali re - khalnayak | alka yagnik | sanjay dutt u0026 madhuri dixit|palki pe hoke sawaar|palki pe hoke sawar chali re gana|madhuri dikshit ke gane|khalnayak songs|khalnayak movie songs|alka yagnik hit songs|madhuri dixit khalnayak songs|paalki pe hoke sawar chali re|madhuri dixit dance songs|koi rok sake to rok le khalnayak,2026-03-15T09:32:18.552951
tALBRb6L45g,"GodLike LOVE but SouL ROAST 😬💔 CRYING on Live BGIS?😭 | Full STORY & All SHOCKED Reaction, BGMI😍 OMG!",GamingNews15K,UCfI55Gu6Kj7Q6KplG50N0Rw,2026-03-14T17:49:40Z,"GodLike LOVE but SouL ROAST 😬💔 CRYING on Live BGIS?😭 | Full STORY & All SHOCKED Reaction, BGMI😍 

#Godlike #IQOOSoul #bgmi #jonathangaming #soulgoblin 

- Thanking you for Lovely Support

00:00 -   IQooSoul vs GodLike in BGIS, All Shocked reactions but
00:57  -   Jonathan vs Soul Goblin, Both POV in BGIS and Jonathan reply 
01:52  -   IQooSoul BANTER Godlike
02:31  -   Jonathan Badla from Team IQOOSoul and Audience reaction
03:05  -   Roman Aggressive, GodLike Jonathan reply after his Clip from ",22,People & Blogs,PT14M58S,50639,2782,318,https://i.ytimg.com/vi/tALBRb6L45g/hqdefault.jpg,Godlike vs IQOOSoul Full Controversy in 2026|Godlike showed love for IQOOSoul but they Roast|Jonathan gaming vs Soul goblin in 2026|Jonathan reply on 1v1 goblin|Jonathan 1v1 Goblin|Bgmi Players|Bgmi Team|Godlike Jonathan vs Soul goblin|8bit thug|all shocked reactions|crying on live|scout live bike accident|scout bike|scout shocking news|bgis 2026 grand finals|bgis 2026 semi finals|love but roast|love to roast,2026-03-15T09:32:18.552951
Poo_7YDMcqw,"भक्ति भजन : कर्पूर गौरम करुणावतारं, ॐ नमः शिवाय, शिव अमृतवाणी, चालीसा व आरती",Namo Bhakti Marg,UCfJxwC-qBpNt_pxhIwUzb8w,2026-03-09T22:30:07Z,"#कर्पूरगौरंकरुणावतारं #शिवअमृतवाणी #ShivBhaktiBhajan
सोमवार भक्ति भजन : कर्पूर गौरम करुणावतारं, ॐ नमः शिवाय, शिव अमृतवाणी, चालीसा व आरती
सोमवार भक्ति भजन : कर्पूर गौरम करुणावतारं, ॐ नमः शिवाय, शिव अमृतवाणी, चालीसा व आरती

#कर्पूरगौरंकरुणावतारं 
#शिवअमृतवाणी 
#ShivBhaktiBhajan
#KarpuramGauram
#ShivDhun
#OmNamahShivay
#ShivBhajan
#ShivPrarthana
#शिवआरती
#सोमवारभक्तिभजन
#ॐनमःशिवाय 
#कर्पूरगौरंकरुणावतारं
#शिवअमृतवाणी  
#ShivBhajanSangrah
#Devotionalsong
#ShivHindiBhajan
#NonstopShivBhajan
#ShivStuti",10,Music,PT59M31S,68441,426,25,https://i.ytimg.com/vi/Poo_7YDMcqw/hqdefault.jpg,KARPURAM GAURAM|Om Mangalam Omkar Mangalam|Shiv Dhuni|Nonstop Shiv Bhajans|नॉनस्टॉप शिव भजन|ॐ नमः शिवाय|कर्पूर गौरम करुणावतारं|शिव अमृतवाणी|सोमवार भक्ति भजन|Shiv Mantra|शिव आरती|Om Namah Shivay|Shiv Dhun|Om Jai Shiv Omkara|Shiv Ji Ke Bhajan|Karpur Gauram Karunavtaram|Mahima Shiv Ki|Shiv Puran|Nonstop Shiv Mantra|Shiv Mahamantra|Shiv Chanting|Shiv Ji Ke Nonstop Bhajan|Shiv Bhakti Song|Shiv Tandav Stotram|Shiv Rudrashtakam|Shambhu Stuti,2026-03-15T09:32:18.552951
Hvd7wshpHek,Franklin and Shinchan Found a Secret Room Inside Chop’s House! | GTA 5 Bangla Gameplay,Believer Plays Bangla,UCPzm5ZPe5_Trw6EvDVPyZlA,2026-03-14T04:30:11Z,"In this GTA 5 Bangla gameplay, Franklin and Shinchan discover a secret room hidden inside Chop’s house.  
Inside the room, they find amazing surprises and mysterious items.  
Watch the full video to see what they find in this secret room!

#believerplaysbangla
#gta5bangla
#gta5mods
#shinchangta5",20,Gaming,PT18M39S,149427,0,32,https://i.ytimg.com/vi/Hvd7wshpHek/hqdefault.jpg,secret room gta5|chop house secret room|franklin shinchan secret room|gta5 bangla gameplay|believer plays bangla|gta5 kids video|gta5 mystery gameplay|gta5 hidden room|gta5 fun gameplay|gta5 mods bangla|secret base gta5|shinchan cartoon|shinchan bangla episode|franklin bangla|bengal yt|mer reo|bong gamer|gta pendu|theglobalgta|somen vai gaming|mr xpart gta|shinchan secret room,2026-03-15T09:32:18.552951
DiwtyRqbevs,"Tuition Badmashi Kaa - Hemant Faujdar, Kiran, Masoom Sharma, Manisha Sharma, Ajay Dhankhar, AmanJaji",Black Moon Films ,UCXtVZPXN4UD-jMYfDvUrr_w,2026-03-14T09:30:07Z,"Tuition Badmashi Kaa - Hemant Faujdar, Kiran Brar, Masoom Sharma, Manisha Sharma,  Aman Jaji, Ajay Dhankhar, Narender Jaji, Zipsi Studio, Saya Films.

Singer: Masoom Sharma, Manisha Sharma
Lyrics: Ajay Dhankhar
Music/Composer: Aman Jaji

#tuitionbadmashikaa  #desirecords  #haryanvi  


Black Moon Films Presents Tuition Badmashi Kaa penned by Ajay Dhankhar, performed by Mr. Hemant Faujdar & Miss Kiran Brar, sung by Mr. Masoom Sharma, Miss Manisha Sharma Ji, harmony by Mr. Aman Jaji, lived by Mr. ",10,Music,PT7M22S,14519,133,5,https://i.ytimg.com/vi/DiwtyRqbevs/hqdefault.jpg,Tuition Badmashi Kaa|Hemant Faujdar|Kiran|Masoom Sharma|Manisha Sharma|Ajay Dhankhar|AmanJaji|tuitionbadmashikaa|desirecords|TuitionBadmashiKaa|haryanvi|Diet Teri Ka Raaz Bata Kyun Mare Khoon Ubada Re|Tere Yaar Ne Khola Centre Tuition De Badmashi Ka|Hoo Diet Teri Ka Raaz Bata|Na Chalda Tera Business Koi Na Job Ter Sarkari Hai|New Haryanvi Song 2025|Masoom Sharma Song|Latest Haryanvi Song|tuition badmashi kaa|masoom sharma|hemant faujdar,2026-03-15T09:32:18.552951
mNFJqMNimmI,NEW SEASON CSR 😎 PUSH TO TOP 1 GRANDMASTER 😎👽 #shorts #shortsfeed #shortslive #raistar #freefire,GW KARAN,UCEkRH-ggDg9nVff3eyrAMLA,2026-03-15T02:51:22Z,"NEW SEASON CSR 😎 PUSH TO TOP 1 GRANDMASTER 😎👽 #shorts #shortsfeed #shortslive #freefire #raistar 

DISCLAIMER
 :- THIS CHANNEL DOES NOT PROMOTE ANY TYPE OF ILLEGAL, OFFENSIVE, AND VIOLENCE CONTENT. ALL CHARACTERS AND EVENTS DEPICTED IN THIS VIDEO ARE ENTIRELY FICTITIOUS ALL CONTENT PROVIDED BY THIS CHANNEL IS MEANT FOR ENTERTAINMENT ONLY

Tags : 
#freefire #freefirehighlights #freefiregaaraff
#freefireconta #spas12 #aimbotfreefire #hackfreefire #sho
They think I'm an Emulatortgunhandcam #shotgun",20,Gaming,PT1H12M20S,150146,1570,0,https://i.ytimg.com/vi/mNFJqMNimmI/hqdefault.jpg,,2026-03-15T09:32:18.552951
GYAWaeSle70,Enga Vechi Podhachita - Video Song | Thaai Kizhavi | Radikaa | Sivakumar Murugesan |Nivas K Prasanna,Saregama Tamil,UCzee67JnEcuvjErRyWP3GpQ,2026-03-13T12:30:18Z,"For more latest songs & videos, subscribe 👉 https://bit.ly/Saregama_Tamil

Presenting the video song ""Enga Vechi Podhachita"" from ""Thaai Kizhavi"" starring Radikaa Sarathkumar, Singam Puli, Arul Doss, Bala Saravanan, Munishkanth, Ilavarasu, George Maryan, Muthukumar, Raichal Rabecca and others. Directed by Sivakumar Murugesan. Music Composed by Nivas K Prasanna

Song Credits: 
Enga Vechi Podhachita
Song Composed, Arranged and Programmed by Nivas K Prasanna
Singers : Nivas K Prasanna & Arunraja Ka",10,Music,PT4M34S,105982,692,19,https://i.ytimg.com/vi/GYAWaeSle70/hqdefault.jpg,,2026-03-15T09:32:18.552951
pnqzJMAqGs0,🔴LIVE: Zoonomaly Horror Gameplay ||  Let’s play Together! || BOBIGamingYT Live Stream,BOBIGamingYT,UC2bJUWfCBhCFCeqljPx-3EQ,2026-03-14T05:57:36Z,"zoonomaly
zoonomaly game
zoonomaly horror game
zoonomaly gameplay
zoonomaly full game
zoonomaly walkthrough
zoonomaly playthrough
zoonomaly jumpscare
zoonomaly scary game
zoonomaly indie horror
zoonomaly zoo horror
zoonomaly monsters
zoonomaly steam game
horror zoo game
new horror game 2025",20,Gaming,PT1H51M8S,413971,6997,1,https://i.ytimg.com/vi/pnqzJMAqGs0/hqdefault.jpg,,2026-03-15T09:32:18.552951
hgsvk3Xk2GY,#न्यू चैती छठ पूजा स्पेशल परम्परिक गीत 2026 🌺🌺 | Chaiti Chhath Puja Special Geet | Chhath Geet 2026,Raftar Bhakti Bhajan,UCDd-FUP8k3ngdpODEoo589w,2026-03-10T23:50:00Z,"#न्यू चैती छठ पूजा स्पेशल परम्परिक गीत 2026 🌺🌺 | Chaiti Chhath Puja Special Geet | Chhath Geet 2026
#न्यू चैती छठ पूजा स्पेशल परम्परिक गीत 2026 🌺🌺 | Chaiti Chhath Puja Special Geet | Chhath Geet 2026
#न्यू चैती छठ पूजा स्पेशल परम्परिक गीत 2026 🌺🌺 | Chaiti Chhath Puja Special Geet | Chhath Geet 2026


#ChhathPujaSong2026
#ChhathGeet2026
#ChhathKeGana
#ParamparikChhathGeet
#ChhathDjSong
#BhojpuriChhathGeet
#ChhathiMaiya
#ChhathSpecial2026
#ChhathNonstop 
#ChhathPujaSong2026
#ChhathGeet2026 
#Chhat",22,People & Blogs,PT53M11S,94649,701,7,https://i.ytimg.com/vi/hgsvk3Xk2GY/hqdefault.jpg,chaiti chhath geet|chaiti chhath geet 2025|chaiti chhath geet 2023|chaiti chhath puja geet|chaiti chhath geet jukebox|anshu priya chaiti chhath geet|chaiti chhath puja vrat geet|chaiti chhath geet jukebox 2025|chaiti chhath puja special geet|chaiti chhath|chhath geet|chaiti chhath 2025|chaiti chhath 2022|devi chhath geet|chaiti chhath ke gana|chaiti chhath kab hai|chhath hit geet|new chhath geet|chaiti chhath puja song|chaiti chhath geet 2026|chhath,2026-03-15T09:32:18.552951
sznFyqxAAqU,NEW SKYBLOCK SURVIVAL SERIES!,Sudhy,UCri0SpxtTokoTEybVjj91SQ,2026-03-14T12:43:32Z,"ഈ സീരീസ് തുടക്കംമുതൽ കാണുവാൻ ഈ പ്ലേയ്‌ലിസ്റിൽ ക്ലിക്ക് ചെയ്യൂ 
To watch this series from the beginning click this link https://www.youtube.com/playlist?list=PL-7eoCdThR8WQwp4gPBAxz2bur5UbBDpn

-My Specs-
Apple Mac Mini M4
Mouse - Logitech MX Master 4
Keyboard - Logitech MX Mechanical Mini
Microphone - Maono AU-HD300T
Recording - OBS
Editing - DaVinci Resolve (Free version)
Thumbnail - GIMP",20,Gaming,PT17M6S,26914,3617,427,https://i.ytimg.com/vi/sznFyqxAAqU/hqdefault.jpg,minecraft malayalam,2026-03-15T09:32:18.552951
P0q4nKwYeSw,Dhir Dhir Tillana,Release - Topic,UC3fDThtlZn6Do4UZGY6cbyw,2026-03-10T12:59:20Z,"Provided to YouTube by Aananda Audio Visual

Dhir Dhir Tillana · S.P.Balasubrahmanyam · K.S.Chitra

Mangalyam Tantunaanena

℗ 2019 Aananda Audio Video

Released on: 2026-03-10

Actor: V.Ravichandran
Actor: Ramya Krishnan
Playback Singer: S.P.Balasubrahmanyam
Playback Singer: K.S.Chitra
Film Director: V.S.Reddy
Music Director: V.Manohar
Composer: V.Manohar
Lyricist: K.Kalyan
Music Publisher: Aananda Audio Video

Auto-generated by YouTube.",10,Music,PT5M12S,45372,99,0,https://i.ytimg.com/vi/P0q4nKwYeSw/hqdefault.jpg,S.P.Balasubrahmanyam|K.S.Chitra|Mangalyam Tantunaanena|Dhir Dhir Tillana,2026-03-15T09:32:18.552951
JOPmUwQnmSI,I Survived a Day as BIGFOOT in The Forest!! Bigfoot Life ,NoobMaster,UCYkCpBopxXdtFCDlDZMXO-w,2026-03-14T12:30:34Z,"➤ Thankz for watching my video make sure that to subscribe my channel    

➤ Instagram: https://instagram.com/noobmasterwastaken

➤ For Business enquiries: contactnoobmaster@gmail.com

➤ My other Channels @NOOBMASTERYT2.0  @Nooblox-YT",20,Gaming,PT21M24S,33435,2144,315,https://i.ytimg.com/vi/JOPmUwQnmSI/hqdefault.jpg,,2026-03-15T09:32:18.552951
eu9lIrbx_j0,Owais Raza Qadri || Alvida Alvida Mahe Ramzan || Official Video || Old Is Gold Naatein,Old is Gold Naatein,UChVahWE0X5nP4DsM0BY4ASA,2026-03-14T00:00:48Z,"#OwaisRazaQadri #OldIsGoldNaatein
The channel ""Old is Gold Naatein"" is owned by Heera Media.

Heera Media will be uploading their all old released and unreleased material on ""Old is Gold Naatein"", you will see lots of videos that Heera Media haven't released on any of the channels, videos will be exclusive to this channel only.",22,People & Blogs,PT12M40S,79349,1026,45,https://i.ytimg.com/vi/eu9lIrbx_j0/hqdefault.jpg,Owais Raza QadriAlvida Alvida Mahe Ramzan|old kalam|old naat|kalams|Owais Raza Qadri kalams|Owais Raza Qadri old kalam|Owais Raza Qadri old naat|Owais Raza Qadri naats|old is gold|super hit kalam|official video|Owais Raza Qadri new naat|Owais Raza Qadri new naat 2026|new naat 2026|naat|naat shareef|naats|new kalam|Alvida Alvida,2026-03-15T09:32:18.552951
X4OjrIE0R9w,FFKPrasanth On Live 😉  | | free fire rank push😱😨 ff live tamil #fftamil #freefiretamil #ffkprasanth,FFK Prasanth Live ,UCgvNnji1AmqtnCWXZGVDa6g,2026-03-14T15:45:19Z,"🔴 FFK PRASANTH is on Live  Free fire live Tamil  Free fire Live தமிழ்  ff live tamil   Ff live தமிழ் || Custom room match live 
Hey guys 👋 Welcome t🔴 FFK PRASANTH is on Live  Free fire live Tamil  Free fire Live தமிழ்  ff live tamil   Ff live தமிழ் || Custom room match live 
Hey guys 👋 Welcome to the live stream. Give your love and support ✌️ Daily evening 7 pm live room match and Unlimited room cards.  Join and play with me 😉 Do like , share and subscribe 🔔. 

📍My uid : 1053632945
📍Guild id : 1",20,Gaming,PT3H27M8S,80306,2997,5,https://i.ytimg.com/vi/X4OjrIE0R9w/hqdefault.jpg,FREE FIRE TAMIL|FF LIVE TAMIL|FFKPRASANTH|TAMIL FREE FIRE|LIVE FF TAMIL|FREE FIRE MAX TAMIL|FFK PRASANTH SHORTS|SRM,2026-03-15T09:32:18.552951
hWtkufW1l_8,रोटिया बेलही के परी | Srishti Bharti | 4K Video | Rotiya Belahi Ke Pari | Bhojpuri Video Song 2026,MTR Express,UCD6iIhsQ1PtCR6Snye4l9Xg,2026-03-07T01:00:51Z,"रोटिया बेलही के परी | Srishti Bharti | 4K Video | Rotiya Belahi Ke Pari | Bhojpuri Video Song 2026
रोटिया बेलही के परी | Srishti Bharti | 4K Video | Rotiya Belahi Ke Pari | Bhojpuri Video Song 2026
___________________________________________________________
👉  Trade Enquiry :-  +91 9576283082
👉  Head Office :- +91 9217667792
👉  For Trade Inquiry email on : info@maatararecords.com
___________________________________________________________
► Thanks For Watching Our  Channel.
► Have A Nice Day ...",10,Music,PT3M15S,408520,1439,18,https://i.ytimg.com/vi/hWtkufW1l_8/hqdefault.jpg,maa tara records|srishti bharti|srishti bharti new song|srishti bharti bhojpuri song|srishti bharti ke gana|srishti bharti song|srishti bharti ka song|srishti bharti hit song|srishti bharti new gana|srishti bharti ka gana|srishti bharti all song|new bhojpuri song|रोटिया बेलही के परी|srishti bharti Rotiya Belahi Ke Pari|Rotiya Belahi Ke Pari srishti bharti|Rotiya Belahi Ke Pari|srishti bhatia viral song|srishti bharti bhojpuri song 2026|new bhojpuri song 2026,2026-03-15T09:32:18.552951
r8zFk7Fvccw,BGIS VLOG DAY 1 | ZGOD ft @GodLikeEsportss ,ZGOD GAMING,UCfhVJhlbNp1y7X8sI1CUbHA,2026-03-13T09:51:09Z,,20,Gaming,PT13M24S,141556,14331,309,https://i.ytimg.com/vi/r8zFk7Fvccw/hqdefault.jpg,,2026-03-15T09:32:18.552951
o2O5zld368E,Dinda Samay Bhar  Bechon | Happy Sarhul | New Kurukh Song | Singer Pawan Roy & Jyoti Sahu,Sangi Production,UC3WPnoLJ_lAJUIFnq5yX3kA,2026-03-13T01:48:32Z,"#pawanroynagpuri #jyotisahu #happysarhul
Dinda Samay Bhar  Bechon | Happy Sarhul kurukh Song | Singer Pawan Roy & Jyoti Sahu


Song Credits :-

Song : Dinda Samay Bhar  Bechon 
Artist : Dinesh Deva & Ankita Beck  
Composed by : Bicki Oraon 
Lyrics by : Shankar Oraon
Song Recorded : Bicki Oraon Recording Studio 
Mix & Mastered : Bicki Oraon Recording Studio 
Level : Sangi Production

Video Credits :-

Featuring : Dinesh Deva & Ankita Beck  
Director/Choreography : Manish Oraon
Producer : Shiv Cha",10,Music,PT5M24S,48641,1255,75,https://i.ytimg.com/vi/o2O5zld368E/hqdefault.jpg,Dinda Samay Bhar Bechon|Happy Sarhul kurukh Song|Singer Pawan Roy & Jyoti Sahu|dineshdevanagpurisong|pawan roy new nagpuri song 2026|dinesh deva nagpuri video|dinesh deva ka gana|dinesh deva kudrukh song|sarhul song|sarhul song 2026|sarhul song 2026 kurukh|sarhul song kurukh nagpuri|sarhul song kurukh new|Pawan roy & jyoti sahu New kudukh song 2025|sarna bhajan|bhakti song|tribal folk song|sangi production ka ganna,2026-03-15T09:32:18.552951
w7l-rzOWNps,Granny Live! Intense 🔥Escape Room Gameplay || Granny Jumpscares! ||granny legacy #granny #live,KAAL BHAIRAV .9,UCKBLZyJkj3dt-IDj54cSJtQ,2026-03-14T10:27:50Z,"Granny Live! Intense 🔥Escape Room Gameplay || Granny Jumpscares! ||granny legacy #granny #live 


#granny#ive 
#grannygameplay 
#granny1 
#granny2 
#granny3 
#shortsfeed 

Join me for a heart-pounding live playthrough of the infamous horror game, Granny! I'm attempting to escape her house for the very first time, and the tension is REAL.
Watch my complete, unedited attempt to solve the puzzles and find the keys to escape before Granny gets me. This gameplay captures every mistake, every close ca",20,Gaming,PT1H8M28S,819594,2562,0,https://i.ytimg.com/vi/w7l-rzOWNps/hqdefault.jpg,granny|granny1,2026-03-15T09:32:18.552951
bBKNNnYgg9U, New Song 2026 | Dil Ki Khamoshi | Aryan Khan | Rashmika M. | New Hindi Song | Romantic Song 2026,Prakash Jojawar,UCigy0uZUtH6V2PAYHftQ4Qg,2026-03-12T02:27:24Z,"New Song 2026 | Ishq ka Nasha | Aryan Khan | Janhvi Kapoor | New Hindi Song | Romantic Song 2026


New Song | Kinna Sona Banaya | Aryan Khan | Rashmika Mandanna | New Hindi Song | Romantic Song 2026


New Song | Dil Deewana Ho Gaya | Aryan Khan | Anniya Pandey | New Hindi Song | Romantic Song 2026


New Song | Pehli Nazar Ka Pyaar | Aryan Khan | Disha Patani | New Hindi Song | Romantic Song 2026


New Song | Teri Dillagi Ko Hum | Aryan Khan | Disha Patani | New Hindi Song | Video | New Song 2025",10,Music,PT4M31S,476031,2968,38,https://i.ytimg.com/vi/bBKNNnYgg9U/hqdefault.jpg,new song 2025|new hindi song|romantic song hindi|romantic love song|video song|new hindi song 2025|hindi new song 2025|hindi video song 2025|new song 2025 hindi|video song hindi|aryan khan|aryan khan songs|aryan khan new songs|disha patani|disha patani songs|disha patani new songs|teri dillagi ko hum|teri dillagi ko hum new song|love song|hindi love song|hindi gaane|naye hindi gaane,2026-03-15T09:32:18.552951
j56naAiJzJU,🔴[Live Free Fire New Rank Season Rank Push Live !! Goldmedal Pennem Star is Back,MADHU PENNEM GAMING,UC2xkhhnMRcYkYXeq9off7RQ,2026-03-14T15:47:58Z,"#freefire #live #shortslive
#freefire #live #shortslive #rankpush #rankpushlive #freefireindia #freefirelive  #freefiremax #shortsfeed  !!",20,Gaming,PT4H38M48S,129158,3722,0,https://i.ytimg.com/vi/j56naAiJzJU/hqdefault.jpg,free fire live|free diamonds|free fire max|free fire telugu|free fire br rank push|grndamster rank push|grandmaster rank push top 1,2026-03-15T09:32:18.552951
qUbv25csvlA,#Video | साड़ी के मोतीया |#Deepak Raj Yadav | #Shristi Bharti | Sadi Ke Motiya | 2026 ,DEEPAK RAJ YADAV OFFICIAL,UCzMeS6sf5w-LUgMG5IOQxjg,2026-03-13T05:34:29Z,"➤Album :-  
➤Song  :-  
➤Singer :-  Deepak Raj Yadav 
➤Lyrics  :-   Bimla Kumari
➤Music :   Mohan Pandit 
➤Video Director:- Yadav Rohit 
➤ Feat:- Khushi Roy,Deepak Raj Yadav 
➤Maneger :- Ankit Ahir 
➤Company/Lable:- Deepak Raj Yadav Official _____________________________________________________________
Digital Head :-  Nitya Yadav 
Digital Manager :- 
Digital Patner  :-  SKS Digital Network 
_____________________________________________________________
►About Me Visit My Website :
►Fallow Me 
►F",10,Music,PT3M45S,89500,3825,114,https://i.ytimg.com/vi/qUbv25csvlA/hqdefault.jpg,Deepak Raj Yadav|Deepak Raj Ka Jhumta Gana|Deepak Raj Ka New Jhumta Song|Motiya Jhari Gel|Sadi Ke Motiya|Sadi Ke Motiya Bhai ji|Sadi Ke Motiya Jhari Gel Bhai Ji|Bhojpuri Song Shrishti Bharti|Shrishti Bharti New Song|New Khortha Jhumta Song|New Jhumta Song 2026|Deepak Raj Ke Gana|Deepak raj ka gana|Pagla pagli|Bhai Ji New Song 2026|Motiya Jhari Gel Jhumta Song|Sadi Ke Motiya wala gana,2026-03-15T09:32:18.556570
SFf7hlu3PZU,Franklin Turns Into a Giant - GTA 5,Mask Girl Gaming,UCSsZCiaWMRqEo8ERBy3FHtw,2026-03-14T09:07:53Z,"#gta5 #gtavgameplay #gaming

Franklin Turns Into a Giant Monster - GTA 5

Hello guys, in this video,Mega Giant Franklin Destroys Everything In GTA 5, So I hope you like it!
DON'T FORGET TO LIKE, COMMENT AND SHARE, SUBSCRIBE ❤️

Instagram:
https://www.instagram.com/mask_girl_gaming/

Previous Video:
https://youtu.be/9Z-HguBNatk

GTA V Franklin and Shinchan
gta 5 Monster
Avanger & DC in gta5

#gta5 #gtav #gta5mods",20,Gaming,PT14M46S,23779,457,32,https://i.ytimg.com/vi/SFf7hlu3PZU/hqdefault.jpg,gta|gtav|gta5gameplay|gta5mods|gta5facts|gta5girlgamer|gta5malayalam|gtavgameplay|gta5 video|viralvideo|trendingvideo|gtasanandreas|gtavicecity|gta4|gta5rp|gta6|gta 5|Naruto mod|Naruto anime|gta5 new video|gta5 Franklin video|Franklin|Shinchan|Franklin shinchan in gta5|hidden leaf village|Monster gta5|Naruto powers|gta5 shinchan video|gta5 funny moment|funny|gta5 thuglife|gta5 malayalam youtubers|mask girl gaming|mask girl|gtav funny video|Moon|Gaint franklin,2026-03-15T09:32:18.556570
cqsuoNjKsSo,अलविदा अलविदा माहे रमजान | Alvida Alvida Mahe Ramzan | Heart Touching Kalam 2026 | Faizan Taj,Taj Gulshan Islamic,UCBxBMBmDf38cKwXBSe3L4rA,2026-03-13T02:00:00Z,"अलविदा अलविदा माहे रमजान | Alvida Alvida Mahe Ramzan | Heart Touching Kalam 2026 | Faizan Taj | Taj Gulshan Islamic

🌙 Alvida Alvida Mahe Ramzan 2026 🌙
🎶 “Alvida Alvida Mahe Ramzan”
🎤 Faizan Taj ki pur-asr awaaz me pesh ek heart touching Ramzan special kalam 🤲

SONG - Alvida Alvida Mahe Ramzan
ALBUM - अलविदा अलविदा माहे रमजान
SINGER - Faizan Taj
MUSIC - Vikas Borkar
AUDIO RECORD - Audio City Nagpur 
SHOOT BY - Sajid Ashrafi
DIRECTOR & PRODUCER - Sufi Wasim Khan Taji
Label :- Taj Gulshan Islamic
",10,Music,PT6M44S,231022,1431,25,https://i.ytimg.com/vi/cqsuoNjKsSo/hqdefault.jpg,अलविदा अलविदा माहे रमजान|alvida alvida mahe ramzan|alvida jumma status|alvida jumma mubarak|alvida alvida|alvida ramzan naat|alvada mahe ramzan|alwada alwada mahe ramzan|ramadan alvida 2026|ramzan alvida jumma mubarak|taj gulshan islamic|ramzan alvida song 2026|alvida mahe ramzan|alvida alvida mahe ramzan naat|ramzan naat new 2026|ramzan alvida song|faizan taj qawali|alvida mahe ramzan status|अलविदा माहे रमजान|ramzan alvida|alvida alvida rehmate kibriya,2026-03-15T09:32:18.556570
Ag5NHyiODZM,CHANCE TO WIN FREE DIAMONDS 💎 Free Fire Max,STAR GAMERS,UCvh0vLzlZ8fFoedB6O3vluw,2026-03-14T16:45:25Z,"Hey! Download money earning app Rupiyo https://rupiyo.app/referral?userId=6b0644e4-d14a-4fc8-9964-049d9b0bf319&userName=SONU+BHAI+YT&referralCode=BYT3IT Use my Referral Code: BYT3IT while signing up and earn bonus points as you complete the offers.

Instagram
https://www.instagram.com/stargamers97?igsh=cWRtamQxajdvanhi&utm_source=qr

Whatsapp Group ►https://whatsapp.com/channel/0029VaBeI6h42DcdFrPY973H

Vlog Channel ►https://youtube.com/@vlogstar-g

Second Channel ► https://youtube.com/@stararmy",20,Gaming,PT5M13S,38816,4871,252,https://i.ytimg.com/vi/Ag5NHyiODZM/hqdefault.jpg,garena free fire|free fire|free fire new event|free fire new update|star gamers|star gamer|holi event free fire|holi event free fire 2026|new holi event free fire|ramadan event free fire|ramadan event free fire 2026|beat carnivar event ff|free fire beat carnival event|free diamond mission free fire,2026-03-15T09:32:18.556570
BYstnEX2JqE,Sadi Ke Motiya Jhari Gel Singer Bhai Ji & Shrishti Bharti New Khortha Song Mix Dj Rajhans Jamui,Dj Rajhans Jamui No1,UCW-M2o_vnS1JxCzINgbBq4g,2026-03-11T01:00:13Z,"Sadi Ke Motiya Jhari Gel Singer Bhai Ji & Shrishti Bharti New Khortha Song Mix Dj Rajhans Jamui
▬▬▬▬▬▬▬▬▬ஜ۩۞۩ஜ▬▬▬▬▬▬▬ 
Open This Description 
➓☞ ►DJ Mp3 Link Download ÷👇 
 https://blasterdj.in/sadi-ke-motiya-jhari-gel-singer-bhai-ji-shrishti-bharti-new-khortha-song-mix-dj-rajhans-jamui

#djrajhans 
#sadi_ke_motiya
#sadi_ke_motiya_jhari_gel
#sadi_ke_motiya_jhari_gel_bhai_ji_shrishti_bharti
#sadi_ke_motiya_jhari_gel_djsong
#sadi_ke_motiya_jhari_gel_djremix
#sadi_ke_motiya_jhari_gel_viral_song
#sad",10,Music,PT3M8S,435308,5116,57,https://i.ytimg.com/vi/BYstnEX2JqE/hqdefault.jpg,sadi ke motiya jhari gel dj song|sadi ke motiya wala gana|shrishti bharti new song|shrishti bharti viral song|sadi ke motiya jhari gel bhai ji new song|ashish yadav new song|raushan rohi new song,2026-03-15T09:32:18.556570
I6P23erF4JA,UPGRADING My ANIMAL Until I Get 99 WINS in ROBLOX !,GT Blox,UCXWQbzwvAiFqOU7XW1-v5bw,2026-03-14T14:29:27Z,"UPGRADING My ANIMAL Until I Get 99 WINS in ROBLOX !
Follow on Instagram : https://www.instagram.com/game_therapist_yt/",20,Gaming,PT30M22S,21736,1087,83,https://i.ytimg.com/vi/I6P23erF4JA/hqdefault.jpg,UPGRADING My ANIMAL Until I Get 99 WINS in ROBLOX !|roblox|roblox gameplay|roblox gaming|roblox race|roblox racing game|roblox animal race|roblox animal upgrade|upgrading animals roblox|roblox simulator|roblox challenge|roblox funny moments|roblox winning races|roblox trending|roblox kids gameplay|roblox adventure|roblox funny gameplay|roblox fast race|roblox speed run|roblox race challenge|roblox pro gameplay|roblox gaming video|roblox win challenge,2026-03-15T09:32:18.556570


